m,n,R,s,seed,det_mod997,rm_rows
2,2,1,0,0,519,[]
2,2,1,1,0,1,[0]
2,2,2,2,0,491,[]
2,3,2,0,0,932,[]
2,3,2,1,0,122,[2]
2,3,2,2,0,491,[1 2]
2,3,3,3,0,924,[]
2,4,3,0,0,266,[]
2,4,3,1,0,937,[5]
2,4,3,2,0,397,[4 5]
2,4,3,3,0,924,[2 4 5]
2,4,4,4,0,768,[]
3,3,3,0,0,458,[6 7 8]
3,3,4,1,0,477,[]
3,3,4,2,0,572,[8]
3,3,4,3,0,965,[7 8]
3,3,4,4,0,292,[5 7 8]
2,5,4,0,0,144,[]
2,5,4,1,0,499,[9]
2,5,4,2,0,705,[8 9]
2,5,4,3,0,990,[7 8 9]
2,5,4,4,0,233,[6 2 8 9]
2,5,5,5,0,166,[]
2,6,5,0,0,461,[]
2,6,5,1,0,131,[14]
2,6,5,2,0,229,[13 14]
2,6,5,3,0,153,[12 13 14]
2,6,5,4,0,714,[11 12 13 14]
2,6,5,5,0,989,[ 8 11  2 13 14]
2,6,6,6,0,770,[]
3,4,5,0,0,863,[15 16 17]
3,4,5,1,0,417,[14 15 16 17]
3,4,5,2,0,569,[13 14 15 16 17]
3,4,6,3,0,66,[]
3,4,6,4,0,206,[17]
3,4,6,5,0,859,[16 17]
3,4,6,6,0,823,[15 16 17]
2,7,6,0,0,488,[]
2,7,6,1,0,926,[20]
2,7,6,2,0,126,[19 20]
2,7,6,3,0,744,[18 19 20]
2,7,6,4,0,411,[17 18 19 20]
2,7,6,5,0,908,[16 17 18 19 20]
2,7,6,6,0,255,[ 9  4 17 14 19 20]
2,7,7,7,0,930,[]
2,8,7,0,0,629,[]
2,8,7,1,0,636,[27]
2,8,7,2,0,496,[26 27]
2,8,7,3,0,691,[25 26 27]
2,8,7,4,0,867,[24 25 26 27]
2,8,7,5,0,239,[23 24 25 26 27]
2,8,7,6,0,895,[ 4 23 24 25 26 27]
2,8,7,7,0,754,[21  4 11 24 17 26 27]
2,8,8,8,0,623,[]
3,5,7,0,0,767,[28 29]
3,5,7,1,0,553,[27 28 29]
3,5,7,2,0,77,[26 27 28 29]
3,5,7,3,0,114,[25 26 27 28 29]
3,5,7,4,0,342,[23 25 26 27 28 29]
3,5,7,5,0,918,[23 24 25 26 27 28 29]
3,5,8,6,0,981,[]
3,5,8,7,0,636,[29]
3,5,8,8,0,876,[28 29]
4,4,8,0,0,760,[]
4,4,8,1,0,307,[35]
4,4,8,2,0,938,[34 35]
4,4,8,3,0,58,[33 34 35]
4,4,8,4,0,9,[32 33 34 35]
4,4,8,5,0,502,[31 32 33 34 35]
4,4,8,6,0,157,[30 31 32 33 34 35]
4,4,8,7,0,133,[29 30 31 32 33 34 35]
4,4,8,8,0,345,[28 29 30 31 32 33 34 35]
4,4,9,9,0,876,[]
2,9,8,0,0,923,[]
2,9,8,1,0,19,[35]
2,9,8,2,0,821,[34 35]
2,9,8,3,0,914,[33 34 35]
2,9,8,4,0,845,[32 33 34 35]
2,9,8,5,0,170,[31 32 33 34 35]
2,9,8,6,0,592,[30 31 32 33 34 35]
2,9,8,7,0,370,[29 20 31 32 33 34 35]
2,9,8,8,0,846,[25 29 20 14 32  2 34 35]
2,9,9,9,0,304,[]
2,10,9,0,0,846,[]
2,10,9,1,0,721,[44]
2,10,9,2,0,270,[43 44]
2,10,9,3,0,976,[42 43 44]
2,10,9,4,0,879,[41 42 43 44]
2,10,9,5,0,579,[40 41 42 43 44]
2,10,9,6,0,776,[39 40 41 42 43 44]
2,10,9,7,0,480,[38 39 40 41 42 43 44]
2,10,9,8,0,712,[37 38 22 40 41 42 43 44]
2,10,9,9,0,101,[ 8 29 38 23 34 41 16 43 44]
2,10,10,10,0,323,[]
3,6,9,0,0,163,[]
3,6,9,1,0,955,[44]
3,6,9,2,0,601,[43 44]
3,6,9,3,0,165,[42 43 44]
3,6,9,4,0,810,[41 42 43 44]
3,6,9,5,0,897,[40 41 42 43 44]
3,6,9,6,0,559,[39 40 41 42 43 44]
3,6,9,7,0,190,[38 39 40 41 42 43 44]
3,6,9,8,0,841,[37 38 39 40 41 42 43 44]
3,6,9,9,0,177,[36 37 38 39 40 41 42 43 44]
3,6,10,10,0,691,[]
2,11,10,0,0,519,[]
2,11,10,1,0,574,[54]
2,11,10,2,0,386,[53 54]
2,11,10,3,0,630,[52 53 54]
2,11,10,4,0,97,[51 52 53 54]
2,11,10,5,0,964,[50 51 52 53 54]
2,11,10,6,0,861,[49 50 51 52 53 54]
2,11,10,7,0,231,[48 49 50 51 52 53 54]
2,11,10,8,0,13,[47 48 49 50 51 52 53 54]
2,11,10,9,0,568,[14 47 48 16 50 51 52 53 54]
2,11,10,10,0,541,[ 9 26 33 48 16 39 51 44 53 54]
2,11,11,11,0,149,[]
4,5,10,0,0,128,[55 56 57 58 59]
4,5,10,1,0,4,[54 55 56 57 58 59]
4,5,10,2,0,939,[53 54 55 56 57 58 59]
4,5,10,3,0,85,[52 53 54 55 56 57 58 59]
4,5,10,4,0,781,[51 52 53 54 55 56 57 58 59]
4,5,10,5,0,741,[50 51 52 53 54 55 56 57 58 59]
4,5,11,6,0,387,[]
4,5,11,7,0,511,[59]
4,5,11,8,0,414,[58 59]
4,5,11,9,0,488,[57 58 59]
4,5,11,10,0,918,[56 57 58 59]
4,5,11,11,0,978,[55 56 57 58 59]
3,7,10,0,0,975,[55 56 57 58 59 60 61 62]
3,7,10,1,0,387,[54 55 56 57 58 59 60 61 62]
3,7,10,2,0,117,[53 54 55 56 57 58 59 60 61 62]
3,7,11,3,0,164,[]
3,7,11,4,0,54,[62]
3,7,11,5,0,356,[61 62]
3,7,11,6,0,776,[60 61 62]
3,7,11,7,0,412,[59 60 61 62]
3,7,11,8,0,782,[58 59 60 61 62]
3,7,11,9,0,329,[57 58 59 60 61 62]
3,7,11,10,0,599,[56 57 58 59 60 61 62]
3,7,11,11,0,277,[55 56 57 58 59 60 61 62]
2,12,11,0,0,552,[]
2,12,11,1,0,874,[65]
2,12,11,2,0,446,[64 65]
2,12,11,3,0,249,[63 64 65]
2,12,11,4,0,923,[62 63 64 65]
2,12,11,5,0,431,[61 62 63 64 65]
2,12,11,6,0,77,[60 61 62 63 64 65]
2,12,11,7,0,53,[59 60 61 62 63 64 65]
2,12,11,8,0,101,[58 59 60 61 62 63 64 65]
2,12,11,9,0,528,[57 58 59 60 61 62 63 64 65]
2,12,11,10,0,620,[35 43 58 59 44 61 62 63 64 65]
2,12,11,11,0,699,[55 35 27  7 59 44  4 62 17 64 65]
2,12,12,12,0,439,[]
2,13,12,0,0,877,[]
2,13,12,1,0,918,[77]
2,13,12,2,0,372,[76 77]
2,13,12,3,0,752,[75 76 77]
2,13,12,4,0,756,[74 75 76 77]
2,13,12,5,0,667,[73 74 75 76 77]
2,13,12,6,0,144,[72 73 74 75 76 77]
2,13,12,7,0,244,[71 72 73 74 75 76 77]
2,13,12,8,0,318,[70 71 72 73 74 75 76 77]
2,13,12,9,0,356,[69 70 71 72 73 74 75 76 77]
2,13,12,10,0,242,[ 2 69 70 71 72 73 74 75 76 77]
2,13,12,11,0,441,[67  2 49 70 71 48 73 74 75 76 77]
2,13,12,12,0,914,[ 4 67  2 62 17 71 48 39 74 29 76 77]
2,13,13,13,0,201,[]
3,8,12,0,0,769,[78 79 80 81 82 83]
3,8,12,1,0,881,[77 78 79 80 81 82 83]
3,8,12,2,0,262,[76 77 78 79 80 81 82 83]
3,8,12,3,0,524,[75 76 77 78 79 80 81 82 83]
3,8,12,4,0,734,[74 75 76 77 78 79 80 81 82 83]
3,8,12,5,0,989,[73 74 75 76 77 78 79 80 81 82 83]
3,8,12,6,0,523,[72 73 74 75 76 77 78 79 80 81 82 83]
3,8,13,7,0,948,[]
3,8,13,8,0,569,[83]
3,8,13,9,0,735,[82 83]
3,8,13,10,0,882,[81 82 83]
3,8,13,11,0,444,[80 81 82 83]
3,8,13,12,0,666,[79 80 81 82 83]
3,8,13,13,0,705,[78 79 80 81 82 83]
4,6,12,0,0,276,[78 79 80 81 82 83 84 85 86 87 88 89]
4,6,13,1,0,329,[]
4,6,13,2,0,196,[89]
4,6,13,3,0,740,[88 89]
4,6,13,4,0,254,[87 88 89]
4,6,13,5,0,365,[86 87 88 89]
4,6,13,6,0,920,[85 86 87 88 89]
4,6,13,7,0,43,[84 85 86 87 88 89]
4,6,13,8,0,645,[83 84 85 86 87 88 89]
4,6,13,9,0,982,[82 83 84 85 86 87 88 89]
4,6,13,10,0,806,[81 82 83 84 85 86 87 88 89]
4,6,13,11,0,225,[80 81 82 83 84 85 86 87 88 89]
4,6,13,12,0,806,[79 80 81 82 83 84 85 86 87 88 89]
4,6,13,13,0,389,[78 79 80 81 82 83 84 85 86 87 88 89]
2,14,13,0,0,70,[]
2,14,13,1,0,386,[90]
2,14,13,2,0,678,[89 90]
2,14,13,3,0,415,[88 89 90]
2,14,13,4,0,825,[87 88 89 90]
2,14,13,5,0,80,[86 87 88 89 90]
2,14,13,6,0,373,[85 86 87 88 89 90]
2,14,13,7,0,759,[84 85 86 87 88 89 90]
2,14,13,8,0,535,[83 84 85 86 87 88 89 90]
2,14,13,9,0,232,[82 83 84 85 86 87 88 89 90]
2,14,13,10,0,180,[81 82 83 84 85 86 87 88 89 90]
2,14,13,11,0,752,[80 54 82 83 84 85 86 87 88 89 90]
2,14,13,12,0,784,[79 80 54 34 83 84  2 86 87 88 89 90]
2,14,13,13,0,559,[12 69 80 54 34 75 84  2 24 87 62 89 90]
2,14,14,14,0,237,[]
5,5,13,0,0,72,[91 92 93 94 95 96 97 98 99]
5,5,13,1,0,501,[90 91 92 93 94 95 96 97 98 99]
5,5,13,2,0,432,[89 90 91 92 93 94 95 96 97 98 99]
5,5,13,3,0,995,[88 89 90 91 92 93 94 95 96 97 98 99]
5,5,13,4,0,334,[87 88 89 90 91 92 93 94 95 96 97 98 99]
5,5,14,5,0,461,[]
5,5,14,6,0,359,[99]
5,5,14,7,0,667,[98 99]
5,5,14,8,0,295,[97 98 99]
5,5,14,9,0,439,[96 97 98 99]
5,5,14,10,0,130,[95 96 97 98 99]
5,5,14,11,0,318,[94 95 96 97 98 99]
5,5,14,12,0,664,[93 94 95 96 97 98 99]
5,5,14,13,0,508,[92 93 94 95 96 97 98 99]
5,5,14,14,0,836,[91 92 93 94 95 96 97 98 99]
2,15,14,0,0,257,[]
2,15,14,1,0,453,[104]
2,15,14,2,0,642,[103 104]
2,15,14,3,0,325,[102 103 104]
2,15,14,4,0,672,[101 102 103 104]
2,15,14,5,0,954,[100 101 102 103 104]
2,15,14,6,0,921,[ 99 100 101 102 103 104]
2,15,14,7,0,459,[ 98  99 100 101 102 103 104]
2,15,14,8,0,985,[ 97  98  99 100 101 102 103 104]
2,15,14,9,0,775,[ 96  97  98  99 100 101 102 103 104]
2,15,14,10,0,779,[ 95  96  97  98  99 100 101 102 103 104]
2,15,14,11,0,212,[ 94  95  96  97  98  99 100 101 102 103 104]
2,15,14,12,0,593,[ 93  94  59  96  97  98  99 100 101 102 103 104]
2,15,14,13,0,324,[ 75  93  94  59  76  97  98  35 100 101 102 103 104]
2,15,14,14,0,54,[  2  26  67  94  59  76  83  98  35  89 101  13 103 104]
2,15,15,15,0,727,[]
3,9,14,0,0,988,[105 106 107]
3,9,14,1,0,988,[104 105 106 107]
3,9,14,2,0,226,[103 104 105 106 107]
3,9,14,3,0,157,[102 103 104 105 106 107]
3,9,14,4,0,454,[101 102 103 104 105 106 107]
3,9,14,5,0,652,[100 101 102 103 104 105 106 107]
3,9,14,6,0,379,[ 99 100 101 102 103 104 105 106 107]
3,9,14,7,0,349,[ 98  99 100 101 102 103 104 105 106 107]
3,9,14,8,0,654,[ 97  98  99 100 101 102 103 104 105 106 107]
3,9,14,9,0,513,[ 96  97  98  99 100 101 102 103 104 105 106 107]
3,9,14,10,0,924,[ 95  96  97  98  99 100 101 102 103 104 105 106 107]
3,9,14,11,0,708,[ 94  95  96  97  98  99 100 101 102 103 104 105 106 107]
3,9,15,12,0,751,[]
3,9,15,13,0,267,[107]
3,9,15,14,0,690,[106 107]
3,9,15,15,0,945,[105 106 107]
2,16,15,0,0,764,[]
2,16,15,1,0,903,[119]
2,16,15,2,0,316,[118 119]
2,16,15,3,0,148,[117 118 119]
2,16,15,4,0,508,[116 117 118 119]
2,16,15,5,0,363,[115 116 117 118 119]
2,16,15,6,0,208,[114 115 116 117 118 119]
2,16,15,7,0,685,[113 114 115 116 117 118 119]
2,16,15,8,0,561,[112 113 114 115 116 117 118 119]
2,16,15,9,0,843,[111 112 113 114 115 116 117 118 119]
2,16,15,10,0,836,[110 111 112 113 114 115 116 117 118 119]
2,16,15,11,0,374,[109 110 111 112 113 114 115 116 117 118 119]
2,16,15,12,0,665,[108 109 110 111 112 113 114 115 116 117 118 119]
2,16,15,13,0,746,[107 108 109  37 111 112 113 114 115 116 117 118 119]
2,16,15,14,0,442,[ 22  73 108 109  37  35 112 113  90 115 116 117 118 119]
2,16,15,15,0,528,[  7  22  73  52 109  37  35  83 113  90  14 116  64 118 119]
2,16,16,16,0,151,[]
4,7,15,0,0,161,[120 121 122 123 124 125]
4,7,15,1,0,926,[119 120 121 122 123 124 125]
4,7,15,2,0,597,[118 119 120 121 122 123 124 125]
4,7,15,3,0,316,[117 118 119 120 121 122 123 124 125]
4,7,15,4,0,740,[116 117 118 119 120 121 122 123 124 125]
4,7,15,5,0,101,[115 116 117 118 119 120 121 122 123 124 125]
4,7,15,6,0,161,[114 115 116 117 118 119 120 121 122 123 124 125]
4,7,15,7,0,182,[113 114 115 116 117 118 119 120 121 122 123 124 125]
4,7,15,8,0,878,[112 113 114 115 116 117 118 119 120 121 122 123 124 125]
4,7,15,9,0,147,[111 112 113 114 115 116 117 118 119 120 121 122 123 124 125]
4,7,16,10,0,148,[]
4,7,16,11,0,983,[125]
4,7,16,12,0,471,[124 125]
4,7,16,13,0,446,[123 124 125]
4,7,16,14,0,797,[122 123 124 125]
4,7,16,15,0,803,[121 122 123 124 125]
4,7,16,16,0,750,[120 121 122 123 124 125]
3,10,15,0,0,311,[120 121 122 123 124 125 126 127 128 129 130 131 132 133 134]
3,10,16,1,0,930,[]
3,10,16,2,0,562,[134]
3,10,16,3,0,487,[133 134]
3,10,16,4,0,75,[132 133 134]
3,10,16,5,0,265,[131 132 133 134]
3,10,16,6,0,128,[130 131 132 133 134]
3,10,16,7,0,237,[129 130 131 132 133 134]
3,10,16,8,0,970,[128 129 130 131 132 133 134]
3,10,16,9,0,313,[127 128 129 130 131 132 133 134]
3,10,16,10,0,898,[126 127 128 129 130 131 132 133 134]
3,10,16,11,0,974,[125 126 127 128 129 130 131 132 133 134]
3,10,16,12,0,780,[124 125 126 127 128 129 130 131 132 133 134]
3,10,16,13,0,157,[123 124 125 126 127 128 129 130 131 132 133 134]
3,10,16,14,0,431,[122 123 124 125 126 127 128 129 130 131 132 133 134]
3,10,16,15,0,788,[121 122 123 124 125 126 127 128 129 130 131 132 133 134]
3,10,16,16,0,89,[120 121 122 123 124 125 126 127 128 129 130 131 132 133 134]
2,17,16,0,0,264,[]
2,17,16,1,0,568,[135]
2,17,16,2,0,566,[134 135]
2,17,16,3,0,866,[133 134 135]
2,17,16,4,0,401,[132 133 134 135]
2,17,16,5,0,340,[131 132 133 134 135]
2,17,16,6,0,87,[130 131 132 133 134 135]
2,17,16,7,0,475,[129 130 131 132 133 134 135]
2,17,16,8,0,583,[128 129 130 131 132 133 134 135]
2,17,16,9,0,301,[127 128 129 130 131 132 133 134 135]
2,17,16,10,0,332,[126 127 128 129 130 131 132 133 134 135]
2,17,16,11,0,399,[125 126 127 128 129 130 131 132 133 134 135]
2,17,16,12,0,32,[124 125 126 127 128 129 130 131 132 133 134 135]
2,17,16,13,0,709,[123 124 125 126 127 128 129 130 131 132 133 134 135]
2,17,16,14,0,198,[ 89 123 124 125  90 127 128 129 130 131 132 133 134 135]
2,17,16,15,0,738,[ 77  89  22 124 125  90  39 128 129   4 131 132 133 134 135]
2,17,16,16,0,712,[120  77  99  22  68 125  90  39  57 129   4  29 132 114 134 135]
2,17,17,17,0,687,[]
5,6,16,0,0,96,[136 137 138 139 140 141 142 143 144 145 146 147 148 149]
5,6,16,1,0,98,[135 136 137 138 139 140 141 142 143 144 145 146 147 148 149]
5,6,16,2,0,190,[134 135 136 137 138 139 140 141 142 143 144 145 146 147 148 149]
5,6,17,3,0,621,[]
5,6,17,4,0,803,[149]
5,6,17,5,0,174,[148 149]
5,6,17,6,0,563,[147 148 149]
5,6,17,7,0,833,[146 147 148 149]
5,6,17,8,0,537,[145 146 147 148 149]
5,6,17,9,0,855,[144 145 146 147 148 149]
5,6,17,10,0,727,[143 144 145 146 147 148 149]
5,6,17,11,0,258,[142 143 144 145 146 147 148 149]
5,6,17,12,0,62,[141 142 143 144 145 146 147 148 149]
5,6,17,13,0,256,[140 141 142 143 144 145 146 147 148 149]
5,6,17,14,0,900,[139 140 141 142 143 144 145 146 147 148 149]
5,6,17,15,0,318,[138 139 140 141 142 143 144 145 146 147 148 149]
5,6,17,16,0,678,[137 138 139 140 141 142 143 144 145 146 147 148 149]
5,6,17,17,0,568,[136 137 138 139 140 141 142 143 144 145 146 147 148 149]
2,18,17,0,0,751,[]
2,18,17,1,0,606,[152]
2,18,17,2,0,216,[151 152]
2,18,17,3,0,803,[150 151 152]
2,18,17,4,0,542,[149 150 151 152]
2,18,17,5,0,676,[148 149 150 151 152]
2,18,17,6,0,194,[147 148 149 150 151 152]
2,18,17,7,0,969,[146 147 148 149 150 151 152]
2,18,17,8,0,463,[145 146 147 148 149 150 151 152]
2,18,17,9,0,622,[144 145 146 147 148 149 150 151 152]
2,18,17,10,0,969,[143 144 145 146 147 148 149 150 151 152]
2,18,17,11,0,897,[142 143 144 145 146 147 148 149 150 151 152]
2,18,17,12,0,528,[141 142 143 144 145 146 147 148 149 150 151 152]
2,18,17,13,0,58,[140 141 142 143 144 145 146 147 148 149 150 151 152]
2,18,17,14,0,980,[139 140 141 142 143 144 145 146 147 148 149 150 151 152]
2,18,17,15,0,40,[ 47  85 140 141 142  95 144 145 146 147 148 149 150 151 152]
2,18,17,16,0,17,[137  47  85  46 141 142  95 107 145 146  11 148 149 150 151 152]
2,18,17,17,0,111,[ 56 137 131  85  46  29 142  95 107   8 146  11  73 149 116 151 152]
2,18,18,18,0,559,[]
3,11,17,0,0,397,[153 154 155 156 157 158 159 160 161 162 163 164]
3,11,17,1,0,923,[152 153 154 155 156 157 158 159 160 161 162 163 164]
3,11,17,2,0,768,[151 152 153 154 155 156 157 158 159 160 161 162 163 164]
3,11,17,3,0,987,[150 151 152 153 154 155 156 157 158 159 160 161 162 163 164]
3,11,17,4,0,676,[149 150 151 152 153 154 155 156 157 158 159 160 161 162 163 164]
3,11,17,5,0,632,[148 149 150 151 152 153 154 155 156 157 158 159 160 161 162 163 164]
3,11,18,6,0,198,[]
3,11,18,7,0,611,[164]
3,11,18,8,0,713,[163 164]
3,11,18,9,0,835,[162 163 164]
3,11,18,10,0,285,[161 162 163 164]
3,11,18,11,0,134,[160 161 162 163 164]
3,11,18,12,0,841,[159 160 161 162 163 164]
3,11,18,13,0,364,[158 159 160 161 162 163 164]
3,11,18,14,0,58,[157 158 159 160 161 162 163 164]
3,11,18,15,0,512,[156 157 158 159 160 161 162 163 164]
3,11,18,16,0,743,[155 156 157 158 159 160 161 162 163 164]
3,11,18,17,0,90,[154 155 156 157 158 159 160 161 162 163 164]
3,11,18,18,0,612,[153 154 155 156 157 158 159 160 161 162 163 164]
4,8,17,0,0,205,[153 154 155 156 157 158 159 160 161 162 163 164 165 166 167]
4,8,17,1,0,301,[152 153 154 155 156 157 158 159 160 161 162 163 164 165 166 167]
4,8,17,2,0,424,[151 152 153 154 155 156 157 158 159 160 161 162 163 164 165 166 167]
4,8,18,3,0,546,[]
4,8,18,4,0,455,[167]
4,8,18,5,0,422,[166 167]
4,8,18,6,0,63,[165 166 167]
4,8,18,7,0,85,[164 165 166 167]
4,8,18,8,0,652,[163 164 165 166 167]
4,8,18,9,0,68,[162 163 164 165 166 167]
4,8,18,10,0,778,[161 162 163 164 165 166 167]
4,8,18,11,0,665,[160 161 162 163 164 165 166 167]
4,8,18,12,0,152,[159 160 161 162 163 164 165 166 167]
4,8,18,13,0,862,[158 159 160 161 162 163 164 165 166 167]
4,8,18,14,0,967,[157 158 159 160 161 162 163 164 165 166 167]
4,8,18,15,0,848,[156 157 158 159 160 161 162 163 164 165 166 167]
4,8,18,16,0,862,[155 156 157 158 159 160 161 162 163 164 165 166 167]
4,8,18,17,0,827,[154 155 156 157 158 159 160 161 162 163 164 165 166 167]
4,8,18,18,0,368,[153 154 155 156 157 158 159 160 161 162 163 164 165 166 167]
2,19,18,0,0,699,[]
2,19,18,1,0,437,[170]
2,19,18,2,0,595,[169 170]
2,19,18,3,0,144,[168 169 170]
2,19,18,4,0,371,[167 168 169 170]
2,19,18,5,0,353,[166 167 168 169 170]
2,19,18,6,0,343,[165 166 167 168 169 170]
2,19,18,7,0,75,[164 165 166 167 168 169 170]
2,19,18,8,0,544,[163 164 165 166 167 168 169 170]
2,19,18,9,0,248,[162 163 164 165 166 167 168 169 170]
2,19,18,10,0,348,[161 162 163 164 165 166 167 168 169 170]
2,19,18,11,0,191,[160 161 162 163 164 165 166 167 168 169 170]
2,19,18,12,0,334,[159 160 161 162 163 164 165 166 167 168 169 170]
2,19,18,13,0,69,[158 159 160 161 162 163 164 165 166 167 168 169 170]
2,19,18,14,0,258,[157 158 159 160 161 162 163 164 165 166 167 168 169 170]
2,19,18,15,0,623,[104 157 158 159 160 161 162 163 164 165 166 167 168 169 170]
2,19,18,16,0,143,[155 104  63 158 159 160  32 162 163 164 165 166 167 168 169 170]
2,19,18,17,0,483,[154 155 104  63 133 159 160  32 134 163 164  65 166 167 168 169 170]
2,19,18,18,0,320,[124  77 155 104  47 115 149 160  32 134  90 164  65 142 167   2 169 170]
2,19,19,19,0,736,[]
2,20,19,0,0,534,[]
2,20,19,1,0,343,[189]
2,20,19,2,0,429,[188 189]
2,20,19,3,0,398,[187 188 189]
2,20,19,4,0,378,[186 187 188 189]
2,20,19,5,0,880,[185 186 187 188 189]
2,20,19,6,0,2,[184 185 186 187 188 189]
2,20,19,7,0,553,[183 184 185 186 187 188 189]
2,20,19,8,0,145,[182 183 184 185 186 187 188 189]
2,20,19,9,0,322,[181 182 183 184 185 186 187 188 189]
2,20,19,10,0,718,[180 181 182 183 184 185 186 187 188 189]
2,20,19,11,0,278,[179 180 181 182 183 184 185 186 187 188 189]
2,20,19,12,0,438,[178 179 180 181 182 183 184 185 186 187 188 189]
2,20,19,13,0,280,[177 178 179 180 181 182 183 184 185 186 187 188 189]
2,20,19,14,0,908,[176 177 178 179 180 181 182 183 184 185 186 187 188 189]
2,20,19,15,0,622,[175 176 177 178 179 180 181 182 183 184 185 186 187 188 189]
2,20,19,16,0,515,[174 111 176 177 178 179 180 181 182 183 184 185 186 187 188 189]
2,20,19,17,0,49,[173 174 111 134 177 178 179  46 181 182 183 184 185 186 187 188 189]
2,20,19,18,0,732,[143 173 174 111 134 122 178 179  46 144 182 183 152 185 186 187 188 189]
2,20,19,19,0,214,"[ 79  69  30 174 111 134 122 161 179  46 144 168 183 152  18 186  98 188
 189]"
2,20,20,20,0,819,[]
3,12,19,0,0,814,[190 191 192 193 194 195 196 197]
3,12,19,1,0,211,[189 190 191 192 193 194 195 196 197]
3,12,19,2,0,214,[188 189 190 191 192 193 194 195 196 197]
3,12,19,3,0,83,[187 188 189 190 191 192 193 194 195 196 197]
3,12,19,4,0,391,[186 187 188 189 190 191 192 193 194 195 196 197]
3,12,19,5,0,16,[185 186 187 188 189 190 191 192 193 194 195 196 197]
3,12,19,6,0,302,[184 185 186 187 188 189 190 191 192 193 194 195 196 197]
3,12,19,7,0,862,[183 184 185 186 187 188 189 190 191 192 193 194 195 196 197]
3,12,19,8,0,687,[182 183 184 185 186 187 188 189 190 191 192 193 194 195 196 197]
3,12,19,9,0,111,[181 182 183 184 185 186 187 188 189 190 191 192 193 194 195 196 197]
3,12,19,10,0,12,[180 181 182 183 184 185 186 187 188 189 190 191 192 193 194 195 196 197]
3,12,19,11,0,553,"[179 180 181 182 183 184 185 186 187 188 189 190 191 192 193 194 195 196
 197]"
3,12,20,12,0,618,[]
3,12,20,13,0,885,[197]
3,12,20,14,0,503,[196 197]
3,12,20,15,0,593,[195 196 197]
3,12,20,16,0,921,[194 195 196 197]
3,12,20,17,0,768,[193 194 195 196 197]
3,12,20,18,0,70,[192 193 194 195 196 197]
3,12,20,19,0,874,[191 192 193 194 195 196 197]
3,12,20,20,0,389,[190 191 192 193 194 195 196 197]
5,7,20,0,0,589,[]
5,7,20,1,0,879,[209]
5,7,20,2,0,770,[208 209]
5,7,20,3,0,417,[207 208 209]
5,7,20,4,0,873,[206 207 208 209]
5,7,20,5,0,537,[205 206 207 208 209]
5,7,20,6,0,748,[204 205 206 207 208 209]
5,7,20,7,0,216,[203 204 205 206 207 208 209]
5,7,20,8,0,221,[202 203 204 205 206 207 208 209]
5,7,20,9,0,710,[201 202 203 204 205 206 207 208 209]
5,7,20,10,0,683,[200 201 202 203 204 205 206 207 208 209]
5,7,20,11,0,8,[199 200 201 202 203 204 205 206 207 208 209]
5,7,20,12,0,848,[198 199 200 201 202 203 204 205 206 207 208 209]
5,7,20,13,0,513,[197 198 199 200 201 202 203 204 205 206 207 208 209]
5,7,20,14,0,566,[196 197 198 199 200 201 202 203 204 205 206 207 208 209]
5,7,20,15,0,354,[195 196 197 198 199 200 201 202 203 204 205 206 207 208 209]
5,7,20,16,0,923,[194 195 196 197 198 199 200 201 202 203 204 205 206 207 208 209]
5,7,20,17,0,513,[193 194 195 196 197 198 199 200 201 202 203 204 205 206 207 208 209]
5,7,20,18,0,976,[192 193 194 195 196 197 198 199 200 201 202 203 204 205 206 207 208 209]
5,7,20,19,0,143,"[191 192 193 194 195 196 197 198 199 200 201 202 203 204 205 206 207 208
 209]"
5,7,20,20,0,531,"[190 191 192 193 194 195 196 197 198 199 200 201 202 203 204 205 206 207
 208 209]"
5,7,21,21,0,707,[]
2,21,20,0,0,497,[]
2,21,20,1,0,805,[209]
2,21,20,2,0,965,[208 209]
2,21,20,3,0,244,[207 208 209]
2,21,20,4,0,644,[206 207 208 209]
2,21,20,5,0,13,[205 206 207 208 209]
2,21,20,6,0,403,[204 205 206 207 208 209]
2,21,20,7,0,581,[203 204 205 206 207 208 209]
2,21,20,8,0,856,[202 203 204 205 206 207 208 209]
2,21,20,9,0,765,[201 202 203 204 205 206 207 208 209]
2,21,20,10,0,316,[200 201 202 203 204 205 206 207 208 209]
2,21,20,11,0,841,[199 200 201 202 203 204 205 206 207 208 209]
2,21,20,12,0,964,[198 199 200 201 202 203 204 205 206 207 208 209]
2,21,20,13,0,866,[197 198 199 200 201 202 203 204 205 206 207 208 209]
2,21,20,14,0,367,[196 197 198 199 200 201 202 203 204 205 206 207 208 209]
2,21,20,15,0,599,[195 196 197 198 199 200 201 202 203 204 205 206 207 208 209]
2,21,20,16,0,347,[194 195 196 197 198 199 200 201 202 203 204 205 206 207 208 209]
2,21,20,17,0,866,[193 194  14 196 197 198 199 200 201 202 203 204 205 206 207 208 209]
2,21,20,18,0,63,[192 193 194  14 143 197 198 199 152 201 202 203 204 205 206 207 208 209]
2,21,20,19,0,407,"[129 154 193 194  14 143 163 198 199 152 131 202 203  87 205 206 207 208
 209]"
2,21,20,20,0,822,"[ 48 118  53 173 194  14 143 163  68 199 152 131 104 203  87 188 206  35
 208 209]"
2,21,21,21,0,652,[]
4,9,20,0,0,525,[210 211 212 213 214 215]
4,9,20,1,0,242,[209 210 211 212 213 214 215]
4,9,20,2,0,511,[208 209 210 211 212 213 214 215]
4,9,20,3,0,105,[207 208 209 210 211 212 213 214 215]
4,9,20,4,0,317,[206 207 208 209 210 211 212 213 214 215]
4,9,20,5,0,800,[205 206 207 208 209 210 211 212 213 214 215]
4,9,20,6,0,782,[204 205 206 207 208 209 210 211 212 213 214 215]
4,9,20,7,0,317,[203 204 205 206 207 208 209 210 211 212 213 214 215]
4,9,20,8,0,660,[202 203 204 205 206 207 208 209 210 211 212 213 214 215]
4,9,20,9,0,621,[201 202 203 204 205 206 207 208 209 210 211 212 213 214 215]
4,9,20,10,0,275,[200 201 202 203 204 205 206 207 208 209 210 211 212 213 214 215]
4,9,20,11,0,202,[199 200 201 202 203 204 205 206 207 208 209 210 211 212 213 214 215]
4,9,20,12,0,530,[198 199 200 201 202 203 204 205 206 207 208 209 210 211 212 213 214 215]
4,9,20,13,0,879,"[197 198 199 200 201 202 203 204 205 206 207 208 209 210 211 212 213 214
 215]"
4,9,20,14,0,448,"[196 197 198 199 200 201 202 203 204 205 206 207 208 209 210 211 212 213
 214 215]"
4,9,21,15,0,904,[]
4,9,21,16,0,77,[215]
4,9,21,17,0,40,[214 215]
4,9,21,18,0,589,[213 214 215]
4,9,21,19,0,555,[212 213 214 215]
4,9,21,20,0,984,[211 212 213 214 215]
4,9,21,21,0,792,[210 211 212 213 214 215]
6,6,20,0,0,365,[210 211 212 213 214 215 216 217 218 219 220 221 222 223 224]
6,6,20,1,0,478,[209 210 211 212 213 214 215 216 217 218 219 220 221 222 223 224]
6,6,20,2,0,137,[208 209 210 211 212 213 214 215 216 217 218 219 220 221 222 223 224]
6,6,20,3,0,387,[207 208 209 210 211 212 213 214 215 216 217 218 219 220 221 222 223 224]
6,6,20,4,0,921,"[206 207 208 209 210 211 212 213 214 215 216 217 218 219 220 221 222 223
 224]"
6,6,20,5,0,214,"[205 206 207 208 209 210 211 212 213 214 215 216 217 218 219 220 221 222
 223 224]"
6,6,21,6,0,554,[]
6,6,21,7,0,919,[224]
6,6,21,8,0,782,[223 224]
6,6,21,9,0,518,[222 223 224]
6,6,21,10,0,373,[221 222 223 224]
6,6,21,11,0,145,[220 221 222 223 224]
6,6,21,12,0,295,[219 220 221 222 223 224]
6,6,21,13,0,294,[218 219 220 221 222 223 224]
6,6,21,14,0,338,[217 218 219 220 221 222 223 224]
6,6,21,15,0,993,[216 217 218 219 220 221 222 223 224]
6,6,21,16,0,917,[215 216 217 218 219 220 221 222 223 224]
6,6,21,17,0,471,[214 215 216 217 218 219 220 221 222 223 224]
6,6,21,18,0,896,[213 214 215 216 217 218 219 220 221 222 223 224]
6,6,21,19,0,351,[212 213 214 215 216 217 218 219 220 221 222 223 224]
6,6,21,20,0,489,[211 212 213 214 215 216 217 218 219 220 221 222 223 224]
6,6,21,21,0,411,[210 211 212 213 214 215 216 217 218 219 220 221 222 223 224]
2,22,21,0,0,106,[]
2,22,21,1,0,190,[230]
2,22,21,2,0,734,[229 230]
2,22,21,3,0,83,[228 229 230]
2,22,21,4,0,298,[227 228 229 230]
2,22,21,5,0,276,[226 227 228 229 230]
2,22,21,6,0,683,[225 226 227 228 229 230]
2,22,21,7,0,566,[224 225 226 227 228 229 230]
2,22,21,8,0,124,[223 224 225 226 227 228 229 230]
2,22,21,9,0,716,[222 223 224 225 226 227 228 229 230]
2,22,21,10,0,586,[221 222 223 224 225 226 227 228 229 230]
2,22,21,11,0,665,[220 221 222 223 224 225 226 227 228 229 230]
2,22,21,12,0,155,[219 220 221 222 223 224 225 226 227 228 229 230]
2,22,21,13,0,2,[218 219 220 221 222 223 224 225 226 227 228 229 230]
2,22,21,14,0,192,[217 218 219 220 221 222 223 224 225 226 227 228 229 230]
2,22,21,15,0,272,[216 217 218 219 220 221 222 223 224 225 226 227 228 229 230]
2,22,21,16,0,851,[215 216 217 218 219 220 221 222 223 224 225 226 227 228 229 230]
2,22,21,17,0,799,[214 215 216 217 218 219 220 221 222 223 224 225 226 227 228 229 230]
2,22,21,18,0,843,[213 214 215 152 217 218 219 220 221 222 223 224 225 226 227 228 229 230]
2,22,21,19,0,225,"[ 92 213 214 215 152 138 218 219 220 125 222 223 224 225 226 227 228 229
 230]"
2,22,21,20,0,233,"[151  92  90 214 215 152 138   4 219 220 125  59 223 224  29 226 227 228
 229 230]"
2,22,21,21,0,921,"[202 107 163  90  76 215 152 138   4 175 220 125  59 185 224  29 194 227
 209 229 230]"
2,22,22,22,0,17,[]
3,13,21,0,0,873,[231 232 233]
3,13,21,1,0,714,[230 231 232 233]
3,13,21,2,0,436,[229 230 231 232 233]
3,13,21,3,0,215,[228 229 230 231 232 233]
3,13,21,4,0,897,[226 228 229 230 231 232 233]
3,13,21,5,0,280,[226 227 228 229 230 231 232 233]
3,13,21,6,0,944,[225 226 227 228 229 230 231 232 233]
3,13,21,7,0,887,[224 225 226 227 228 229 230 231 232 233]
3,13,21,8,0,903,[223 224 225 226 227 228 229 230 231 232 233]
3,13,21,9,0,116,[222 223 224 225 226 227 228 229 230 231 232 233]
3,13,21,10,0,766,[221 222 223 224 225 226 227 228 229 230 231 232 233]
3,13,21,11,0,926,[220 221 222 223 224 225 226 227 228 229 230 231 232 233]
3,13,21,12,0,830,[219 220 221 222 223 224 225 226 227 228 229 230 231 232 233]
3,13,21,13,0,724,[218 219 220 221 222 223 224 225 226 227 228 229 230 231 232 233]
3,13,21,14,0,536,[217 218 219 220 221 222 223 224 225 226 227 228 229 230 231 232 233]
3,13,21,15,0,743,[216 217 218 219 220 221 222 223 224 225 226 227 228 229 230 231 232 233]
3,13,21,16,0,495,"[215 216 217 218 219 220 221 222 223 224 225 226 227 228 229 230 231 232
 233]"
3,13,21,17,0,917,"[214 215 216 217 218 219 220 221 222 223 224 225 226 227 228 229 230 231
 232 233]"
3,13,21,18,0,229,"[213 214 215 216 217 218 219 220 221 222 223 224 225 226 227 228 229 230
 231 232 233]"
3,13,22,19,0,202,[]
3,13,22,20,0,770,[233]
3,13,22,21,0,886,[232 233]
3,13,22,22,0,584,[231 232 233]
2,23,22,0,0,112,[]
2,23,22,1,0,339,[252]
2,23,22,2,0,811,[251 252]
2,23,22,3,0,212,[250 251 252]
2,23,22,4,0,359,[249 250 251 252]
2,23,22,5,0,754,[248 249 250 251 252]
2,23,22,6,0,281,[247 248 249 250 251 252]
2,23,22,7,0,347,[246 247 248 249 250 251 252]
2,23,22,8,0,637,[245 246 247 248 249 250 251 252]
2,23,22,9,0,492,[244 245 246 247 248 249 250 251 252]
2,23,22,10,0,589,[243 244 245 246 247 248 249 250 251 252]
2,23,22,11,0,207,[242 243 244 245 246 247 248 249 250 251 252]
2,23,22,12,0,391,[241 242 243 244 245 246 247 248 249 250 251 252]
2,23,22,13,0,832,[240 241 242 243 244 245 246 247 248 249 250 251 252]
2,23,22,14,0,579,[239 240 241 242 243 244 245 246 247 248 249 250 251 252]
2,23,22,15,0,563,[238 239 240 241 242 243 244 245 246 247 248 249 250 251 252]
2,23,22,16,0,49,[237 238 239 240 241 242 243 244 245 246 247 248 249 250 251 252]
2,23,22,17,0,126,[236 237 238 239 240 241 242 243 244 245 246 247 248 249 250 251 252]
2,23,22,18,0,659,[235 236 237 238 239 240 241 242 243 244 245 246 247 248 249 250 251 252]
2,23,22,19,0,11,"[234 235 236 237 158 239 240 241 242 243 244 245 246 247 248 249 250 251
 252]"
2,23,22,20,0,582,"[145  77 235 236 237 158 173 240 241 242  94 244 245 246 247 248 249 250
 251 252]"
2,23,22,21,0,708,"[ 40 145  77   2 236 237 158 173 207 241 242  94   4 245 246 132 248 249
 250 251 252]"
2,23,22,22,0,863,"[231  40 145  77   2 216 237 158 173 207 224 242  94   4 186 246 132 197
 249  52 251 252]"
2,23,23,23,0,79,[]
4,10,22,0,0,773,[253 254 255 256 257 258 259 260 261 262 263 264 265 266 267 268 269]
4,10,22,1,0,802,[252 253 254 255 256 257 258 259 260 261 262 263 264 265 266 267 268 269]
4,10,22,2,0,443,"[251 252 253 254 255 256 257 258 259 260 261 262 263 264 265 266 267 268
 269]"
4,10,22,3,0,530,"[250 251 252 253 254 255 256 257 258 259 260 261 262 263 264 265 266 267
 268 269]"
4,10,22,4,0,665,"[249 250 251 252 253 254 255 256 257 258 259 260 261 262 263 264 265 266
 267 268 269]"
4,10,22,5,0,790,"[248 249 250 251 252 253 254 255 256 257 258 259 260 261 262 263 264 265
 266 267 268 269]"
4,10,23,6,0,302,[]
4,10,23,7,0,373,[269]
4,10,23,8,0,615,[268 269]
4,10,23,9,0,692,[267 268 269]
4,10,23,10,0,178,[266 267 268 269]
4,10,23,11,0,451,[265 266 267 268 269]
4,10,23,12,0,507,[264 265 266 267 268 269]
4,10,23,13,0,312,[263 264 265 266 267 268 269]
4,10,23,14,0,304,[262 263 264 265 266 267 268 269]
4,10,23,15,0,717,[261 262 263 264 265 266 267 268 269]
4,10,23,16,0,224,[260 261 262 263 264 265 266 267 268 269]
4,10,23,17,0,794,[259 260 261 262 263 264 265 266 267 268 269]
4,10,23,18,0,336,[258 259 260 261 262 263 264 265 266 267 268 269]
4,10,23,19,0,735,[257 258 259 260 261 262 263 264 265 266 267 268 269]
4,10,23,20,0,356,[256 257 258 259 260 261 262 263 264 265 266 267 268 269]
4,10,23,21,0,470,[255 256 257 258 259 260 261 262 263 264 265 266 267 268 269]
4,10,23,22,0,403,[254 255 256 257 258 259 260 261 262 263 264 265 266 267 268 269]
4,10,23,23,0,839,[253 254 255 256 257 258 259 260 261 262 263 264 265 266 267 268 269]
3,14,22,0,0,199,"[253 254 255 256 257 258 259 260 261 262 263 264 265 266 267 268 269 270
 271 272]"
3,14,22,1,0,434,"[252 253 254 255 256 257 258 259 260 261 262 263 264 265 266 267 268 269
 270 271 272]"
3,14,22,2,0,169,"[251 252 253 254 255 256 257 258 259 260 261 262 263 264 265 266 267 268
 269 270 271 272]"
3,14,23,3,0,22,[]
3,14,23,4,0,696,[272]
3,14,23,5,0,269,[271 272]
3,14,23,6,0,653,[270 271 272]
3,14,23,7,0,445,[269 270 271 272]
3,14,23,8,0,37,[268 269 270 271 272]
3,14,23,9,0,554,[267 268 269 270 271 272]
3,14,23,10,0,846,[266 267 268 269 270 271 272]
3,14,23,11,0,483,[265 266 267 268 269 270 271 272]
3,14,23,12,0,272,[264 265 266 267 268 269 270 271 272]
3,14,23,13,0,85,[263 264 265 266 267 268 269 270 271 272]
3,14,23,14,0,470,[262 263 264 265 266 267 268 269 270 271 272]
3,14,23,15,0,686,[261 262 263 264 265 266 267 268 269 270 271 272]
3,14,23,16,0,76,[260 261 262 263 264 265 266 267 268 269 270 271 272]
3,14,23,17,0,342,[259 260 261 262 263 264 265 266 267 268 269 270 271 272]
3,14,23,18,0,251,[258 259 260 261 262 263 264 265 266 267 268 269 270 271 272]
3,14,23,19,0,796,[257 258 259 260 261 262 263 264 265 266 267 268 269 270 271 272]
3,14,23,20,0,657,[256 257 258 259 260 261 262 263 264 265 266 267 268 269 270 271 272]
3,14,23,21,0,471,[255 256 257 258 259 260 261 262 263 264 265 266 267 268 269 270 271 272]
3,14,23,22,0,706,"[254 255 256 257 258 259 260 261 262 263 264 265 266 267 268 269 270 271
 272]"
3,14,23,23,0,511,"[253 254 255 256 257 258 259 260 261 262 263 264 265 266 267 268 269 270
 271 272]"
2,24,23,0,0,45,[]
2,24,23,1,0,210,[275]
2,24,23,2,0,340,[274 275]
2,24,23,3,0,786,[273 274 275]
2,24,23,4,0,367,[272 273 274 275]
2,24,23,5,0,185,[271 272 273 274 275]
2,24,23,6,0,239,[270 271 272 273 274 275]
2,24,23,7,0,679,[269 270 271 272 273 274 275]
2,24,23,8,0,331,[268 269 270 271 272 273 274 275]
2,24,23,9,0,99,[267 268 269 270 271 272 273 274 275]
2,24,23,10,0,598,[266 267 268 269 270 271 272 273 274 275]
2,24,23,11,0,754,[265 266 267 268 269 270 271 272 273 274 275]
2,24,23,12,0,685,[264 265 266 267 268 269 270 271 272 273 274 275]
2,24,23,13,0,901,[263 264 265 266 267 268 269 270 271 272 273 274 275]
2,24,23,14,0,626,[262 263 264 265 266 267 268 269 270 271 272 273 274 275]
2,24,23,15,0,504,[261 262 263 264 265 266 267 268 269 270 271 272 273 274 275]
2,24,23,16,0,265,[260 261 262 263 264 265 266 267 268 269 270 271 272 273 274 275]
2,24,23,17,0,515,[259 260 261 262 263 264 265 266 267 268 269 270 271 272 273 274 275]
2,24,23,18,0,324,[258 259 260 261 262 263 264 265 266 267 268 269 270 271 272 273 274 275]
2,24,23,19,0,61,"[257 258 259 260 261 262 263 264 265 266 267 268 269 270 271 272 273 274
 275]"
2,24,23,20,0,541,"[101 257 258 259 260 155 262 263 264 265 266 267 268 269 270 271 272 273
 274 275]"
2,24,23,21,0,887,"[170 101 207 258 259 260 155 208 263 264 265 209 267 268 269 270 271 272
 273 274 275]"
2,24,23,22,0,789,"[254 170 101 184 196 259 260 155 208 219 264 265 209 229 268 269 230 271
 272 273 274 275]"
2,24,23,23,0,956,"[ 43 254 170 101 184 196 135 260 155 247 219 118 265 209  58   7 269 230
  76 272 239 274 275]"
2,24,24,24,0,828,[]
5,8,23,0,0,270,[276 277 278 279]
5,8,23,1,0,181,[275 276 277 278 279]
5,8,23,2,0,532,[274 275 276 277 278 279]
5,8,23,3,0,632,[273 274 275 276 277 278 279]
5,8,23,4,0,522,[272 273 274 275 276 277 278 279]
5,8,23,5,0,322,[271 272 273 274 275 276 277 278 279]
5,8,23,6,0,683,[270 271 272 273 274 275 276 277 278 279]
5,8,23,7,0,573,[269 270 271 272 273 274 275 276 277 278 279]
5,8,23,8,0,709,[268 269 270 271 272 273 274 275 276 277 278 279]
5,8,23,9,0,164,[267 268 269 270 271 272 273 274 275 276 277 278 279]
5,8,23,10,0,102,[266 267 268 269 270 271 272 273 274 275 276 277 278 279]
5,8,23,11,0,300,[265 266 267 268 269 270 271 272 273 274 275 276 277 278 279]
5,8,23,12,0,702,[264 265 266 267 268 269 270 271 272 273 274 275 276 277 278 279]
5,8,23,13,0,385,[263 264 265 266 267 268 269 270 271 272 273 274 275 276 277 278 279]
5,8,23,14,0,525,[262 263 264 265 266 267 268 269 270 271 272 273 274 275 276 277 278 279]
5,8,23,15,0,617,"[261 262 263 264 265 266 267 268 269 270 271 272 273 274 275 276 277 278
 279]"
5,8,23,16,0,829,"[260 261 262 263 264 265 266 267 268 269 270 271 272 273 274 275 276 277
 278 279]"
5,8,23,17,0,991,"[259 260 261 262 263 264 265 266 267 268 269 270 271 272 273 274 275 276
 277 278 279]"
5,8,23,18,0,548,"[258 259 260 261 262 263 264 265 266 267 268 269 270 271 272 273 274 275
 276 277 278 279]"
5,8,23,19,0,438,"[257 258 259 260 261 262 263 264 265 266 267 268 269 270 271 272 273 274
 275 276 277 278 279]"
5,8,24,20,0,119,[]
5,8,24,21,0,276,[279]
5,8,24,22,0,156,[278 279]
5,8,24,23,0,765,[277 278 279]
5,8,24,24,0,352,[276 277 278 279]
2,25,24,0,0,548,[]
2,25,24,1,0,264,[299]
2,25,24,2,0,121,[298 299]
2,25,24,3,0,705,[297 298 299]
2,25,24,4,0,771,[296 297 298 299]
2,25,24,5,0,391,[295 296 297 298 299]
2,25,24,6,0,95,[294 295 296 297 298 299]
2,25,24,7,0,541,[293 294 295 296 297 298 299]
2,25,24,8,0,31,[292 293 294 295 296 297 298 299]
2,25,24,9,0,192,[291 292 293 294 295 296 297 298 299]
2,25,24,10,0,828,[290 291 292 293 294 295 296 297 298 299]
2,25,24,11,0,662,[289 290 291 292 293 294 295 296 297 298 299]
2,25,24,12,0,258,[288 289 290 291 292 293 294 295 296 297 298 299]
2,25,24,13,0,347,[287 288 289 290 291 292 293 294 295 296 297 298 299]
2,25,24,14,0,195,[286 287 288 289 290 291 292 293 294 295 296 297 298 299]
2,25,24,15,0,73,[285 286 287 288 289 290 291 292 293 294 295 296 297 298 299]
2,25,24,16,0,748,[284 285 286 287 288 289 290 291 292 293 294 295 296 297 298 299]
2,25,24,17,0,865,[283 284 285 286 287 288 289 290 291 292 293 294 295 296 297 298 299]
2,25,24,18,0,717,[282 283 284 285 286 287 288 289 290 291 292 293 294 295 296 297 298 299]
2,25,24,19,0,123,"[281 282 283 284 285 286 287 288 289 290 291 292 293 294 295 296 297 298
 299]"
2,25,24,20,0,984,"[280 281 282 283 284 285 286 287 288 289 290 291 292 293 294 295 296 297
 298 299]"
2,25,24,21,0,901,"[179 208 281 282 283 284  56 286 287 288 289 290 291 292 293 294 295 296
 297 298 299]"
2,25,24,22,0,849,"[278 179 208 219 282 283 284  56 220 287 288 289 221 291 292 293 294 295
 296 297 298 299]"
2,25,24,23,0,671,"[277 278 179 208  68 178 283 284  56 220 192 288 289 221 194 292 293 233
 295 296 297 298 299]"
2,25,24,24,0,374,"[141 121 278 244 208 106 178   2 284  56 263 254  41 289 221 194 161 293
 233  12 296  38 298 299]"
2,25,25,25,0,248,[]
6,7,24,0,0,611,[300 301 302 303 304 305 306 307 308 309 310 311 312 313 314]
6,7,24,1,0,940,[299 300 301 302 303 304 305 306 307 308 309 310 311 312 313 314]
6,7,24,2,0,507,[298 299 300 301 302 303 304 305 306 307 308 309 310 311 312 313 314]
6,7,24,3,0,789,[297 298 299 300 301 302 303 304 305 306 307 308 309 310 311 312 313 314]
6,7,24,4,0,395,"[296 297 298 299 300 301 302 303 304 305 306 307 308 309 310 311 312 313
 314]"
6,7,24,5,0,24,"[295 296 297 298 299 300 301 302 303 304 305 306 307 308 309 310 311 312
 313 314]"
6,7,24,6,0,180,"[294 295 296 297 298 299 300 301 302 303 304 305 306 307 308 309 310 311
 312 313 314]"
6,7,24,7,0,770,"[293 294 295 296 297 298 299 300 301 302 303 304 305 306 307 308 309 310
 311 312 313 314]"
6,7,24,8,0,516,"[292 293 294 295 296 297 298 299 300 301 302 303 304 305 306 307 308 309
 310 311 312 313 314]"
6,7,24,9,0,662,"[291 292 293 294 295 296 297 298 299 300 301 302 303 304 305 306 307 308
 309 310 311 312 313 314]"
6,7,25,10,0,335,[]
6,7,25,11,0,444,[314]
6,7,25,12,0,880,[313 314]
6,7,25,13,0,90,[312 313 314]
6,7,25,14,0,188,[311 312 313 314]
6,7,25,15,0,814,[310 311 312 313 314]
6,7,25,16,0,87,[309 310 311 312 313 314]
6,7,25,17,0,927,[308 309 310 311 312 313 314]
6,7,25,18,0,275,[307 308 309 310 311 312 313 314]
6,7,25,19,0,509,[306 307 308 309 310 311 312 313 314]
6,7,25,20,0,16,[305 306 307 308 309 310 311 312 313 314]
6,7,25,21,0,258,[304 305 306 307 308 309 310 311 312 313 314]
6,7,25,22,0,831,[303 304 305 306 307 308 309 310 311 312 313 314]
6,7,25,23,0,173,[302 303 304 305 306 307 308 309 310 311 312 313 314]
6,7,25,24,0,794,[301 302 303 304 305 306 307 308 309 310 311 312 313 314]
6,7,25,25,0,251,[300 301 302 303 304 305 306 307 308 309 310 311 312 313 314]
3,15,24,0,0,405,[300 301 302 303 304 305 306 307 308 309 310 311 312 313 314]
3,15,24,1,0,835,[299 300 301 302 303 304 305 306 307 308 309 310 311 312 313 314]
3,15,24,2,0,34,[298 299 300 301 302 303 304 305 306 307 308 309 310 311 312 313 314]
3,15,24,3,0,643,[297 298 299 300 301 302 303 304 305 306 307 308 309 310 311 312 313 314]
3,15,24,4,0,26,"[296 297 298 299 300 301 302 303 304 305 306 307 308 309 310 311 312 313
 314]"
3,15,24,5,0,150,"[295 296 297 298 299 300 301 302 303 304 305 306 307 308 309 310 311 312
 313 314]"
3,15,24,6,0,455,"[294 295 296 297 298 299 300 301 302 303 304 305 306 307 308 309 310 311
 312 313 314]"
3,15,24,7,0,621,"[293 294 295 296 297 298 299 300 301 302 303 304 305 306 307 308 309 310
 311 312 313 314]"
3,15,24,8,0,701,"[292 293 294 295 296 297 298 299 300 301 302 303 304 305 306 307 308 309
 310 311 312 313 314]"
3,15,24,9,0,367,"[291 292 293 294 295 296 297 298 299 300 301 302 303 304 305 306 307 308
 309 310 311 312 313 314]"
3,15,25,10,0,549,[]
3,15,25,11,0,645,[314]
3,15,25,12,0,272,[313 314]
3,15,25,13,0,69,[312 313 314]
3,15,25,14,0,840,[311 312 313 314]
3,15,25,15,0,791,[310 311 312 313 314]
3,15,25,16,0,39,[309 310 311 312 313 314]
3,15,25,17,0,569,[308 309 310 311 312 313 314]
3,15,25,18,0,912,[307 308 309 310 311 312 313 314]
3,15,25,19,0,719,[306 307 308 309 310 311 312 313 314]
3,15,25,20,0,976,[305 306 307 308 309 310 311 312 313 314]
3,15,25,21,0,933,[304 305 306 307 308 309 310 311 312 313 314]
3,15,25,22,0,834,[303 304 305 306 307 308 309 310 311 312 313 314]
3,15,25,23,0,151,[302 303 304 305 306 307 308 309 310 311 312 313 314]
3,15,25,24,0,763,[301 302 303 304 305 306 307 308 309 310 311 312 313 314]
3,15,25,25,0,416,[300 301 302 303 304 305 306 307 308 309 310 311 312 313 314]
2,26,25,0,0,28,[]
2,26,25,1,0,2,[324]
2,26,25,2,0,644,[323 324]
2,26,25,3,0,722,[322 323 324]
2,26,25,4,0,868,[321 322 323 324]
2,26,25,5,0,489,[320 321 322 323 324]
2,26,25,6,0,853,[319 320 321 322 323 324]
2,26,25,7,0,162,[318 319 320 321 322 323 324]
2,26,25,8,0,447,[317 318 319 320 321 322 323 324]
2,26,25,9,0,104,[316 317 318 319 320 321 322 323 324]
2,26,25,10,0,558,[315 316 317 318 319 320 321 322 323 324]
2,26,25,11,0,580,[314 315 316 317 318 319 320 321 322 323 324]
2,26,25,12,0,181,[313 314 315 316 317 318 319 320 321 322 323 324]
2,26,25,13,0,626,[312 313 314 315 316 317 318 319 320 321 322 323 324]
2,26,25,14,0,201,[311 312 313 314 315 316 317 318 319 320 321 322 323 324]
2,26,25,15,0,733,[310 311 312 313 314 315 316 317 318 319 320 321 322 323 324]
2,26,25,16,0,703,[309 310 311 312 313 314 315 316 317 318 319 320 321 322 323 324]
2,26,25,17,0,231,[308 309 310 311 312 313 314 315 316 317 318 319 320 321 322 323 324]
2,26,25,18,0,450,[307 308 309 310 311 312 313 314 315 316 317 318 319 320 321 322 323 324]
2,26,25,19,0,371,"[306 307 308 309 310 311 312 313 314 315 316 317 318 319 320 321 322 323
 324]"
2,26,25,20,0,512,"[305 306 307 308 309 310 311 312 313 314 315 316 317 318 319 320 321 322
 323 324]"
2,26,25,21,0,35,"[106 305 306 307 308 309 310 311 312 313 314 315 316 317 318 319 320 321
 322 323 324]"
2,26,25,22,0,845,"[303 106 217 306 307 308 309 230 311 312 313 314 315 316 317 318 319 320
 321 322 323 324]"
2,26,25,23,0,324,"[302 303 106 217 202 307 308 309 230  89 312 313 314  69 316 317 318 319
 320 321 322 323 324]"
2,26,25,24,0,320,"[151 302 303 106 217 202 204 308 309 230  89 131 313 314  69 245 317 318
  37 320 321 322 323 324]"
2,26,25,25,0,42,"[104 151 288 303 106 217 257 204 170 309 230  89 131 296 314  69 245  22
 318  37 188 321 269 323 324]"
2,26,26,26,0,28,[]
4,11,25,0,0,918,[325 326 327 328 329]
4,11,25,1,0,191,[324 325 326 327 328 329]
4,11,25,2,0,518,[323 324 325 326 327 328 329]
4,11,25,3,0,470,[322 323 324 325 326 327 328 329]
4,11,25,4,0,161,[321 322 323 324 325 326 327 328 329]
4,11,25,5,0,831,[320 321 322 323 324 325 326 327 328 329]
4,11,25,6,0,375,[319 320 321 322 323 324 325 326 327 328 329]
4,11,25,7,0,80,[318 319 320 321 322 323 324 325 326 327 328 329]
4,11,25,8,0,910,[317 318 319 320 321 322 323 324 325 326 327 328 329]
4,11,25,9,0,625,[316 317 318 319 320 321 322 323 324 325 326 327 328 329]
4,11,25,10,0,45,[315 316 317 318 319 320 321 322 323 324 325 326 327 328 329]
4,11,25,11,0,95,[314 315 316 317 318 319 320 321 322 323 324 325 326 327 328 329]
4,11,25,12,0,944,[313 314 315 316 317 318 319 320 321 322 323 324 325 326 327 328 329]
4,11,25,13,0,294,[312 313 314 315 316 317 318 319 320 321 322 323 324 325 326 327 328 329]
4,11,25,14,0,185,"[311 312 313 314 315 316 317 318 319 320 321 322 323 324 325 326 327 328
 329]"
4,11,25,15,0,816,"[310 311 312 313 314 315 316 317 318 319 320 321 322 323 324 325 326 327
 328 329]"
4,11,25,16,0,422,"[309 310 311 312 313 314 315 316 317 318 319 320 321 322 323 324 325 326
 327 328 329]"
4,11,25,17,0,686,"[308 309 310 311 312 313 314 315 316 317 318 319 320 321 322 323 324 325
 326 327 328 329]"
4,11,25,18,0,253,"[307 308 309 310 311 312 313 314 315 316 317 318 319 320 321 322 323 324
 325 326 327 328 329]"
4,11,25,19,0,162,"[306 307 308 309 310 311 312 313 314 315 316 317 318 319 320 321 322 323
 324 325 326 327 328 329]"
4,11,25,20,0,970,"[305 306 307 308 309 310 311 312 313 314 315 316 317 318 319 320 321 322
 323 324 325 326 327 328 329]"
4,11,26,21,0,345,[]
4,11,26,22,0,918,[329]
4,11,26,23,0,267,[328 329]
4,11,26,24,0,469,[327 328 329]
4,11,26,25,0,338,[326 327 328 329]
4,11,26,26,0,855,[325 326 327 328 329]
2,27,26,0,0,730,[]
2,27,26,1,0,242,[350]
2,27,26,2,0,45,[349 350]
2,27,26,3,0,569,[348 349 350]
2,27,26,4,0,591,[347 348 349 350]
2,27,26,5,0,54,[346 347 348 349 350]
2,27,26,6,0,401,[345 346 347 348 349 350]
2,27,26,7,0,270,[344 345 346 347 348 349 350]
2,27,26,8,0,348,[343 344 345 346 347 348 349 350]
2,27,26,9,0,868,[342 343 344 345 346 347 348 349 350]
2,27,26,10,0,870,[341 342 343 344 345 346 347 348 349 350]
2,27,26,11,0,653,[340 341 342 343 344 345 346 347 348 349 350]
2,27,26,12,0,819,[339 340 341 342 343 344 345 346 347 348 349 350]
2,27,26,13,0,255,[338 339 340 341 342 343 344 345 346 347 348 349 350]
2,27,26,14,0,352,[337 338 339 340 341 342 343 344 345 346 347 348 349 350]
2,27,26,15,0,293,[336 337 338 339 340 341 342 343 344 345 346 347 348 349 350]
2,27,26,16,0,377,[335 336 337 338 339 340 341 342 343 344 345 346 347 348 349 350]
2,27,26,17,0,100,[334 335 336 337 338 339 340 341 342 343 344 345 346 347 348 349 350]
2,27,26,18,0,588,[333 334 335 336 337 338 339 340 341 342 343 344 345 346 347 348 349 350]
2,27,26,19,0,743,"[332 333 334 335 336 337 338 339 340 341 342 343 344 345 346 347 348 349
 350]"
2,27,26,20,0,216,"[331 332 333 334 335 336 337 338 339 340 341 342 343 344 345 346 347 348
 349 350]"
2,27,26,21,0,304,"[330 331 332 333 334 335 336 337 338 339 340 341 342 343 344 345 346 347
 348 349 350]"
2,27,26,22,0,492,"[329 230 331 332 333 334 335 336 337 338 339 340 341 342 343 344 345 346
 347 348 349 350]"
2,27,26,23,0,871,"[328 329 230  73 332 333 334 335  74 337 338 339 340 341 342 343 344 345
 346 347 348 349 350]"
2,27,26,24,0,934,"[327 328 329 230  73 119 333 334 335  74 134 338 339 340  41 342 343 344
 345 346 347 348 349 350]"
2,27,26,25,0,125,"[272 295 328 329 230  73 119 152 334 335  74 134 212 339 340  41 283 343
 344 196 346 347 348 349 350]"
2,27,26,26,0,168,"[ 93 272 295 245 329 230 305 119 152 314 335  74 134 212 173 340  41 283
 322 344 196  16 347 258 349 350]"
2,27,27,27,0,813,[]
5,9,26,0,0,150,[351 352 353 354 355 356 357 358 359]
5,9,26,1,0,805,[350 351 352 353 354 355 356 357 358 359]
5,9,26,2,0,431,[349 350 351 352 353 354 355 356 357 358 359]
5,9,26,3,0,248,[348 349 350 351 352 353 354 355 356 357 358 359]
5,9,26,4,0,495,[347 348 349 350 351 352 353 354 355 356 357 358 359]
5,9,26,5,0,392,[346 347 348 349 350 351 352 353 354 355 356 357 358 359]
5,9,26,6,0,652,[345 346 347 348 349 350 351 352 353 354 355 356 357 358 359]
5,9,26,7,0,368,[344 345 346 347 348 349 350 351 352 353 354 355 356 357 358 359]
5,9,26,8,0,461,[343 344 345 346 347 348 349 350 351 352 353 354 355 356 357 358 359]
5,9,26,9,0,357,[342 343 344 345 346 347 348 349 350 351 352 353 354 355 356 357 358 359]
5,9,26,10,0,362,"[341 342 343 344 345 346 347 348 349 350 351 352 353 354 355 356 357 358
 359]"
5,9,26,11,0,806,"[340 341 342 343 344 345 346 347 348 349 350 351 352 353 354 355 356 357
 358 359]"
5,9,26,12,0,483,"[339 340 341 342 343 344 345 346 347 348 349 350 351 352 353 354 355 356
 357 358 359]"
5,9,26,13,0,723,"[338 339 340 341 342 343 344 345 346 347 348 349 350 351 352 353 354 355
 356 357 358 359]"
5,9,26,14,0,410,"[337 338 339 340 341 342 343 344 345 346 347 348 349 350 351 352 353 354
 355 356 357 358 359]"
5,9,26,15,0,832,"[336 337 338 339 340 341 342 343 344 345 346 347 348 349 350 351 352 353
 354 355 356 357 358 359]"
5,9,26,16,0,74,"[335 336 337 338 339 340 341 342 343 344 345 346 347 348 349 350 351 352
 353 354 355 356 357 358 359]"
5,9,26,17,0,70,"[334 335 336 337 338 339 340 341 342 343 344 345 346 347 348 349 350 351
 352 353 354 355 356 357 358 359]"
5,9,27,18,0,990,[]
5,9,27,19,0,536,[359]
5,9,27,20,0,702,[358 359]
5,9,27,21,0,516,[357 358 359]
5,9,27,22,0,45,[356 357 358 359]
5,9,27,23,0,483,[355 356 357 358 359]
5,9,27,24,0,623,[354 355 356 357 358 359]
5,9,27,25,0,659,[353 354 355 356 357 358 359]
5,9,27,26,0,358,[352 353 354 355 356 357 358 359]
5,9,27,27,0,457,[351 352 353 354 355 356 357 358 359]
3,16,26,0,0,744,[351 352 353 354 355 356 357 358 359]
3,16,26,1,0,492,[350 351 352 353 354 355 356 357 358 359]
3,16,26,2,0,247,[349 350 351 352 353 354 355 356 357 358 359]
3,16,26,3,0,583,[348 349 350 351 352 353 354 355 356 357 358 359]
3,16,26,4,0,996,[347 348 349 350 351 352 353 354 355 356 357 358 359]
3,16,26,5,0,521,[346 347 348 349 350 351 352 353 354 355 356 357 358 359]
3,16,26,6,0,954,[345 346 347 348 349 350 351 352 353 354 355 356 357 358 359]
3,16,26,7,0,192,[344 345 346 347 348 349 350 351 352 353 354 355 356 357 358 359]
3,16,26,8,0,28,[343 344 345 346 347 348 349 350 351 352 353 354 355 356 357 358 359]
3,16,26,9,0,419,[342 343 344 345 346 347 348 349 350 351 352 353 354 355 356 357 358 359]
3,16,26,10,0,135,"[341 342 343 344 345 346 347 348 349 350 351 352 353 354 355 356 357 358
 359]"
3,16,26,11,0,526,"[340 341 342 343 344 345 346 347 348 349 350 351 352 353 354 355 356 357
 358 359]"
3,16,26,12,0,925,"[339 340 341 342 343 344 345 346 347 348 349 350 351 352 353 354 355 356
 357 358 359]"
3,16,26,13,0,907,"[338 339 340 341 342 343 344 345 346 347 348 349 350 351 352 353 354 355
 356 357 358 359]"
3,16,26,14,0,82,"[337 338 339 340 341 342 343 344 345 346 347 348 349 350 351 352 353 354
 355 356 357 358 359]"
3,16,26,15,0,567,"[336 337 338 339 340 341 342 343 344 345 346 347 348 349 350 351 352 353
 354 355 356 357 358 359]"
3,16,26,16,0,73,"[335 336 337 338 339 340 341 342 343 344 345 346 347 348 349 350 351 352
 353 354 355 356 357 358 359]"
3,16,26,17,0,894,"[334 335 336 337 338 339 340 341 342 343 344 345 346 347 348 349 350 351
 352 353 354 355 356 357 358 359]"
3,16,27,18,0,225,[]
3,16,27,19,0,408,[359]
3,16,27,20,0,436,[358 359]
3,16,27,21,0,340,[357 358 359]
3,16,27,22,0,118,[356 357 358 359]
3,16,27,23,0,215,[355 356 357 358 359]
3,16,27,24,0,967,[354 355 356 357 358 359]
3,16,27,25,0,669,[353 354 355 356 357 358 359]
3,16,27,26,0,541,[352 353 354 355 356 357 358 359]
3,16,27,27,0,376,[351 352 353 354 355 356 357 358 359]
2,28,27,0,0,156,[]
2,28,27,1,0,417,[377]
2,28,27,2,0,705,[376 377]
2,28,27,3,0,169,[375 376 377]
2,28,27,4,0,195,[374 375 376 377]
2,28,27,5,0,212,[373 374 375 376 377]
2,28,27,6,0,23,[372 373 374 375 376 377]
2,28,27,7,0,400,[371 372 373 374 375 376 377]
2,28,27,8,0,88,[370 371 372 373 374 375 376 377]
2,28,27,9,0,73,[369 370 371 372 373 374 375 376 377]
2,28,27,10,0,432,[368 369 370 371 372 373 374 375 376 377]
2,28,27,11,0,143,[367 368 369 370 371 372 373 374 375 376 377]
2,28,27,12,0,329,[366 367 368 369 370 371 372 373 374 375 376 377]
2,28,27,13,0,807,[365 366 367 368 369 370 371 372 373 374 375 376 377]
2,28,27,14,0,155,[364 365 366 367 368 369 370 371 372 373 374 375 376 377]
2,28,27,15,0,848,[363 364 365 366 367 368 369 370 371 372 373 374 375 376 377]
2,28,27,16,0,627,[362 363 364 365 366 367 368 369 370 371 372 373 374 375 376 377]
2,28,27,17,0,464,[361 362 363 364 365 366 367 368 369 370 371 372 373 374 375 376 377]
2,28,27,18,0,871,[360 361 362 363 364 365 366 367 368 369 370 371 372 373 374 375 376 377]
2,28,27,19,0,243,"[359 360 361 362 363 364 365 366 367 368 369 370 371 372 373 374 375 376
 377]"
2,28,27,20,0,671,"[358 359 360 361 362 363 364 365 366 367 368 369 370 371 372 373 374 375
 376 377]"
2,28,27,21,0,494,"[357 358 359 360 361 362 363 364 365 366 367 368 369 370 371 372 373 374
 375 376 377]"
2,28,27,22,0,186,"[356 357 358 359 360 361 362 363 364 365 366 367 368 369 370 371 372 373
 374 375 376 377]"
2,28,27,23,0,938,"[355 356 241 358 359 360 361 362 363 364 365 366 367 368 369 370 371 372
 373 374 375 376 377]"
2,28,27,24,0,770,"[354 355 356 241 118 359 360 361 362  96 364 365 366 367 368 369 370 371
 372 373 374 375 376 377]"
2,28,27,25,0,346,"[220 354 355 356 241 118 286 360 361 362  96 256 365 366 367 299 369 370
 371 372 373 374 375 376 377]"
2,28,27,26,0,919,"[ 25 220 311 355 356 241 118 286 321 361 362  96 256 322 366 367 299 139
 370 371 143 373 374 375 376 377]"
2,28,27,27,0,187,"[162  25 220 311 187 356 241 118 286 272 341 362  96 256 322 204 367 299
  16  75 371 143 349 374  47 376 377]"
2,28,28,28,0,195,[]
4,12,27,0,0,598,[378 379 380 381 382 383 384 385 386 387 388 389 390 391 392 393 394 395]
4,12,27,1,0,823,"[377 378 379 380 381 382 383 384 385 386 387 388 389 390 391 392 393 394
 395]"
4,12,27,2,0,171,"[376 377 378 379 380 381 382 383 384 385 386 387 388 389 390 391 392 393
 394 395]"
4,12,27,3,0,884,"[375 376 377 378 379 380 381 382 383 384 385 386 387 388 389 390 391 392
 393 394 395]"
4,12,27,4,0,254,"[374 375 376 377 378 379 380 381 382 383 384 385 386 387 388 389 390 391
 392 393 394 395]"
4,12,27,5,0,420,"[373 374 375 376 377 378 379 380 381 382 383 384 385 386 387 388 389 390
 391 392 393 394 395]"
4,12,27,6,0,464,"[372 373 374 375 376 377 378 379 380 381 382 383 384 385 386 387 388 389
 390 391 392 393 394 395]"
4,12,27,7,0,793,"[371 372 373 374 375 376 377 378 379 380 381 382 383 384 385 386 387 388
 389 390 391 392 393 394 395]"
4,12,27,8,0,134,"[370 371 372 373 374 375 376 377 378 379 380 381 382 383 384 385 386 387
 388 389 390 391 392 393 394 395]"
4,12,27,9,0,57,"[369 370 371 372 373 374 375 376 377 378 379 380 381 382 383 384 385 386
 387 388 389 390 391 392 393 394 395]"
4,12,28,10,0,937,[]
4,12,28,11,0,619,[395]
4,12,28,12,0,952,[394 395]
4,12,28,13,0,569,[393 394 395]
4,12,28,14,0,655,[392 393 394 395]
4,12,28,15,0,421,[391 392 393 394 395]
4,12,28,16,0,752,[390 391 392 393 394 395]
4,12,28,17,0,674,[389 390 391 392 393 394 395]
4,12,28,18,0,311,[388 389 390 391 392 393 394 395]
4,12,28,19,0,93,[387 388 389 390 391 392 393 394 395]
4,12,28,20,0,477,[386 387 388 389 390 391 392 393 394 395]
4,12,28,21,0,394,[385 386 387 388 389 390 391 392 393 394 395]
4,12,28,22,0,309,[384 385 386 387 388 389 390 391 392 393 394 395]
4,12,28,23,0,519,[383 384 385 386 387 388 389 390 391 392 393 394 395]
4,12,28,24,0,667,[382 383 384 385 386 387 388 389 390 391 392 393 394 395]
4,12,28,25,0,536,[381 382 383 384 385 386 387 388 389 390 391 392 393 394 395]
4,12,28,26,0,191,[380 381 382 383 384 385 386 387 388 389 390 391 392 393 394 395]
4,12,28,27,0,632,[379 380 381 382 383 384 385 386 387 388 389 390 391 392 393 394 395]
4,12,28,28,0,70,[378 379 380 381 382 383 384 385 386 387 388 389 390 391 392 393 394 395]
2,29,28,0,0,328,[]
2,29,28,1,0,290,[405]
2,29,28,2,0,834,[404 405]
2,29,28,3,0,441,[403 404 405]
2,29,28,4,0,675,[401 403 404 405]
2,29,28,5,0,442,[401 402 403 404 405]
2,29,28,6,0,745,[400 401 402 403 404 405]
2,29,28,7,0,9,[399 400 401 402 403 404 405]
2,29,28,8,0,755,[398 399 400 401 402 403 404 405]
2,29,28,9,0,735,[397 398 399 400 401 402 403 404 405]
2,29,28,10,0,940,[396 397 398 399 400 401 402 403 404 405]
2,29,28,11,0,410,[395 396 397 398 399 400 401 402 403 404 405]
2,29,28,12,0,428,[394 395 396 397 398 399 400 401 402 403 404 405]
2,29,28,13,0,492,[393 394 395 396 397 398 399 400 401 402 403 404 405]
2,29,28,14,0,698,[392 393 394 395 396 397 398 399 400 401 402 403 404 405]
2,29,28,15,0,292,[391 392 393 394 395 396 397 398 399 400 401 402 403 404 405]
2,29,28,16,0,565,[390 391 392 393 394 395 396 397 398 399 400 401 402 403 404 405]
2,29,28,17,0,383,[389 390 391 392 393 394 395 396 397 398 399 400 401 402 403 404 405]
2,29,28,18,0,314,[388 389 390 391 392 393 394 395 396 397 398 399 400 401 402 403 404 405]
2,29,28,19,0,411,"[387 388 389 390 391 392 393 394 395 396 397 398 399 400 401 402 403 404
 405]"
2,29,28,20,0,594,"[386 387 388 389 390 391 392 393 394 395 396 397 398 399 400 401 402 403
 404 405]"
2,29,28,21,0,543,"[385 386 387 388 389 390 391 392 393 394 395 396 397 398 399 400 401 402
 403 404 405]"
2,29,28,22,0,49,"[384 385 386 387 388 389 390 391 392 393 394 395 396 397 398 399 400 401
 402 403 404 405]"
2,29,28,23,0,869,"[383 384 385 386 387 388 389 390 391 392 393 394 395 396 397 398 399 400
 401 402 403 404 405]"
2,29,28,24,0,227,"[382 383 384 233 386 387 388 389 390 391 392 393 394 395 396 397 398 399
 400 401 402 403 404 405]"
2,29,28,25,0,83,"[381 382 383 384 233 298 387 388 389 390 299 392 393 394 395 396 397 398
 399 400 401 402 403 404 405]"
2,29,28,26,0,772,"[297  95 382 383 384 233 298 267 388 389 390 299 283 393 394 395 312 397
 398 399 400 401 402 403 404 405]"
2,29,28,27,0,712,"[148  67  95 211 383 384 233 298 267 122 389 390 299 283  76 394 395 312
 349 398 399 350 401 402 403 404 405]"
2,29,28,28,0,516,"[252 148  67  95 211 117 384 233  53 267 122  92 390 299 283  76 170 395
 312  11 188 399 350 369 402 377 404 405]"
2,29,29,29,0,863,[]
3,17,28,0,0,721,[406 407]
3,17,28,1,0,79,[405 406 407]
3,17,28,2,0,714,[404 405 406 407]
3,17,28,3,0,693,[403 404 405 406 407]
3,17,28,4,0,405,[402 403 404 405 406 407]
3,17,28,5,0,734,[401 402 403 404 405 406 407]
3,17,28,6,0,301,[400 401 402 403 404 405 406 407]
3,17,28,7,0,332,[399 400 401 402 403 404 405 406 407]
3,17,28,8,0,272,[398 399 400 401 402 403 404 405 406 407]
3,17,28,9,0,406,[397 398 399 400 401 402 403 404 405 406 407]
3,17,28,10,0,378,[396 397 398 399 400 401 402 403 404 405 406 407]
3,17,28,11,0,60,[395 396 397 398 399 400 401 402 403 404 405 406 407]
3,17,28,12,0,765,[394 395 396 397 398 399 400 401 402 403 404 405 406 407]
3,17,28,13,0,253,[393 394 395 396 397 398 399 400 401 402 403 404 405 406 407]
3,17,28,14,0,406,[392 393 394 395 396 397 398 399 400 401 402 403 404 405 406 407]
3,17,28,15,0,37,[391 392 393 394 395 396 397 398 399 400 401 402 403 404 405 406 407]
3,17,28,16,0,106,[390 391 392 393 394 395 396 397 398 399 400 401 402 403 404 405 406 407]
3,17,28,17,0,367,"[389 390 391 392 393 394 395 396 397 398 399 400 401 402 403 404 405 406
 407]"
3,17,28,18,0,299,"[388 389 390 391 392 393 394 395 396 397 398 399 400 401 402 403 404 405
 406 407]"
3,17,28,19,0,104,"[387 388 389 390 391 392 393 394 395 396 397 398 399 400 401 402 403 404
 405 406 407]"
3,17,28,20,0,785,"[386 387 388 389 390 391 392 393 394 395 396 397 398 399 400 401 402 403
 404 405 406 407]"
3,17,28,21,0,632,"[385 386 387 388 389 390 391 392 393 394 395 396 397 398 399 400 401 402
 403 404 405 406 407]"
3,17,28,22,0,15,"[384 385 386 387 388 389 390 391 392 393 394 395 396 397 398 399 400 401
 402 403 404 405 406 407]"
3,17,28,23,0,980,"[383 384 385 386 387 388 389 390 391 392 393 394 395 396 397 398 399 400
 401 402 403 404 405 406 407]"
3,17,28,24,0,203,"[382 383 384 385 386 387 388 389 390 391 392 393 394 395 396 397 398 399
 400 401 402 403 404 405 406 407]"
3,17,28,25,0,19,"[381 382 383 384 385 386 387 388 389 390 391 392 393 394 395 396 397 398
 399 400 401 402 403 404 405 406 407]"
3,17,28,26,0,860,"[380 381 382 383 384 385 386 387 388 389 390 391 392 393 394 395 396 397
 398 399 400 401 402 403 404 405 406 407]"
3,17,29,27,0,256,[]
3,17,29,28,0,568,[407]
3,17,29,29,0,495,[406 407]
6,8,28,0,0,850,[406 407 408 409 410 411 412 413 414 415 416 417 418 419]
6,8,28,1,0,500,[405 406 407 408 409 410 411 412 413 414 415 416 417 418 419]
6,8,28,2,0,290,[404 405 406 407 408 409 410 411 412 413 414 415 416 417 418 419]
6,8,28,3,0,378,[403 404 405 406 407 408 409 410 411 412 413 414 415 416 417 418 419]
6,8,28,4,0,216,[402 403 404 405 406 407 408 409 410 411 412 413 414 415 416 417 418 419]
6,8,28,5,0,969,"[401 402 403 404 405 406 407 408 409 410 411 412 413 414 415 416 417 418
 419]"
6,8,28,6,0,390,"[400 401 402 403 404 405 406 407 408 409 410 411 412 413 414 415 416 417
 418 419]"
6,8,28,7,0,464,"[399 400 401 402 403 404 405 406 407 408 409 410 411 412 413 414 415 416
 417 418 419]"
6,8,28,8,0,88,"[398 399 400 401 402 403 404 405 406 407 408 409 410 411 412 413 414 415
 416 417 418 419]"
6,8,28,9,0,535,"[397 398 399 400 401 402 403 404 405 406 407 408 409 410 411 412 413 414
 415 416 417 418 419]"
6,8,28,10,0,436,"[396 397 398 399 400 401 402 403 404 405 406 407 408 409 410 411 412 413
 414 415 416 417 418 419]"
6,8,28,11,0,386,"[395 396 397 398 399 400 401 402 403 404 405 406 407 408 409 410 411 412
 413 414 415 416 417 418 419]"
6,8,28,12,0,857,"[394 395 396 397 398 399 400 401 402 403 404 405 406 407 408 409 410 411
 412 413 414 415 416 417 418 419]"
6,8,28,13,0,831,"[393 394 395 396 397 398 399 400 401 402 403 404 405 406 407 408 409 410
 411 412 413 414 415 416 417 418 419]"
6,8,28,14,0,938,"[392 393 394 395 396 397 398 399 400 401 402 403 404 405 406 407 408 409
 410 411 412 413 414 415 416 417 418 419]"
6,8,29,15,0,172,[]
6,8,29,16,0,533,[419]
6,8,29,17,0,627,[418 419]
6,8,29,18,0,722,[417 418 419]
6,8,29,19,0,423,[416 417 418 419]
6,8,29,20,0,347,[415 416 417 418 419]
6,8,29,21,0,671,[414 415 416 417 418 419]
6,8,29,22,0,131,[413 414 415 416 417 418 419]
6,8,29,23,0,197,[412 413 414 415 416 417 418 419]
6,8,29,24,0,630,[411 412 413 414 415 416 417 418 419]
6,8,29,25,0,773,[410 411 412 413 414 415 416 417 418 419]
6,8,29,26,0,913,[409 410 411 412 413 414 415 416 417 418 419]
6,8,29,27,0,393,[408 409 410 411 412 413 414 415 416 417 418 419]
6,8,29,28,0,505,[407 408 409 410 411 412 413 414 415 416 417 418 419]
6,8,29,29,0,729,[406 407 408 409 410 411 412 413 414 415 416 417 418 419]
2,30,29,0,0,962,[]
2,30,29,1,0,623,[434]
2,30,29,2,0,71,[433 434]
2,30,29,3,0,947,[432 433 434]
2,30,29,4,0,510,[431 432 433 434]
2,30,29,5,0,130,[430 431 432 433 434]
2,30,29,6,0,931,[429 430 431 432 433 434]
2,30,29,7,0,735,[428 429 430 431 432 433 434]
2,30,29,8,0,405,[427 428 429 430 431 432 433 434]
2,30,29,9,0,777,[426 427 428 429 430 431 432 433 434]
2,30,29,10,0,132,[425 426 427 428 429 430 431 432 433 434]
2,30,29,11,0,419,[424 425 426 427 428 429 430 431 432 433 434]
2,30,29,12,0,368,[423 424 425 426 427 428 429 430 431 432 433 434]
2,30,29,13,0,996,[422 423 424 425 426 427 428 429 430 431 432 433 434]
2,30,29,14,0,246,[421 422 423 424 425 426 427 428 429 430 431 432 433 434]
2,30,29,15,0,214,[420 421 422 423 424 425 426 427 428 429 430 431 432 433 434]
2,30,29,16,0,719,[419 420 421 422 423 424 425 426 427 428 429 430 431 432 433 434]
2,30,29,17,0,824,[418 419 420 421 422 423 424 425 426 427 428 429 430 431 432 433 434]
2,30,29,18,0,307,[417 418 419 420 421 422 423 424 425 426 427 428 429 430 431 432 433 434]
2,30,29,19,0,283,"[416 417 418 419 420 421 422 423 424 425 426 427 428 429 430 431 432 433
 434]"
2,30,29,20,0,616,"[415 416 417 418 419 420 421 422 423 424 425 426 427 428 429 430 431 432
 433 434]"
2,30,29,21,0,62,"[414 415 416 417 418 419 420 421 422 423 424 425 426 427 428 429 430 431
 432 433 434]"
2,30,29,22,0,138,"[413 414 415 416 417 418 419 420 421 422 423 424 425 426 427 428 429 430
 431 432 433 434]"
2,30,29,23,0,373,"[412 413 414 415 416 417 418 419 420 421 422 423 424 425 426 427 428 429
 430 431 432 433 434]"
2,30,29,24,0,706,"[411 412 413 414 415 416 417 418 419 420 421 422 423 424 425 426 427 428
 429 430 431 432 433 434]"
2,30,29,25,0,779,"[410 411 412 413 104 415 416 417 418 419 420 421 422 423 424 425 426 427
 428 429 430 431 432 433 434]"
2,30,29,26,0,739,"[ 37 410 411 412 413 104  56 416 417 418 419 279 421 422 423 424 425 426
 427 428 429 430 431 432 433 434]"
2,30,29,27,0,439,"[298  37  38 411 412 413 104  56  47 417 418 419 279 329 422 423 424 220
 426 427 428 429 430 431 432 433 434]"
2,30,29,28,0,189,"[262 298  37  38 172 412 413 104  56  47 150 418 419 279 329  67 423 424
 220 313 427 428 356 430 431 432 433 434]"
2,30,29,29,0,989,"[406 379 298  37  23 172 242 413 104  56  47 150 389 419 279 329  67 343
 424 220 313 124 428 356 197 431 368 433 434]"
2,30,30,30,0,96,[]
7,7,29,0,0,548,[435 436 437 438 439 440]
7,7,29,1,0,663,[434 435 436 437 438 439 440]
7,7,29,2,0,654,[433 434 435 436 437 438 439 440]
7,7,29,3,0,546,[432 433 434 435 436 437 438 439 440]
7,7,29,4,0,428,[431 432 433 434 435 436 437 438 439 440]
7,7,29,5,0,494,[430 431 432 433 434 435 436 437 438 439 440]
7,7,29,6,0,457,[429 430 431 432 433 434 435 436 437 438 439 440]
7,7,29,7,0,568,[428 429 430 431 432 433 434 435 436 437 438 439 440]
7,7,29,8,0,587,[427 428 429 430 431 432 433 434 435 436 437 438 439 440]
7,7,29,9,0,709,[426 427 428 429 430 431 432 433 434 435 436 437 438 439 440]
7,7,29,10,0,652,[425 426 427 428 429 430 431 432 433 434 435 436 437 438 439 440]
7,7,29,11,0,559,[424 425 426 427 428 429 430 431 432 433 434 435 436 437 438 439 440]
7,7,29,12,0,609,[423 424 425 426 427 428 429 430 431 432 433 434 435 436 437 438 439 440]
7,7,29,13,0,850,"[422 423 424 425 426 427 428 429 430 431 432 433 434 435 436 437 438 439
 440]"
7,7,29,14,0,860,"[421 422 423 424 425 426 427 428 429 430 431 432 433 434 435 436 437 438
 439 440]"
7,7,29,15,0,148,"[420 421 422 423 424 425 426 427 428 429 430 431 432 433 434 435 436 437
 438 439 440]"
7,7,29,16,0,398,"[419 420 421 422 423 424 425 426 427 428 429 430 431 432 433 434 435 436
 437 438 439 440]"
7,7,29,17,0,521,"[418 419 420 421 422 423 424 425 426 427 428 429 430 431 432 433 434 435
 436 437 438 439 440]"
7,7,29,18,0,640,"[417 418 419 420 421 422 423 424 425 426 427 428 429 430 431 432 433 434
 435 436 437 438 439 440]"
7,7,29,19,0,72,"[416 417 418 419 420 421 422 423 424 425 426 427 428 429 430 431 432 433
 434 435 436 437 438 439 440]"
7,7,29,20,0,918,"[415 416 417 418 419 420 421 422 423 424 425 426 427 428 429 430 431 432
 433 434 435 436 437 438 439 440]"
7,7,29,21,0,632,"[414 415 416 417 418 419 420 421 422 423 424 425 426 427 428 429 430 431
 432 433 434 435 436 437 438 439 440]"
7,7,29,22,0,545,"[413 414 415 416 417 418 419 420 421 422 423 424 425 426 427 428 429 430
 431 432 433 434 435 436 437 438 439 440]"
7,7,29,23,0,643,"[412 413 414 415 416 417 418 419 420 421 422 423 424 425 426 427 428 429
 430 431 432 433 434 435 436 437 438 439 440]"
7,7,30,24,0,96,[]
7,7,30,25,0,518,[440]
7,7,30,26,0,157,[439 440]
7,7,30,27,0,155,[438 439 440]
7,7,30,28,0,893,[437 438 439 440]
7,7,30,29,0,404,[436 437 438 439 440]
7,7,30,30,0,22,[435 436 437 438 439 440]
5,10,29,0,0,692,[435 436 437 438 439 440 441 442 443 444 445 446 447 448 449]
5,10,29,1,0,778,[434 435 436 437 438 439 440 441 442 443 444 445 446 447 448 449]
5,10,29,2,0,34,[433 434 435 436 437 438 439 440 441 442 443 444 445 446 447 448 449]
5,10,29,3,0,953,[432 433 434 435 436 437 438 439 440 441 442 443 444 445 446 447 448 449]
5,10,29,4,0,489,"[431 432 433 434 435 436 437 438 439 440 441 442 443 444 445 446 447 448
 449]"
5,10,29,5,0,798,"[430 431 432 433 434 435 436 437 438 439 440 441 442 443 444 445 446 447
 448 449]"
5,10,29,6,0,519,"[429 430 431 432 433 434 435 436 437 438 439 440 441 442 443 444 445 446
 447 448 449]"
5,10,29,7,0,618,"[428 429 430 431 432 433 434 435 436 437 438 439 440 441 442 443 444 445
 446 447 448 449]"
5,10,29,8,0,15,"[427 428 429 430 431 432 433 434 435 436 437 438 439 440 441 442 443 444
 445 446 447 448 449]"
5,10,29,9,0,655,"[426 427 428 429 430 431 432 433 434 435 436 437 438 439 440 441 442 443
 444 445 446 447 448 449]"
5,10,29,10,0,319,"[425 426 427 428 429 430 431 432 433 434 435 436 437 438 439 440 441 442
 443 444 445 446 447 448 449]"
5,10,29,11,0,63,"[424 425 426 427 428 429 430 431 432 433 434 435 436 437 438 439 440 441
 442 443 444 445 446 447 448 449]"
5,10,29,12,0,558,"[423 424 425 426 427 428 429 430 431 432 433 434 435 436 437 438 439 440
 441 442 443 444 445 446 447 448 449]"
5,10,29,13,0,627,"[422 423 424 425 426 427 428 429 430 431 432 433 434 435 436 437 438 439
 440 441 442 443 444 445 446 447 448 449]"
5,10,29,14,0,794,"[421 422 423 424 425 426 427 428 429 430 431 432 433 434 435 436 437 438
 439 440 441 442 443 444 445 446 447 448 449]"
5,10,30,15,0,295,[]
5,10,30,16,0,507,[449]
5,10,30,17,0,640,[448 449]
5,10,30,18,0,855,[447 448 449]
5,10,30,19,0,696,[446 447 448 449]
5,10,30,20,0,141,[445 446 447 448 449]
5,10,30,21,0,909,[444 445 446 447 448 449]
5,10,30,22,0,673,[443 444 445 446 447 448 449]
5,10,30,23,0,252,[442 443 444 445 446 447 448 449]
5,10,30,24,0,898,[441 442 443 444 445 446 447 448 449]
5,10,30,25,0,108,[440 441 442 443 444 445 446 447 448 449]
5,10,30,26,0,297,[439 440 441 442 443 444 445 446 447 448 449]
5,10,30,27,0,696,[438 439 440 441 442 443 444 445 446 447 448 449]
5,10,30,28,0,713,[437 438 439 440 441 442 443 444 445 446 447 448 449]
5,10,30,29,0,479,[436 437 438 439 440 441 442 443 444 445 446 447 448 449]
5,10,30,30,0,516,[435 436 437 438 439 440 441 442 443 444 445 446 447 448 449]
3,18,29,0,0,731,"[435 436 437 438 439 440 441 442 443 444 445 446 447 448 449 450 451 452
 453 454 455 456 457 458]"
3,18,29,1,0,129,"[434 435 436 437 438 439 440 441 442 443 444 445 446 447 448 449 450 451
 452 453 454 455 456 457 458]"
3,18,29,2,0,465,"[433 434 435 436 437 438 439 440 441 442 443 444 445 446 447 448 449 450
 451 452 453 454 455 456 457 458]"
3,18,29,3,0,760,"[432 433 434 435 436 437 438 439 440 441 442 443 444 445 446 447 448 449
 450 451 452 453 454 455 456 457 458]"
3,18,29,4,0,712,"[431 432 433 434 435 436 437 438 439 440 441 442 443 444 445 446 447 448
 449 450 451 452 453 454 455 456 457 458]"
3,18,29,5,0,134,"[430 431 432 433 434 435 436 437 438 439 440 441 442 443 444 445 446 447
 448 449 450 451 452 453 454 455 456 457 458]"
3,18,30,6,0,294,[]
3,18,30,7,0,791,[458]
3,18,30,8,0,819,[457 458]
3,18,30,9,0,288,[456 457 458]
3,18,30,10,0,380,[455 456 457 458]
3,18,30,11,0,173,[454 455 456 457 458]
3,18,30,12,0,347,[453 454 455 456 457 458]
3,18,30,13,0,395,[452 453 454 455 456 457 458]
3,18,30,14,0,963,[451 452 453 454 455 456 457 458]
3,18,30,15,0,446,[450 451 452 453 454 455 456 457 458]
3,18,30,16,0,611,[449 450 451 452 453 454 455 456 457 458]
3,18,30,17,0,872,[448 449 450 451 452 453 454 455 456 457 458]
3,18,30,18,0,425,[447 448 449 450 451 452 453 454 455 456 457 458]
3,18,30,19,0,83,[446 447 448 449 450 451 452 453 454 455 456 457 458]
3,18,30,20,0,39,[445 446 447 448 449 450 451 452 453 454 455 456 457 458]
3,18,30,21,0,497,[444 445 446 447 448 449 450 451 452 453 454 455 456 457 458]
3,18,30,22,0,932,[443 444 445 446 447 448 449 450 451 452 453 454 455 456 457 458]
3,18,30,23,0,438,[442 443 444 445 446 447 448 449 450 451 452 453 454 455 456 457 458]
3,18,30,24,0,333,[441 442 443 444 445 446 447 448 449 450 451 452 453 454 455 456 457 458]
3,18,30,25,0,562,"[440 441 442 443 444 445 446 447 448 449 450 451 452 453 454 455 456 457
 458]"
3,18,30,26,0,233,"[439 440 441 442 443 444 445 446 447 448 449 450 451 452 453 454 455 456
 457 458]"
3,18,30,27,0,353,"[438 439 440 441 442 443 444 445 446 447 448 449 450 451 452 453 454 455
 456 457 458]"
3,18,30,28,0,237,"[437 438 439 440 441 442 443 444 445 446 447 448 449 450 451 452 453 454
 455 456 457 458]"
3,18,30,29,0,340,"[436 437 438 439 440 441 442 443 444 445 446 447 448 449 450 451 452 453
 454 455 456 457 458]"
3,18,30,30,0,289,"[435 436 437 438 439 440 441 442 443 444 445 446 447 448 449 450 451 452
 453 454 455 456 457 458]"
2,31,30,0,0,687,[]
2,31,30,1,0,710,[464]
2,31,30,2,0,610,[463 464]
2,31,30,3,0,876,[462 463 464]
2,31,30,4,0,204,[461 462 463 464]
2,31,30,5,0,844,[460 461 462 463 464]
2,31,30,6,0,149,[459 460 461 462 463 464]
2,31,30,7,0,968,[458 459 460 461 462 463 464]
2,31,30,8,0,402,[457 458 459 460 461 462 463 464]
2,31,30,9,0,796,[456 457 458 459 460 461 462 463 464]
2,31,30,10,0,42,[455 456 457 458 459 460 461 462 463 464]
2,31,30,11,0,949,[454 455 456 457 458 459 460 461 462 463 464]
2,31,30,12,0,426,[453 454 455 456 457 458 459 460 461 462 463 464]
2,31,30,13,0,765,[452 453 454 455 456 457 458 459 460 461 462 463 464]
2,31,30,14,0,536,[451 452 453 454 455 456 457 458 459 460 461 462 463 464]
2,31,30,15,0,587,[450 451 452 453 454 455 456 457 458 459 460 461 462 463 464]
2,31,30,16,0,740,[449 450 451 452 453 454 455 456 457 458 459 460 461 462 463 464]
2,31,30,17,0,873,[448 449 450 451 452 453 454 455 456 457 458 459 460 461 462 463 464]
2,31,30,18,0,50,[447 448 449 450 451 452 453 454 455 456 457 458 459 460 461 462 463 464]
2,31,30,19,0,461,"[446 447 448 449 450 451 452 453 454 455 456 457 458 459 460 461 462 463
 464]"
2,31,30,20,0,773,"[445 446 447 448 449 450 451 452 453 454 455 456 457 458 459 460 461 462
 463 464]"
2,31,30,21,0,761,"[444 445 446 447 448 449 450 451 452 453 454 455 456 457 458 459 460 461
 462 463 464]"
2,31,30,22,0,141,"[443 444 445 446 447 448 449 450 451 452 453 454 455 456 457 458 459 460
 461 462 463 464]"
2,31,30,23,0,592,"[442 443 444 445 446 447 448 449 450 451 452 453 454 455 456 457 458 459
 460 461 462 463 464]"
2,31,30,24,0,527,"[441 442 443 444 445 446 447 448 449 450 451 452 453 454 455 456 457 458
 459 460 461 462 463 464]"
2,31,30,25,0,251,"[440 441 442 443 444 445 446 447 448 449 450 451 452 453 454 455 456 457
 458 459 460 461 462 463 464]"
2,31,30,26,0,667,"[439 440 441 442 443 324 445 446 447 448 449 450 451 452 453 454 455 456
 457 458 459 460 461 462 463 464]"
2,31,30,27,0,170,"[309 186 440 441 442 443 324  53 446 447 448 449 104 451 452 453 454 455
 456 457 458 459 460 461 462 463 464]"
2,31,30,28,0,144,"[154 309 186 157 441 442 443 324  53 188 447 448 449 104 207 452 453 454
 358 456 457 458 459 460 461 462 463 464]"
2,31,30,29,0,715,"[436 154 309 186 157 291 442 443 324  53 188 292 448 449 104 207 103 453
 454 358  24 457 458 344 460 461 462 463 464]"
2,31,30,30,0,852,"[252 436 154 309 274 157 386 398 443 324  53 188 292  81 449 104 207 103
 138 454 358  24 409 458 344 373 461 229 463 464]"
2,31,31,31,0,115,[]
4,13,30,0,0,41,[465 466 467]
4,13,30,1,0,566,[464 465 466 467]
4,13,30,2,0,10,[463 464 465 466 467]
4,13,30,3,0,384,[462 463 464 465 466 467]
4,13,30,4,0,492,[461 462 463 464 465 466 467]
4,13,30,5,0,74,[460 461 462 463 464 465 466 467]
4,13,30,6,0,457,[459 460 461 462 463 464 465 466 467]
4,13,30,7,0,249,[458 459 460 461 462 463 464 465 466 467]
4,13,30,8,0,865,[457 458 459 460 461 462 463 464 465 466 467]
4,13,30,9,0,894,[456 457 458 459 460 461 462 463 464 465 466 467]
4,13,30,10,0,634,[455 456 457 458 459 460 461 462 463 464 465 466 467]
4,13,30,11,0,444,[454 455 456 457 458 459 460 461 462 463 464 465 466 467]
4,13,30,12,0,631,[453 454 455 456 457 458 459 460 461 462 463 464 465 466 467]
4,13,30,13,0,79,[452 453 454 455 456 457 458 459 460 461 462 463 464 465 466 467]
4,13,30,14,0,717,[451 452 453 454 455 456 457 458 459 460 461 462 463 464 465 466 467]
4,13,30,15,0,673,[450 451 452 453 454 455 456 457 458 459 460 461 462 463 464 465 466 467]
4,13,30,16,0,55,"[449 450 451 452 453 454 455 456 457 458 459 460 461 462 463 464 465 466
 467]"
4,13,30,17,0,864,"[448 449 450 451 452 453 454 455 456 457 458 459 460 461 462 463 464 465
 466 467]"
4,13,30,18,0,94,"[447 448 449 450 451 452 453 454 455 456 457 458 459 460 461 462 463 464
 465 466 467]"
4,13,30,19,0,87,"[446 447 448 449 450 451 452 453 454 455 456 457 458 459 460 461 462 463
 464 465 466 467]"
4,13,30,20,0,511,"[445 446 447 448 449 450 451 452 453 454 455 456 457 458 459 460 461 462
 463 464 465 466 467]"
4,13,30,21,0,870,"[444 445 446 447 448 449 450 451 452 453 454 455 456 457 458 459 460 461
 462 463 464 465 466 467]"
4,13,30,22,0,848,"[443 444 445 446 447 448 449 450 451 452 453 454 455 456 457 458 459 460
 461 462 463 464 465 466 467]"
4,13,30,23,0,954,"[442 443 444 445 446 447 448 449 450 451 452 453 454 455 456 457 458 459
 460 461 462 463 464 465 466 467]"
4,13,30,24,0,461,"[441 442 443 444 445 446 447 448 449 450 451 452 453 454 455 456 457 458
 459 460 461 462 463 464 465 466 467]"
4,13,30,25,0,934,"[440 441 442 443 444 445 446 447 448 449 450 451 452 453 454 455 456 457
 458 459 460 461 462 463 464 465 466 467]"
4,13,30,26,0,837,"[439 440 441 442 443 444 445 446 447 448 449 450 451 452 453 454 455 456
 457 458 459 460 461 462 463 464 465 466 467]"
4,13,30,27,0,370,"[438 439 440 441 442 443 444 445 446 447 448 449 450 451 452 453 454 455
 456 457 458 459 460 461 462 463 464 465 466 467]"
4,13,31,28,0,249,[]
4,13,31,29,0,690,[467]
4,13,31,30,0,466,[466 467]
4,13,31,31,0,548,[465 466 467]
2,32,31,0,0,484,[]
2,32,31,1,0,913,[495]
2,32,31,2,0,824,[494 495]
2,32,31,3,0,380,[493 494 495]
2,32,31,4,0,640,[492 493 494 495]
2,32,31,5,0,832,[491 492 493 494 495]
2,32,31,6,0,510,[490 491 492 493 494 495]
2,32,31,7,0,13,[489 490 491 492 493 494 495]
2,32,31,8,0,324,[488 489 490 491 492 493 494 495]
2,32,31,9,0,546,[487 488 489 490 491 492 493 494 495]
2,32,31,10,0,154,[486 487 488 489 490 491 492 493 494 495]
2,32,31,11,0,691,[485 486 487 488 489 490 491 492 493 494 495]
2,32,31,12,0,394,[484 485 486 487 488 489 490 491 492 493 494 495]
2,32,31,13,0,837,[483 484 485 486 487 488 489 490 491 492 493 494 495]
2,32,31,14,0,767,[482 483 484 485 486 487 488 489 490 491 492 493 494 495]
2,32,31,15,0,599,[481 482 483 484 485 486 487 488 489 490 491 492 493 494 495]
2,32,31,16,0,297,[480 481 482 483 484 485 486 487 488 489 490 491 492 493 494 495]
2,32,31,17,0,938,[479 480 481 482 483 484 485 486 487 488 489 490 491 492 493 494 495]
2,32,31,18,0,734,[478 479 480 481 482 483 484 485 486 487 488 489 490 491 492 493 494 495]
2,32,31,19,0,725,"[477 478 479 480 481 482 483 484 485 486 487 488 489 490 491 492 493 494
 495]"
2,32,31,20,0,249,"[476 477 478 479 480 481 482 483 484 485 486 487 488 489 490 491 492 493
 494 495]"
2,32,31,21,0,924,"[475 476 477 478 479 480 481 482 483 484 485 486 487 488 489 490 491 492
 493 494 495]"
2,32,31,22,0,782,"[474 475 476 477 478 479 480 481 482 483 484 485 486 487 488 489 490 491
 492 493 494 495]"
2,32,31,23,0,372,"[473 474 475 476 477 478 479 480 481 482 483 484 485 486 487 488 489 490
 491 492 493 494 495]"
2,32,31,24,0,97,"[472 473 474 475 476 477 478 479 480 481 482 483 484 485 486 487 488 489
 490 491 492 493 494 495]"
2,32,31,25,0,196,"[471 472 473 474 475 476 477 478 479 480 481 482 483 484 485 486 487 488
 489 490 491 492 493 494 495]"
2,32,31,26,0,950,"[470 471 472 473 474 475 476 477 478 479 480 481 482 483 484 485 486 487
 488 489 490 491 492 493 494 495]"
2,32,31,27,0,237,"[ 54 470 471 472 473 474 235 476 477 478 479 480 481 482 483 484 485 486
 487 488 489 490 491 492 493 494 495]"
2,32,31,28,0,99,"[324  54 375 471 472 473 474 235 139 477 478 479 480 169 482 483 484 485
 486 487 488 489 490 491 492 493 494 495]"
2,32,31,29,0,610,"[467 324  54 375 402 472 473 474 235 139 403 478 479 480 169 404 483 484
 485 189 487 488 489 490 491 492 493 494 495]"
2,32,31,30,0,750,"[466 467 324  54 375 429 109 473 474 235 139 403 261 479 480 169 404 142
 484 485 189 241 488 489 356 491 492 493 494 495]"
2,32,31,31,0,679,"[281 159 467 324  54 375 429 109  87 450 235 211 459 261 299 480 169 404
 142 341 485 189 241  18 489 356 417 492 389 494 495]"
2,32,32,32,0,311,[]
3,19,31,0,0,996,[496 497 498 499 500 501 502 503 504 505 506 507 508 509 510 511 512]
3,19,31,1,0,5,[495 496 497 498 499 500 501 502 503 504 505 506 507 508 509 510 511 512]
3,19,31,2,0,429,"[494 495 496 497 498 499 500 501 502 503 504 505 506 507 508 509 510 511
 512]"
3,19,31,3,0,282,"[493 494 495 496 497 498 499 500 501 502 503 504 505 506 507 508 509 510
 511 512]"
3,19,31,4,0,34,"[492 493 494 495 496 497 498 499 500 501 502 503 504 505 506 507 508 509
 510 511 512]"
3,19,31,5,0,365,"[491 492 493 494 495 496 497 498 499 500 501 502 503 504 505 506 507 508
 509 510 511 512]"
3,19,31,6,0,755,"[490 491 492 493 494 495 496 497 498 499 500 501 502 503 504 505 506 507
 508 509 510 511 512]"
3,19,31,7,0,305,"[489 490 491 492 493 494 495 496 497 498 499 500 501 502 503 504 505 506
 507 508 509 510 511 512]"
3,19,31,8,0,698,"[488 489 490 491 492 493 494 495 496 497 498 499 500 501 502 503 504 505
 506 507 508 509 510 511 512]"
3,19,31,9,0,49,"[487 488 489 490 491 492 493 494 495 496 497 498 499 500 501 502 503 504
 505 506 507 508 509 510 511 512]"
3,19,31,10,0,692,"[486 487 488 489 490 491 492 493 494 495 496 497 498 499 500 501 502 503
 504 505 506 507 508 509 510 511 512]"
3,19,31,11,0,754,"[485 486 487 488 489 490 491 492 493 494 495 496 497 498 499 500 501 502
 503 504 505 506 507 508 509 510 511 512]"
3,19,31,12,0,611,"[484 485 486 487 488 489 490 491 492 493 494 495 496 497 498 499 500 501
 502 503 504 505 506 507 508 509 510 511 512]"
3,19,31,13,0,903,"[483 484 485 486 487 488 489 490 491 492 493 494 495 496 497 498 499 500
 501 502 503 504 505 506 507 508 509 510 511 512]"
3,19,31,14,0,158,"[482 483 484 485 486 487 488 489 490 491 492 493 494 495 496 497 498 499
 500 501 502 503 504 505 506 507 508 509 510 511 512]"
3,19,32,15,0,882,[]
3,19,32,16,0,785,[512]
3,19,32,17,0,976,[511 512]
3,19,32,18,0,760,[510 511 512]
3,19,32,19,0,464,[509 510 511 512]
3,19,32,20,0,201,[508 509 510 511 512]
3,19,32,21,0,303,[507 508 509 510 511 512]
3,19,32,22,0,136,[506 507 508 509 510 511 512]
3,19,32,23,0,91,[505 506 507 508 509 510 511 512]
3,19,32,24,0,483,[504 505 506 507 508 509 510 511 512]
3,19,32,25,0,144,[503 504 505 506 507 508 509 510 511 512]
3,19,32,26,0,199,[502 503 504 505 506 507 508 509 510 511 512]
3,19,32,27,0,544,[501 502 503 504 505 506 507 508 509 510 511 512]
3,19,32,28,0,949,[500 501 502 503 504 505 506 507 508 509 510 511 512]
3,19,32,29,0,575,[499 500 501 502 503 504 505 506 507 508 509 510 511 512]
3,19,32,30,0,935,[498 499 500 501 502 503 504 505 506 507 508 509 510 511 512]
3,19,32,31,0,828,[497 498 499 500 501 502 503 504 505 506 507 508 509 510 511 512]
3,19,32,32,0,845,[496 497 498 499 500 501 502 503 504 505 506 507 508 509 510 511 512]
2,33,32,0,0,469,[]
2,33,32,1,0,188,[527]
2,33,32,2,0,197,[526 527]
2,33,32,3,0,456,[525 526 527]
2,33,32,4,0,404,[524 525 526 527]
2,33,32,5,0,166,[523 524 525 526 527]
2,33,32,6,0,380,[522 523 524 525 526 527]
2,33,32,7,0,396,[521 522 523 524 525 526 527]
2,33,32,8,0,290,[520 521 522 523 524 525 526 527]
2,33,32,9,0,853,[519 520 521 522 523 524 525 526 527]
2,33,32,10,0,125,[518 519 520 521 522 523 524 525 526 527]
2,33,32,11,0,191,[517 518 519 520 521 522 523 524 525 526 527]
2,33,32,12,0,779,[516 517 518 519 520 521 522 523 524 525 526 527]
2,33,32,13,0,561,[515 516 517 518 519 520 521 522 523 524 525 526 527]
2,33,32,14,0,880,[514 515 516 517 518 519 520 521 522 523 524 525 526 527]
2,33,32,15,0,879,[513 514 515 516 517 518 519 520 521 522 523 524 525 526 527]
2,33,32,16,0,659,[512 513 514 515 516 517 518 519 520 521 522 523 524 525 526 527]
2,33,32,17,0,796,[511 512 513 514 515 516 517 518 519 520 521 522 523 524 525 526 527]
2,33,32,18,0,292,[510 511 512 513 514 515 516 517 518 519 520 521 522 523 524 525 526 527]
2,33,32,19,0,452,"[509 510 511 512 513 514 515 516 517 518 519 520 521 522 523 524 525 526
 527]"
2,33,32,20,0,234,"[508 509 510 511 512 513 514 515 516 517 518 519 520 521 522 523 524 525
 526 527]"
2,33,32,21,0,332,"[507 508 509 510 511 512 513 514 515 516 517 518 519 520 521 522 523 524
 525 526 527]"
2,33,32,22,0,679,"[506 507 508 509 510 511 512 513 514 515 516 517 518 519 520 521 522 523
 524 525 526 527]"
2,33,32,23,0,422,"[505 506 507 508 509 510 511 512 513 514 515 516 517 518 519 520 521 522
 523 524 525 526 527]"
2,33,32,24,0,652,"[504 505 506 507 508 509 510 511 512 513 514 515 516 517 518 519 520 521
 522 523 524 525 526 527]"
2,33,32,25,0,292,"[503 504 505 506 507 508 509 510 511 512 513 514 515 516 517 518 519 520
 521 522 523 524 525 526 527]"
2,33,32,26,0,376,"[502 503 504 505 506 507 508 509 510 511 512 513 514 515 516 517 518 519
 520 521 522 523 524 525 526 527]"
2,33,32,27,0,580,"[501 502 503 504 505 506 507 508 509 510 511 512 513 514 515 516 517 518
 519 520 521 522 523 524 525 526 527]"
2,33,32,28,0,759,"[334 138 502 503 504 505 506 168 508 509 510 511 512 513 514 515 516 517
 518 519 520 521 522 523 524 525 526 527]"
2,33,32,29,0,525,"[499 334 138 389 503 504 505 506 168 390 509 510 511 512 405 514 515 516
 517 518 519 520 521 522 523 524 525 526 527]"
2,33,32,30,0,500,"[498 499 334 138 389 407 504 505 506 168 390 353 510 511 512 405 421 515
 516 517 422 519 520 521 522 523 524 525 526 527]"
2,33,32,31,0,854,"[251 498 499 334 138 389 407 460 505 506 168 390 353 461 511 512 405 421
  54 516 517 422 274 520 521 273 523 524 525 526 527]"
2,33,32,32,0,246,"[ 31 251 220 499 334 138 449 374 294 118 506 168 390 353 461 436 512 405
 482  54 491 517 422 195 312 521 273 135 524  81 526 527]"
2,33,33,33,0,723,[]
6,9,32,0,0,827,[528 529 530 531 532 533 534 535 536 537 538 539]
6,9,32,1,0,316,[527 528 529 530 531 532 533 534 535 536 537 538 539]
6,9,32,2,0,115,[526 527 528 529 530 531 532 533 534 535 536 537 538 539]
6,9,32,3,0,414,[525 526 527 528 529 530 531 532 533 534 535 536 537 538 539]
6,9,32,4,0,292,[524 525 526 527 528 529 530 531 532 533 534 535 536 537 538 539]
6,9,32,5,0,117,[523 524 525 526 527 528 529 530 531 532 533 534 535 536 537 538 539]
6,9,32,6,0,650,[522 523 524 525 526 527 528 529 530 531 532 533 534 535 536 537 538 539]
6,9,32,7,0,819,"[521 522 523 524 525 526 527 528 529 530 531 532 533 534 535 536 537 538
 539]"
6,9,32,8,0,8,"[520 521 522 523 524 525 526 527 528 529 530 531 532 533 534 535 536 537
 538 539]"
6,9,32,9,0,878,"[519 520 521 522 523 524 525 526 527 528 529 530 531 532 533 534 535 536
 537 538 539]"
6,9,32,10,0,851,"[518 519 520 521 522 523 524 525 526 527 528 529 530 531 532 533 534 535
 536 537 538 539]"
6,9,32,11,0,253,"[517 518 519 520 521 522 523 524 525 526 527 528 529 530 531 532 533 534
 535 536 537 538 539]"
6,9,32,12,0,706,"[516 517 518 519 520 521 522 523 524 525 526 527 528 529 530 531 532 533
 534 535 536 537 538 539]"
6,9,32,13,0,154,"[515 516 517 518 519 520 521 522 523 524 525 526 527 528 529 530 531 532
 533 534 535 536 537 538 539]"
6,9,32,14,0,764,"[514 515 516 517 518 519 520 521 522 523 524 525 526 527 528 529 530 531
 532 533 534 535 536 537 538 539]"
6,9,32,15,0,708,"[513 514 515 516 517 518 519 520 521 522 523 524 525 526 527 528 529 530
 531 532 533 534 535 536 537 538 539]"
6,9,32,16,0,558,"[512 513 514 515 516 517 518 519 520 521 522 523 524 525 526 527 528 529
 530 531 532 533 534 535 536 537 538 539]"
6,9,32,17,0,95,"[511 512 513 514 515 516 517 518 519 520 521 522 523 524 525 526 527 528
 529 530 531 532 533 534 535 536 537 538 539]"
6,9,32,18,0,843,"[510 511 512 513 514 515 516 517 518 519 520 521 522 523 524 525 526 527
 528 529 530 531 532 533 534 535 536 537 538 539]"
6,9,32,19,0,826,"[509 510 511 512 513 514 515 516 517 518 519 520 521 522 523 524 525 526
 527 528 529 530 531 532 533 534 535 536 537 538 539]"
6,9,32,20,0,828,"[508 509 510 511 512 513 514 515 516 517 518 519 520 521 522 523 524 525
 526 527 528 529 530 531 532 533 534 535 536 537 538 539]"
6,9,33,21,0,90,[]
6,9,33,22,0,14,[539]
6,9,33,23,0,647,[538 539]
6,9,33,24,0,105,[537 538 539]
6,9,33,25,0,876,[536 537 538 539]
6,9,33,26,0,330,[535 536 537 538 539]
6,9,33,27,0,849,[534 535 536 537 538 539]
6,9,33,28,0,597,[533 534 535 536 537 538 539]
6,9,33,29,0,392,[532 533 534 535 536 537 538 539]
6,9,33,30,0,165,[531 532 533 534 535 536 537 538 539]
6,9,33,31,0,779,[530 531 532 533 534 535 536 537 538 539]
6,9,33,32,0,893,[529 530 531 532 533 534 535 536 537 538 539]
6,9,33,33,0,992,[528 529 530 531 532 533 534 535 536 537 538 539]
4,14,32,0,0,607,[528 529 530 531 532 533 534 535 536 537 538 539 540 541 542 543 544 545]
4,14,32,1,0,289,"[527 528 529 530 531 532 533 534 535 536 537 538 539 540 541 542 543 544
 545]"
4,14,32,2,0,322,"[526 527 528 529 530 531 532 533 534 535 536 537 538 539 540 541 542 543
 544 545]"
4,14,32,3,0,221,"[525 526 527 528 529 530 531 532 533 534 535 536 537 538 539 540 541 542
 543 544 545]"
4,14,32,4,0,913,"[524 525 526 527 528 529 530 531 532 533 534 535 536 537 538 539 540 541
 542 543 544 545]"
4,14,32,5,0,754,"[523 524 525 526 527 528 529 530 531 532 533 534 535 536 537 538 539 540
 541 542 543 544 545]"
4,14,32,6,0,33,"[522 523 524 525 526 527 528 529 530 531 532 533 534 535 536 537 538 539
 540 541 542 543 544 545]"
4,14,32,7,0,97,"[521 522 523 524 525 526 527 528 529 530 531 532 533 534 535 536 537 538
 539 540 541 542 543 544 545]"
4,14,32,8,0,82,"[520 521 522 523 524 525 526 527 528 529 530 531 532 533 534 535 536 537
 538 539 540 541 542 543 544 545]"
4,14,32,9,0,325,"[519 520 521 522 523 524 525 526 527 528 529 530 531 532 533 534 535 536
 537 538 539 540 541 542 543 544 545]"
4,14,32,10,0,689,"[518 519 520 521 522 523 524 525 526 527 528 529 530 531 532 533 534 535
 536 537 538 539 540 541 542 543 544 545]"
4,14,32,11,0,803,"[517 518 519 520 521 522 523 524 525 526 527 528 529 530 531 532 533 534
 535 536 537 538 539 540 541 542 543 544 545]"
4,14,32,12,0,360,"[516 517 518 519 520 521 522 523 524 525 526 527 528 529 530 531 532 533
 534 535 536 537 538 539 540 541 542 543 544 545]"
4,14,32,13,0,644,"[515 516 517 518 519 520 521 522 523 524 525 526 527 528 529 530 531 532
 533 534 535 536 537 538 539 540 541 542 543 544 545]"
4,14,32,14,0,834,"[514 515 516 517 518 519 520 521 522 523 524 525 526 527 528 529 530 531
 532 533 534 535 536 537 538 539 540 541 542 543 544 545]"
4,14,33,15,0,140,[]
4,14,33,16,0,614,[545]
4,14,33,17,0,781,[544 545]
4,14,33,18,0,704,[543 544 545]
4,14,33,19,0,40,[542 543 544 545]
4,14,33,20,0,951,[541 542 543 544 545]
4,14,33,21,0,773,[540 541 542 543 544 545]
4,14,33,22,0,534,[539 540 541 542 543 544 545]
4,14,33,23,0,979,[538 539 540 541 542 543 544 545]
4,14,33,24,0,772,[537 538 539 540 541 542 543 544 545]
4,14,33,25,0,794,[536 537 538 539 540 541 542 543 544 545]
4,14,33,26,0,682,[535 536 537 538 539 540 541 542 543 544 545]
4,14,33,27,0,741,[534 535 536 537 538 539 540 541 542 543 544 545]
4,14,33,28,0,164,[533 534 535 536 537 538 539 540 541 542 543 544 545]
4,14,33,29,0,990,[532 533 534 535 536 537 538 539 540 541 542 543 544 545]
4,14,33,30,0,57,[531 532 533 534 535 536 537 538 539 540 541 542 543 544 545]
4,14,33,31,0,492,[530 531 532 533 534 535 536 537 538 539 540 541 542 543 544 545]
4,14,33,32,0,391,[529 530 531 532 533 534 535 536 537 538 539 540 541 542 543 544 545]
4,14,33,33,0,825,[528 529 530 531 532 533 534 535 536 537 538 539 540 541 542 543 544 545]
5,11,32,0,0,459,"[528 529 530 531 532 533 534 535 536 537 538 539 540 541 542 543 544 545
 546 547 548 549]"
5,11,32,1,0,110,"[527 528 529 530 531 532 533 534 535 536 537 538 539 540 541 542 543 544
 545 546 547 548 549]"
5,11,32,2,0,620,"[526 527 528 529 530 531 532 533 534 535 536 537 538 539 540 541 542 543
 544 545 546 547 548 549]"
5,11,32,3,0,608,"[525 526 527 528 529 530 531 532 533 534 535 536 537 538 539 540 541 542
 543 544 545 546 547 548 549]"
5,11,32,4,0,516,"[524 525 526 527 528 529 530 531 532 533 534 535 536 537 538 539 540 541
 542 543 544 545 546 547 548 549]"
5,11,32,5,0,105,"[523 524 525 526 527 528 529 530 531 532 533 534 535 536 537 538 539 540
 541 542 543 544 545 546 547 548 549]"
5,11,32,6,0,229,"[522 523 524 525 526 527 528 529 530 531 532 533 534 535 536 537 538 539
 540 541 542 543 544 545 546 547 548 549]"
5,11,32,7,0,669,"[521 522 523 524 525 526 527 528 529 530 531 532 533 534 535 536 537 538
 539 540 541 542 543 544 545 546 547 548 549]"
5,11,32,8,0,167,"[520 521 522 523 524 525 526 527 528 529 530 531 532 533 534 535 536 537
 538 539 540 541 542 543 544 545 546 547 548 549]"
5,11,32,9,0,793,"[519 520 521 522 523 524 525 526 527 528 529 530 531 532 533 534 535 536
 537 538 539 540 541 542 543 544 545 546 547 548 549]"
5,11,32,10,0,519,"[518 519 520 521 522 523 524 525 526 527 528 529 530 531 532 533 534 535
 536 537 538 539 540 541 542 543 544 545 546 547 548 549]"
5,11,33,11,0,980,[]
5,11,33,12,0,694,[549]
5,11,33,13,0,335,[548 549]
5,11,33,14,0,699,[547 548 549]
5,11,33,15,0,676,[546 547 548 549]
5,11,33,16,0,637,[545 546 547 548 549]
5,11,33,17,0,520,[544 545 546 547 548 549]
5,11,33,18,0,971,[543 544 545 546 547 548 549]
5,11,33,19,0,761,[542 543 544 545 546 547 548 549]
5,11,33,20,0,371,[541 542 543 544 545 546 547 548 549]
5,11,33,21,0,316,[540 541 542 543 544 545 546 547 548 549]
5,11,33,22,0,405,[539 540 541 542 543 544 545 546 547 548 549]
5,11,33,23,0,512,[538 539 540 541 542 543 544 545 546 547 548 549]
5,11,33,24,0,891,[537 538 539 540 541 542 543 544 545 546 547 548 549]
5,11,33,25,0,737,[536 537 538 539 540 541 542 543 544 545 546 547 548 549]
5,11,33,26,0,384,[535 536 537 538 539 540 541 542 543 544 545 546 547 548 549]
5,11,33,27,0,449,[534 535 536 537 538 539 540 541 542 543 544 545 546 547 548 549]
5,11,33,28,0,190,[533 534 535 536 537 538 539 540 541 542 543 544 545 546 547 548 549]
5,11,33,29,0,8,[532 533 534 535 536 537 538 539 540 541 542 543 544 545 546 547 548 549]
5,11,33,30,0,478,"[531 532 533 534 535 536 537 538 539 540 541 542 543 544 545 546 547 548
 549]"
5,11,33,31,0,752,"[530 531 532 533 534 535 536 537 538 539 540 541 542 543 544 545 546 547
 548 549]"
5,11,33,32,0,510,"[529 530 531 532 533 534 535 536 537 538 539 540 541 542 543 544 545 546
 547 548 549]"
5,11,33,33,0,556,"[528 529 530 531 532 533 534 535 536 537 538 539 540 541 542 543 544 545
 546 547 548 549]"
2,34,33,0,0,585,[]
2,34,33,1,0,401,[560]
2,34,33,2,0,180,[559 560]
2,34,33,3,0,942,[558 559 560]
2,34,33,4,0,306,[557 558 559 560]
2,34,33,5,0,72,[556 557 558 559 560]
2,34,33,6,0,961,[555 556 557 558 559 560]
2,34,33,7,0,709,[554 555 556 557 558 559 560]
2,34,33,8,0,518,[553 554 555 556 557 558 559 560]
2,34,33,9,0,41,[552 553 554 555 556 557 558 559 560]
2,34,33,10,0,563,[551 552 553 554 555 556 557 558 559 560]
2,34,33,11,0,943,[550 551 552 553 554 555 556 557 558 559 560]
2,34,33,12,0,559,[549 550 551 552 553 554 555 556 557 558 559 560]
2,34,33,13,0,428,[548 549 550 551 552 553 554 555 556 557 558 559 560]
2,34,33,14,0,636,[547 548 549 550 551 552 553 554 555 556 557 558 559 560]
2,34,33,15,0,973,[546 547 548 549 550 551 552 553 554 555 556 557 558 559 560]
2,34,33,16,0,747,[545 546 547 548 549 550 551 552 553 554 555 556 557 558 559 560]
2,34,33,17,0,257,[544 545 546 547 548 549 550 551 552 553 554 555 556 557 558 559 560]
2,34,33,18,0,309,[543 544 545 546 547 548 549 550 551 552 553 554 555 556 557 558 559 560]
2,34,33,19,0,937,"[542 543 544 545 546 547 548 549 550 551 552 553 554 555 556 557 558 559
 560]"
2,34,33,20,0,123,"[541 542 543 544 545 546 547 548 549 550 551 552 553 554 555 556 557 558
 559 560]"
2,34,33,21,0,683,"[540 541 542 543 544 545 546 547 548 549 550 551 552 553 554 555 556 557
 558 559 560]"
2,34,33,22,0,698,"[539 540 541 542 543 544 545 546 547 548 549 550 551 552 553 554 555 556
 557 558 559 560]"
2,34,33,23,0,276,"[538 539 540 541 542 543 544 545 546 547 548 549 550 551 552 553 554 555
 556 557 558 559 560]"
2,34,33,24,0,502,"[537 538 539 540 541 542 543 544 545 546 547 548 549 550 551 552 553 554
 555 556 557 558 559 560]"
2,34,33,25,0,581,"[536 537 538 539 540 541 542 543 544 545 546 547 548 549 550 551 552 553
 554 555 556 557 558 559 560]"
2,34,33,26,0,949,"[535 536 537 538 539 540 541 542 543 544 545 546 547 548 549 550 551 552
 553 554 555 556 557 558 559 560]"
2,34,33,27,0,300,"[534 535 536 537 538 539 540 541 542 543 544 545 546 547 548 549 550 551
 552 553 554 555 556 557 558 559 560]"
2,34,33,28,0,567,"[ 89 534 535 536 537 538 539 540 541 542 543 544 545 546 547 548 549 550
 551 552 553 554 555 556 557 558 559 560]"
2,34,33,29,0,391,"[532  89 404 535 536 537 538 539 405 541 542 543 544 545 546 547 548 549
 550 551 552 553 554 555 556 557 558 559 560]"
2,34,33,30,0,131,"[531 532  89 404 178 536 537 538 539 405 303 542 543 544 545 367 547 548
 549 550 551 552 553 554 555 556 557 558 559 560]"
2,34,33,31,0,833,"[530 531 532  89 404 178  87 537 538 539 405 303 369 543 544 545 367 370
 548 549 550 179 552 553 554 555 556 557 558 559 560]"
2,34,33,32,0,72,"[440 469 531 532  89 404 178  87 423 538 539 405 303 481 482 544 545 367
 370 493 549 550 179 494 553 554 275 556 557 558 559 560]"
2,34,33,33,0,517,"[110  60 469 324 233  89 141 388  87 254  16 539 405 303 455 482 439 545
  47 370 505 524 550 179 494 350 554 275 204 557 515 559 560]"
2,34,34,34,0,921,[]
3,20,33,0,0,751,[561 562 563 564 565 566 567 568 569]
3,20,33,1,0,898,[560 561 562 563 564 565 566 567 568 569]
3,20,33,2,0,782,[559 560 561 562 563 564 565 566 567 568 569]
3,20,33,3,0,427,[558 559 560 561 562 563 564 565 566 567 568 569]
3,20,33,4,0,747,[557 558 559 560 561 562 563 564 565 566 567 568 569]
3,20,33,5,0,854,[556 557 558 559 560 561 562 563 564 565 566 567 568 569]
3,20,33,6,0,760,[555 556 557 558 559 560 561 562 563 564 565 566 567 568 569]
3,20,33,7,0,157,[554 555 556 557 558 559 560 561 562 563 564 565 566 567 568 569]
3,20,33,8,0,279,[553 554 555 556 557 558 559 560 561 562 563 564 565 566 567 568 569]
3,20,33,9,0,434,[552 553 554 555 556 557 558 559 560 561 562 563 564 565 566 567 568 569]
3,20,33,10,0,555,"[551 552 553 554 555 556 557 558 559 560 561 562 563 564 565 566 567 568
 569]"
3,20,33,11,0,309,"[550 551 552 553 554 555 556 557 558 559 560 561 562 563 564 565 566 567
 568 569]"
3,20,33,12,0,636,"[549 550 551 552 553 554 555 556 557 558 559 560 561 562 563 564 565 566
 567 568 569]"
3,20,33,13,0,917,"[548 549 550 551 552 553 554 555 556 557 558 559 560 561 562 563 564 565
 566 567 568 569]"
3,20,33,14,0,75,"[547 548 549 550 551 552 553 554 555 556 557 558 559 560 561 562 563 564
 565 566 567 568 569]"
3,20,33,15,0,286,"[546 547 548 549 550 551 552 553 554 555 556 557 558 559 560 561 562 563
 564 565 566 567 568 569]"
3,20,33,16,0,201,"[545 546 547 548 549 550 551 552 553 554 555 556 557 558 559 560 561 562
 563 564 565 566 567 568 569]"
3,20,33,17,0,16,"[544 545 546 547 548 549 550 551 552 553 554 555 556 557 558 559 560 561
 562 563 564 565 566 567 568 569]"
3,20,33,18,0,319,"[543 544 545 546 547 548 549 550 551 552 553 554 555 556 557 558 559 560
 561 562 563 564 565 566 567 568 569]"
3,20,33,19,0,273,"[542 543 544 545 546 547 548 549 550 551 552 553 554 555 556 557 558 559
 560 561 562 563 564 565 566 567 568 569]"
3,20,33,20,0,169,"[541 542 543 544 545 546 547 548 549 550 551 552 553 554 555 556 557 558
 559 560 561 562 563 564 565 566 567 568 569]"
3,20,33,21,0,85,"[540 541 542 543 544 545 546 547 548 549 550 551 552 553 554 555 556 557
 558 559 560 561 562 563 564 565 566 567 568 569]"
3,20,33,22,0,491,"[539 540 541 542 543 544 545 546 547 548 549 550 551 552 553 554 555 556
 557 558 559 560 561 562 563 564 565 566 567 568 569]"
3,20,33,23,0,380,"[538 539 540 541 542 543 544 545 546 547 548 549 550 551 552 553 554 555
 556 557 558 559 560 561 562 563 564 565 566 567 568 569]"
3,20,33,24,0,932,"[537 538 539 540 541 542 543 544 545 546 547 548 549 550 551 552 553 554
 555 556 557 558 559 560 561 562 563 564 565 566 567 568 569]"
3,20,34,25,0,2,[]
3,20,34,26,0,102,[569]
3,20,34,27,0,588,[568 569]
3,20,34,28,0,861,[567 568 569]
3,20,34,29,0,69,[566 567 568 569]
3,20,34,30,0,223,[565 566 567 568 569]
3,20,34,31,0,774,[564 565 566 567 568 569]
3,20,34,32,0,989,[563 564 565 566 567 568 569]
3,20,34,33,0,604,[562 563 564 565 566 567 568 569]
3,20,34,34,0,849,[561 562 563 564 565 566 567 568 569]
7,8,33,0,0,467,"[561 562 563 564 565 566 567 568 569 570 571 572 573 574 575 576 577 578
 579 580 581 582 583 584 585 586 587]"
7,8,33,1,0,956,"[560 561 562 563 564 565 566 567 568 569 570 571 572 573 574 575 576 577
 578 579 580 581 582 583 584 585 586 587]"
7,8,33,2,0,696,"[559 560 561 562 563 564 565 566 567 568 569 570 571 572 573 574 575 576
 577 578 579 580 581 582 583 584 585 586 587]"
7,8,33,3,0,386,"[558 559 560 561 562 563 564 565 566 567 568 569 570 571 572 573 574 575
 576 577 578 579 580 581 582 583 584 585 586 587]"
7,8,33,4,0,243,"[557 558 559 560 561 562 563 564 565 566 567 568 569 570 571 572 573 574
 575 576 577 578 579 580 581 582 583 584 585 586 587]"
7,8,33,5,0,197,"[556 557 558 559 560 561 562 563 564 565 566 567 568 569 570 571 572 573
 574 575 576 577 578 579 580 581 582 583 584 585 586 587]"
7,8,33,6,0,960,"[555 556 557 558 559 560 561 562 563 564 565 566 567 568 569 570 571 572
 573 574 575 576 577 578 579 580 581 582 583 584 585 586 587]"
7,8,34,7,0,767,[]
7,8,34,8,0,468,[587]
7,8,34,9,0,752,[586 587]
7,8,34,10,0,732,[585 586 587]
7,8,34,11,0,679,[584 585 586 587]
7,8,34,12,0,112,[583 584 585 586 587]
7,8,34,13,0,523,[582 583 584 585 586 587]
7,8,34,14,0,651,[581 582 583 584 585 586 587]
7,8,34,15,0,821,[580 581 582 583 584 585 586 587]
7,8,34,16,0,59,[579 580 581 582 583 584 585 586 587]
7,8,34,17,0,36,[578 579 580 581 582 583 584 585 586 587]
7,8,34,18,0,537,[577 578 579 580 581 582 583 584 585 586 587]
7,8,34,19,0,802,[576 577 578 579 580 581 582 583 584 585 586 587]
7,8,34,20,0,186,[575 576 577 578 579 580 581 582 583 584 585 586 587]
7,8,34,21,0,996,[574 575 576 577 578 579 580 581 582 583 584 585 586 587]
7,8,34,22,0,984,[573 574 575 576 577 578 579 580 581 582 583 584 585 586 587]
7,8,34,23,0,637,[572 573 574 575 576 577 578 579 580 581 582 583 584 585 586 587]
7,8,34,24,0,418,[571 572 573 574 575 576 577 578 579 580 581 582 583 584 585 586 587]
7,8,34,25,0,889,[570 571 572 573 574 575 576 577 578 579 580 581 582 583 584 585 586 587]
7,8,34,26,0,837,"[569 570 571 572 573 574 575 576 577 578 579 580 581 582 583 584 585 586
 587]"
7,8,34,27,0,369,"[568 569 570 571 572 573 574 575 576 577 578 579 580 581 582 583 584 585
 586 587]"
7,8,34,28,0,238,"[567 568 569 570 571 572 573 574 575 576 577 578 579 580 581 582 583 584
 585 586 587]"
7,8,34,29,0,918,"[566 567 568 569 570 571 572 573 574 575 576 577 578 579 580 581 582 583
 584 585 586 587]"
7,8,34,30,0,419,"[565 566 567 568 569 570 571 572 573 574 575 576 577 578 579 580 581 582
 583 584 585 586 587]"
7,8,34,31,0,80,"[564 565 566 567 568 569 570 571 572 573 574 575 576 577 578 579 580 581
 582 583 584 585 586 587]"
7,8,34,32,0,409,"[563 564 565 566 567 568 569 570 571 572 573 574 575 576 577 578 579 580
 581 582 583 584 585 586 587]"
7,8,34,33,0,31,"[562 563 564 565 566 567 568 569 570 571 572 573 574 575 576 577 578 579
 580 581 582 583 584 585 586 587]"
7,8,34,34,0,233,"[561 562 563 564 565 566 567 568 569 570 571 572 573 574 575 576 577 578
 579 580 581 582 583 584 585 586 587]"
2,35,34,0,0,441,[]
2,35,34,1,0,592,[594]
2,35,34,2,0,613,[593 594]
2,35,34,3,0,221,[592 593 594]
2,35,34,4,0,995,[591 592 593 594]
2,35,34,5,0,465,[590 591 592 593 594]
2,35,34,6,0,290,[589 590 591 592 593 594]
2,35,34,7,0,274,[588 589 590 591 592 593 594]
2,35,34,8,0,505,[587 588 589 590 591 592 593 594]
2,35,34,9,0,981,[586 587 588 589 590 591 592 593 594]
2,35,34,10,0,801,[585 586 587 588 589 590 591 592 593 594]
2,35,34,11,0,407,[584 585 586 587 588 589 590 591 592 593 594]
2,35,34,12,0,217,[583 584 585 586 587 588 589 590 591 592 593 594]
2,35,34,13,0,948,[582 583 584 585 586 587 588 589 590 591 592 593 594]
2,35,34,14,0,821,[581 582 583 584 585 586 587 588 589 590 591 592 593 594]
2,35,34,15,0,474,[580 581 582 583 584 585 586 587 588 589 590 591 592 593 594]
2,35,34,16,0,971,[579 580 581 582 583 584 585 586 587 588 589 590 591 592 593 594]
2,35,34,17,0,819,[578 579 580 581 582 583 584 585 586 587 588 589 590 591 592 593 594]
2,35,34,18,0,779,[577 578 579 580 581 582 583 584 585 586 587 588 589 590 591 592 593 594]
2,35,34,19,0,794,"[576 577 578 579 580 581 582 583 584 585 586 587 588 589 590 591 592 593
 594]"
2,35,34,20,0,393,"[575 576 577 578 579 580 581 582 583 584 585 586 587 588 589 590 591 592
 593 594]"
2,35,34,21,0,290,"[574 575 576 577 578 579 580 581 582 583 584 585 586 587 588 589 590 591
 592 593 594]"
2,35,34,22,0,509,"[573 574 575 576 577 578 579 580 581 582 583 584 585 586 587 588 589 590
 591 592 593 594]"
2,35,34,23,0,284,"[572 573 574 575 576 577 578 579 580 581 582 583 584 585 586 587 588 589
 590 591 592 593 594]"
2,35,34,24,0,808,"[571 572 573 574 575 576 577 578 579 580 581 582 583 584 585 586 587 588
 589 590 591 592 593 594]"
2,35,34,25,0,591,"[570 571 572 573 574 575 576 577 578 579 580 581 582 583 584 585 586 587
 588 589 590 591 592 593 594]"
2,35,34,26,0,813,"[569 570 571 572 573 574 575 576 577 578 579 580 581 582 583 584 585 586
 587 588 589 590 591 592 593 594]"
2,35,34,27,0,268,"[568 569 570 571 572 573 574 575 576 577 578 579 580 581 582 583 584 585
 586 587 588 589 590 591 592 593 594]"
2,35,34,28,0,208,"[567 568 569 570 571 572 573 574 575 576 577 578 579 580 581 582 583 584
 585 586 587 588 589 590 591 592 593 594]"
2,35,34,29,0,92,"[566 122 568 569 570 571 572 573 574 575 576 577 578 579 580 581 582 583
 584 585 586 587 588 589 590 591 592 593 594]"
2,35,34,30,0,827,"[565 566 122 341 569 570 571 572 573 359 575 576 577 578 579 580 581 582
 583 584 585 586 587 588 589 590 591 592 593 594]"
2,35,34,31,0,848,"[564 565 566 122 341  79 570 571 572 573 359 383 576 577 578 579 294 581
 582 583 584 585 586 587 588 589 590 591 592 593 594]"
2,35,34,32,0,53,"[ 65 564 565 566 122 341  79 474 571 572 573 359 383  56 577 578 579 294
 440 582 583 584 312 586 587 588 589 590 591 592 593 594]"
2,35,34,33,0,242,"[178  65 384 565 566 122 341  79 474 440 572 573 359 383  56 457 578 579
 294 441 422 583 584 312  24 587 588 527 590 591 592 593 594]"
2,35,34,34,0,705,"[ 19 178  65 489 116 566 122 341  79 474 237 211 573 359 383  56 457 266
 579 294 440 422 232 584 312  24 558 588 527 147 591 404 593 594]"
2,35,35,35,0,928,[]
3,21,35,0,0,175,[]
3,21,35,1,0,639,[629]
3,21,35,2,0,858,[628 629]
3,21,35,3,0,755,[627 628 629]
3,21,35,4,0,993,[626 627 628 629]
3,21,35,5,0,475,[625 626 627 628 629]
3,21,35,6,0,97,[624 625 626 627 628 629]
3,21,35,7,0,378,[623 624 625 626 627 628 629]
3,21,35,8,0,143,[622 623 624 625 626 627 628 629]
3,21,35,9,0,966,[621 622 623 624 625 626 627 628 629]
3,21,35,10,0,713,[620 621 622 623 624 625 626 627 628 629]
3,21,35,11,0,888,[619 620 621 622 623 624 625 626 627 628 629]
3,21,35,12,0,448,[618 619 620 621 622 623 624 625 626 627 628 629]
3,21,35,13,0,370,[617 618 619 620 621 622 623 624 625 626 627 628 629]
3,21,35,14,0,924,[616 617 618 619 620 621 622 623 624 625 626 627 628 629]
3,21,35,15,0,152,[615 616 617 618 619 620 621 622 623 624 625 626 627 628 629]
3,21,35,16,0,495,[614 615 616 617 618 619 620 621 622 623 624 625 626 627 628 629]
3,21,35,17,0,653,[613 614 615 616 617 618 619 620 621 622 623 624 625 626 627 628 629]
3,21,35,18,0,906,[612 613 614 615 616 617 618 619 620 621 622 623 624 625 626 627 628 629]
3,21,35,19,0,73,"[611 612 613 614 615 616 617 618 619 620 621 622 623 624 625 626 627 628
 629]"
3,21,35,20,0,263,"[610 611 612 613 614 615 616 617 618 619 620 621 622 623 624 625 626 627
 628 629]"
3,21,35,21,0,714,"[609 610 611 612 613 614 615 616 617 618 619 620 621 622 623 624 625 626
 627 628 629]"
3,21,35,22,0,863,"[608 609 610 611 612 613 614 615 616 617 618 619 620 621 622 623 624 625
 626 627 628 629]"
3,21,35,23,0,900,"[607 608 609 610 611 612 613 614 615 616 617 618 619 620 621 622 623 624
 625 626 627 628 629]"
3,21,35,24,0,981,"[606 607 608 609 610 611 612 613 614 615 616 617 618 619 620 621 622 623
 624 625 626 627 628 629]"
3,21,35,25,0,736,"[605 606 607 608 609 610 611 612 613 614 615 616 617 618 619 620 621 622
 623 624 625 626 627 628 629]"
3,21,35,26,0,746,"[604 605 606 607 608 609 610 611 612 613 614 615 616 617 618 619 620 621
 622 623 624 625 626 627 628 629]"
3,21,35,27,0,598,"[603 604 605 606 607 608 609 610 611 612 613 614 615 616 617 618 619 620
 621 622 623 624 625 626 627 628 629]"
3,21,35,28,0,196,"[602 603 604 605 606 607 608 609 610 611 612 613 614 615 616 617 618 619
 620 621 622 623 624 625 626 627 628 629]"
3,21,35,29,0,40,"[601 602 603 604 605 606 607 608 609 610 611 612 613 614 615 616 617 618
 619 620 621 622 623 624 625 626 627 628 629]"
3,21,35,30,0,209,"[600 601 602 603 604 605 606 607 608 609 610 611 612 613 614 615 616 617
 618 619 620 621 622 623 624 625 626 627 628 629]"
3,21,35,31,0,943,"[599 600 601 602 603 604 605 606 607 608 609 610 611 612 613 614 615 616
 617 618 619 620 621 622 623 624 625 626 627 628 629]"
3,21,35,32,0,900,"[598 599 600 601 602 603 604 605 606 607 608 609 610 611 612 613 614 615
 616 617 618 619 620 621 622 623 624 625 626 627 628 629]"
3,21,35,33,0,487,"[597 598 599 600 601 602 603 604 605 606 607 608 609 610 611 612 613 614
 615 616 617 618 619 620 621 622 623 624 625 626 627 628 629]"
3,21,35,34,0,675,"[596 597 598 599 600 601 602 603 604 605 606 607 608 609 610 611 612 613
 614 615 616 617 618 619 620 621 622 623 624 625 626 627 628 629]"
3,21,35,35,0,159,"[595 596 597 598 599 600 601 602 603 604 605 606 607 608 609 610 611 612
 613 614 615 616 617 618 619 620 621 622 623 624 625 626 627 628 629]"
3,21,36,36,0,823,[]
4,15,35,0,0,611,[]
4,15,35,1,0,561,[629]
4,15,35,2,0,388,[628 629]
4,15,35,3,0,423,[627 628 629]
4,15,35,4,0,329,[626 627 628 629]
4,15,35,5,0,144,[625 626 627 628 629]
4,15,35,6,0,872,[624 625 626 627 628 629]
4,15,35,7,0,323,[623 624 625 626 627 628 629]
4,15,35,8,0,659,[622 623 624 625 626 627 628 629]
4,15,35,9,0,506,[621 622 623 624 625 626 627 628 629]
4,15,35,10,0,675,[620 621 622 623 624 625 626 627 628 629]
4,15,35,11,0,546,[619 620 621 622 623 624 625 626 627 628 629]
4,15,35,12,0,316,[618 619 620 621 622 623 624 625 626 627 628 629]
4,15,35,13,0,573,[617 618 619 620 621 622 623 624 625 626 627 628 629]
4,15,35,14,0,329,[616 617 618 619 620 621 622 623 624 625 626 627 628 629]
4,15,35,15,0,314,[615 616 617 618 619 620 621 622 623 624 625 626 627 628 629]
4,15,35,16,0,941,[614 615 616 617 618 619 620 621 622 623 624 625 626 627 628 629]
4,15,35,17,0,928,[613 614 615 616 617 618 619 620 621 622 623 624 625 626 627 628 629]
4,15,35,18,0,531,[612 613 614 615 616 617 618 619 620 621 622 623 624 625 626 627 628 629]
4,15,35,19,0,700,"[611 612 613 614 615 616 617 618 619 620 621 622 623 624 625 626 627 628
 629]"
4,15,35,20,0,428,"[610 611 612 613 614 615 616 617 618 619 620 621 622 623 624 625 626 627
 628 629]"
4,15,35,21,0,92,"[609 610 611 612 613 614 615 616 617 618 619 620 621 622 623 624 625 626
 627 628 629]"
4,15,35,22,0,737,"[608 609 610 611 612 613 614 615 616 617 618 619 620 621 622 623 624 625
 626 627 628 629]"
4,15,35,23,0,532,"[607 608 609 610 611 612 613 614 615 616 617 618 619 620 621 622 623 624
 625 626 627 628 629]"
4,15,35,24,0,589,"[606 607 608 609 610 611 612 613 614 615 616 617 618 619 620 621 622 623
 624 625 626 627 628 629]"
4,15,35,25,0,854,"[605 606 607 608 609 610 611 612 613 614 615 616 617 618 619 620 621 622
 623 624 625 626 627 628 629]"
4,15,35,26,0,973,"[604 605 606 607 608 609 610 611 612 613 614 615 616 617 618 619 620 621
 622 623 624 625 626 627 628 629]"
4,15,35,27,0,199,"[603 604 605 606 607 608 609 610 611 612 613 614 615 616 617 618 619 620
 621 622 623 624 625 626 627 628 629]"
4,15,35,28,0,782,"[602 603 604 605 606 607 608 609 610 611 612 613 614 615 616 617 618 619
 620 621 622 623 624 625 626 627 628 629]"
4,15,35,29,0,160,"[601 602 603 604 605 606 607 608 609 610 611 612 613 614 615 616 617 618
 619 620 621 622 623 624 625 626 627 628 629]"
4,15,35,30,0,770,"[600 601 602 603 604 605 606 607 608 609 610 611 612 613 614 615 616 617
 618 619 620 621 622 623 624 625 626 627 628 629]"
4,15,35,31,0,155,"[599 600 601 602 603 604 605 606 607 608 609 610 611 612 613 614 615 616
 617 618 619 620 621 622 623 624 625 626 627 628 629]"
4,15,35,32,0,288,"[598 599 600 601 602 603 604 605 606 607 608 609 610 611 612 613 614 615
 616 617 618 619 620 621 622 623 624 625 626 627 628 629]"
4,15,35,33,0,328,"[597 598 599 600 601 602 603 604 605 606 607 608 609 610 611 612 613 614
 615 616 617 618 619 620 621 622 623 624 625 626 627 628 629]"
4,15,35,34,0,456,"[596 597 598 599 600 601 602 603 604 605 606 607 608 609 610 611 612 613
 614 615 616 617 618 619 620 621 622 623 624 625 626 627 628 629]"
4,15,35,35,0,320,"[595 596 597 598 599 600 601 602 603 604 605 606 607 608 609 610 611 612
 613 614 615 616 617 618 619 620 621 622 623 624 625 626 627 628 629]"
4,15,36,36,0,347,[]
2,36,35,0,0,591,[]
2,36,35,1,0,2,[629]
2,36,35,2,0,748,[628 629]
2,36,35,3,0,859,[627 628 629]
2,36,35,4,0,3,[626 627 628 629]
2,36,35,5,0,712,[625 626 627 628 629]
2,36,35,6,0,658,[624 625 626 627 628 629]
2,36,35,7,0,21,[623 624 625 626 627 628 629]
2,36,35,8,0,330,[622 623 624 625 626 627 628 629]
2,36,35,9,0,229,[621 622 623 624 625 626 627 628 629]
2,36,35,10,0,377,[620 621 622 623 624 625 626 627 628 629]
2,36,35,11,0,972,[619 620 621 622 623 624 625 626 627 628 629]
2,36,35,12,0,734,[618 619 620 621 622 623 624 625 626 627 628 629]
2,36,35,13,0,262,[617 618 619 620 621 622 623 624 625 626 627 628 629]
2,36,35,14,0,690,[616 617 618 619 620 621 622 623 624 625 626 627 628 629]
2,36,35,15,0,532,[615 616 617 618 619 620 621 622 623 624 625 626 627 628 629]
2,36,35,16,0,146,[614 615 616 617 618 619 620 621 622 623 624 625 626 627 628 629]
2,36,35,17,0,982,[613 614 615 616 617 618 619 620 621 622 623 624 625 626 627 628 629]
2,36,35,18,0,65,[612 613 614 615 616 617 618 619 620 621 622 623 624 625 626 627 628 629]
2,36,35,19,0,3,"[611 612 613 614 615 616 617 618 619 620 621 622 623 624 625 626 627 628
 629]"
2,36,35,20,0,946,"[610 611 612 613 614 615 616 617 618 619 620 621 622 623 624 625 626 627
 628 629]"
2,36,35,21,0,741,"[609 610 611 612 613 614 615 616 617 618 619 620 621 622 623 624 625 626
 627 628 629]"
2,36,35,22,0,829,"[608 609 610 611 612 613 614 615 616 617 618 619 620 621 622 623 624 625
 626 627 628 629]"
2,36,35,23,0,856,"[607 608 609 610 611 612 613 614 615 616 617 618 619 620 621 622 623 624
 625 626 627 628 629]"
2,36,35,24,0,538,"[606 607 608 609 610 611 612 613 614 615 616 617 618 619 620 621 622 623
 624 625 626 627 628 629]"
2,36,35,25,0,285,"[605 606 607 608 609 610 611 612 613 614 615 616 617 618 619 620 621 622
 623 624 625 626 627 628 629]"
2,36,35,26,0,2,"[604 605 606 607 608 609 610 611 612 613 614 615 616 617 618 619 620 621
 622 623 624 625 626 627 628 629]"
2,36,35,27,0,18,"[603 604 605 606 607 608 609 610 611 612 613 614 615 616 617 618 619 620
 621 622 623 624 625 626 627 628 629]"
2,36,35,28,0,765,"[602 603 604 605 606 607 608 609 610 611 612 613 614 615 616 617 618 619
 620 621 622 623 624 625 626 627 628 629]"
2,36,35,29,0,248,"[601 602 603 604 605 606 607 608 609 610 611 612 613 614 615 616 617 618
 619 620 621 622 623 624 625 626 627 628 629]"
2,36,35,30,0,534,"[600 601 434 603 604 605 606 607 608 609 610 611 612 613 614 615 616 617
 618 619 620 621 622 623 624 625 626 627 628 629]"
2,36,35,31,0,378,"[599 600 601 434 248 604 605 606 607 608 155 610 611 612 613 614 615 616
 617 618 619 620 621 622 623 624 625 626 627 628 629]"
2,36,35,32,0,993,"[598 599 600 601 434 248 493 605 606 607 608 155 209 611 612 613 614 213
 616 617 618 619 620 621 622 623 624 625 626 627 628 629]"
2,36,35,33,0,277,"[492 523 599 600 601 434 248 493 524 606 607 608 155 209  29 612 613 614
 213 274 617 618 619 297 621 622 623 624 625 626 627 628 629]"
2,36,35,34,0,465,"[ 62 492 523  14 600 601 434 248 493 524 150 607 608 155 209  29 398 613
 614 213 274 458 618 619 297  92 622 623 246 625 626 627 628 629]"
2,36,35,35,0,748,"[418  62 376  18 328 119 601 434 188 493 524 150 476 608 155 209  29 398
 574 614 213 274 458 551 619 297  92 350 623 246 593 626 211 628 629]"
2,36,36,36,0,166,[]
5,12,35,0,0,356,"[630 631 632 633 634 635 636 637 638 639 640 641 642 643 644 645 646 647
 648 649 650 651 652 653 654 655 656 657 658 659]"
5,12,35,1,0,926,"[629 630 631 632 633 634 635 636 637 638 639 640 641 642 643 644 645 646
 647 648 649 650 651 652 653 654 655 656 657 658 659]"
5,12,35,2,0,422,"[628 629 630 631 632 633 634 635 636 637 638 639 640 641 642 643 644 645
 646 647 648 649 650 651 652 653 654 655 656 657 658 659]"
5,12,35,3,0,19,"[627 628 629 630 631 632 633 634 635 636 637 638 639 640 641 642 643 644
 645 646 647 648 649 650 651 652 653 654 655 656 657 658 659]"
5,12,35,4,0,996,"[626 627 628 629 630 631 632 633 634 635 636 637 638 639 640 641 642 643
 644 645 646 647 648 649 650 651 652 653 654 655 656 657 658 659]"
5,12,35,5,0,972,"[625 626 627 628 629 630 631 632 633 634 635 636 637 638 639 640 641 642
 643 644 645 646 647 648 649 650 651 652 653 654 655 656 657 658 659]"
5,12,36,6,0,309,[]
5,12,36,7,0,339,[659]
5,12,36,8,0,163,[658 659]
5,12,36,9,0,433,[657 658 659]
5,12,36,10,0,558,[656 657 658 659]
5,12,36,11,0,101,[655 656 657 658 659]
5,12,36,12,0,33,[654 655 656 657 658 659]
5,12,36,13,0,972,[653 654 655 656 657 658 659]
5,12,36,14,0,955,[652 653 654 655 656 657 658 659]
5,12,36,15,0,442,[651 652 653 654 655 656 657 658 659]
5,12,36,16,0,163,[650 651 652 653 654 655 656 657 658 659]
5,12,36,17,0,896,[649 650 651 652 653 654 655 656 657 658 659]
5,12,36,18,0,401,[648 649 650 651 652 653 654 655 656 657 658 659]
5,12,36,19,0,50,[647 648 649 650 651 652 653 654 655 656 657 658 659]
5,12,36,20,0,12,[646 647 648 649 650 651 652 653 654 655 656 657 658 659]
5,12,36,21,0,668,[645 646 647 648 649 650 651 652 653 654 655 656 657 658 659]
5,12,36,22,0,160,[644 645 646 647 648 649 650 651 652 653 654 655 656 657 658 659]
5,12,36,23,0,989,[643 644 645 646 647 648 649 650 651 652 653 654 655 656 657 658 659]
5,12,36,24,0,561,[642 643 644 645 646 647 648 649 650 651 652 653 654 655 656 657 658 659]
5,12,36,25,0,807,"[641 642 643 644 645 646 647 648 649 650 651 652 653 654 655 656 657 658
 659]"
5,12,36,26,0,349,"[640 641 642 643 644 645 646 647 648 649 650 651 652 653 654 655 656 657
 658 659]"
5,12,36,27,0,63,"[639 640 641 642 643 644 645 646 647 648 649 650 651 652 653 654 655 656
 657 658 659]"
5,12,36,28,0,613,"[638 639 640 641 642 643 644 645 646 647 648 649 650 651 652 653 654 655
 656 657 658 659]"
5,12,36,29,0,549,"[637 638 639 640 641 642 643 644 645 646 647 648 649 650 651 652 653 654
 655 656 657 658 659]"
5,12,36,30,0,298,"[636 637 638 639 640 641 642 643 644 645 646 647 648 649 650 651 652 653
 654 655 656 657 658 659]"
5,12,36,31,0,94,"[635 636 637 638 639 640 641 642 643 644 645 646 647 648 649 650 651 652
 653 654 655 656 657 658 659]"
5,12,36,32,0,590,"[634 635 636 637 638 639 640 641 642 643 644 645 646 647 648 649 650 651
 652 653 654 655 656 657 658 659]"
5,12,36,33,0,980,"[633 634 635 636 637 638 639 640 641 642 643 644 645 646 647 648 649 650
 651 652 653 654 655 656 657 658 659]"
5,12,36,34,0,696,"[632 633 634 635 636 637 638 639 640 641 642 643 644 645 646 647 648 649
 650 651 652 653 654 655 656 657 658 659]"
5,12,36,35,0,575,"[631 632 633 634 635 636 637 638 639 640 641 642 643 644 645 646 647 648
 649 650 651 652 653 654 655 656 657 658 659]"
5,12,36,36,0,502,"[630 631 632 633 634 635 636 637 638 639 640 641 642 643 644 645 646 647
 648 649 650 651 652 653 654 655 656 657 658 659]"
2,37,36,0,0,515,[]
2,37,36,1,0,411,[665]
2,37,36,2,0,555,[664 665]
2,37,36,3,0,837,[663 664 665]
2,37,36,4,0,608,[662 663 664 665]
2,37,36,5,0,203,[661 662 663 664 665]
2,37,36,6,0,186,[660 661 662 663 664 665]
2,37,36,7,0,482,[659 660 661 662 663 664 665]
2,37,36,8,0,978,[658 659 660 661 662 663 664 665]
2,37,36,9,0,900,[657 658 659 660 661 662 663 664 665]
2,37,36,10,0,569,[656 657 658 659 660 661 662 663 664 665]
2,37,36,11,0,941,[655 656 657 658 659 660 661 662 663 664 665]
2,37,36,12,0,245,[654 655 656 657 658 659 660 661 662 663 664 665]
2,37,36,13,0,159,[653 654 655 656 657 658 659 660 661 662 663 664 665]
2,37,36,14,0,83,[652 653 654 655 656 657 658 659 660 661 662 663 664 665]
2,37,36,15,0,224,[651 652 653 654 655 656 657 658 659 660 661 662 663 664 665]
2,37,36,16,0,321,[650 651 652 653 654 655 656 657 658 659 660 661 662 663 664 665]
2,37,36,17,0,429,[649 650 651 652 653 654 655 656 657 658 659 660 661 662 663 664 665]
2,37,36,18,0,492,[648 649 650 651 652 653 654 655 656 657 658 659 660 661 662 663 664 665]
2,37,36,19,0,679,"[647 648 649 650 651 652 653 654 655 656 657 658 659 660 661 662 663 664
 665]"
2,37,36,20,0,10,"[646 647 648 649 650 651 652 653 654 655 656 657 658 659 660 661 662 663
 664 665]"
2,37,36,21,0,902,"[645 646 647 648 649 650 651 652 653 654 655 656 657 658 659 660 661 662
 663 664 665]"
2,37,36,22,0,227,"[644 645 646 647 648 649 650 651 652 653 654 655 656 657 658 659 660 661
 662 663 664 665]"
2,37,36,23,0,70,"[643 644 645 646 647 648 649 650 651 652 653 654 655 656 657 658 659 660
 661 662 663 664 665]"
2,37,36,24,0,638,"[642 643 644 645 646 647 648 649 650 651 652 653 654 655 656 657 658 659
 660 661 662 663 664 665]"
2,37,36,25,0,570,"[641 642 643 644 645 646 647 648 649 650 651 652 653 654 655 656 657 658
 659 660 661 662 663 664 665]"
2,37,36,26,0,154,"[640 641 642 643 644 645 646 647 648 649 650 651 652 653 654 655 656 657
 658 659 660 661 662 663 664 665]"
2,37,36,27,0,391,"[639 640 641 642 643 644 645 646 647 648 649 650 651 652 653 654 655 656
 657 658 659 660 661 662 663 664 665]"
2,37,36,28,0,382,"[638 639 640 641 642 643 644 645 646 647 648 649 650 651 652 653 654 655
 656 657 658 659 660 661 662 663 664 665]"
2,37,36,29,0,757,"[637 638 639 640 641 642 643 644 645 646 647 648 649 650 651 652 653 654
 655 656 657 658 659 660 661 662 663 664 665]"
2,37,36,30,0,591,"[636 637 638 639 640 641 642 643 644 645 646 647 648 649 650 651 652 653
 654 655 656 657 658 659 660 661 662 663 664 665]"
2,37,36,31,0,965,"[635 636 637  63 639 640 641 642 643 644 645 646 647 648 649 650 651 652
 653 654 655 656 657 658 659 660 661 662 663 664 665]"
2,37,36,32,0,148,"[634 635 636 637  63 494 640 641 642 643 644 189 646 647 648 649 650 651
 652 653 654 655 656 657 658 659 660 661 662 663 664 665]"
2,37,36,33,0,615,"[474 634 635 636 637  63 494 102 641 642 643 644 189 509 647 648 649 650
 527 652 653 654 655 656 657 658 659 660 661 662 663 664 665]"
2,37,36,34,0,837,"[493 474 250 635 636 637  63 494 102 545 642 643 644 189 509 558 648 649
 650 527 559 653 654 655 560 657 658 659 660 661 662 663 664 665]"
2,37,36,35,0,92,"[407 493 474 250 307 636 637  63 494 102 545  27 643 644 189 509 360 337
 649 650 527 559 254 654 655 560  56 658 659 188 661 662 663 664 665]"
2,37,36,36,0,25,"[434 407 158 474 250 307 283 637  63 494 102 545  27 226 644 189 509 360
 337 389 650 527 453 254 154 655 560  56 587 659 188 124 662 620 664 665]"
2,37,37,37,0,523,[]
6,10,36,0,0,811,[666 667 668 669 670 671 672 673 674]
6,10,36,1,0,51,[665 666 667 668 669 670 671 672 673 674]
6,10,36,2,0,108,[664 665 666 667 668 669 670 671 672 673 674]
6,10,36,3,0,22,[663 664 665 666 667 668 669 670 671 672 673 674]
6,10,36,4,0,133,[662 663 664 665 666 667 668 669 670 671 672 673 674]
6,10,36,5,0,966,[661 662 663 664 665 666 667 668 669 670 671 672 673 674]
6,10,36,6,0,600,[660 661 662 663 664 665 666 667 668 669 670 671 672 673 674]
6,10,36,7,0,321,[659 660 661 662 663 664 665 666 667 668 669 670 671 672 673 674]
6,10,36,8,0,849,[658 659 660 661 662 663 664 665 666 667 668 669 670 671 672 673 674]
6,10,36,9,0,574,[657 658 659 660 661 662 663 664 665 666 667 668 669 670 671 672 673 674]
6,10,36,10,0,845,"[656 657 658 659 660 661 662 663 664 665 666 667 668 669 670 671 672 673
 674]"
6,10,36,11,0,441,"[655 656 657 658 659 660 661 662 663 664 665 666 667 668 669 670 671 672
 673 674]"
6,10,36,12,0,981,"[654 655 656 657 658 659 660 661 662 663 664 665 666 667 668 669 670 671
 672 673 674]"
6,10,36,13,0,812,"[653 654 655 656 657 658 659 660 661 662 663 664 665 666 667 668 669 670
 671 672 673 674]"
6,10,36,14,0,792,"[652 653 654 655 656 657 658 659 660 661 662 663 664 665 666 667 668 669
 670 671 672 673 674]"
6,10,36,15,0,784,"[651 652 653 654 655 656 657 658 659 660 661 662 663 664 665 666 667 668
 669 670 671 672 673 674]"
6,10,36,16,0,503,"[650 651 652 653 654 655 656 657 658 659 660 661 662 663 664 665 666 667
 668 669 670 671 672 673 674]"
6,10,36,17,0,426,"[649 650 651 652 653 654 655 656 657 658 659 660 661 662 663 664 665 666
 667 668 669 670 671 672 673 674]"
6,10,36,18,0,757,"[648 649 650 651 652 653 654 655 656 657 658 659 660 661 662 663 664 665
 666 667 668 669 670 671 672 673 674]"
6,10,36,19,0,789,"[647 648 649 650 651 652 653 654 655 656 657 658 659 660 661 662 663 664
 665 666 667 668 669 670 671 672 673 674]"
6,10,36,20,0,158,"[646 647 648 649 650 651 652 653 654 655 656 657 658 659 660 661 662 663
 664 665 666 667 668 669 670 671 672 673 674]"
6,10,36,21,0,159,"[645 646 647 648 649 650 651 652 653 654 655 656 657 658 659 660 661 662
 663 664 665 666 667 668 669 670 671 672 673 674]"
6,10,36,22,0,541,"[644 645 646 647 648 649 650 651 652 653 654 655 656 657 658 659 660 661
 662 663 664 665 666 667 668 669 670 671 672 673 674]"
6,10,36,23,0,508,"[643 644 645 646 647 648 649 650 651 652 653 654 655 656 657 658 659 660
 661 662 663 664 665 666 667 668 669 670 671 672 673 674]"
6,10,36,24,0,486,"[642 643 644 645 646 647 648 649 650 651 652 653 654 655 656 657 658 659
 660 661 662 663 664 665 666 667 668 669 670 671 672 673 674]"
6,10,36,25,0,507,"[641 642 643 644 645 646 647 648 649 650 651 652 653 654 655 656 657 658
 659 660 661 662 663 664 665 666 667 668 669 670 671 672 673 674]"
6,10,36,26,0,442,"[640 641 642 643 644 645 646 647 648 649 650 651 652 653 654 655 656 657
 658 659 660 661 662 663 664 665 666 667 668 669 670 671 672 673 674]"
6,10,36,27,0,935,"[639 640 641 642 643 644 645 646 647 648 649 650 651 652 653 654 655 656
 657 658 659 660 661 662 663 664 665 666 667 668 669 670 671 672 673 674]"
6,10,37,28,0,512,[]
6,10,37,29,0,66,[674]
6,10,37,30,0,611,[673 674]
6,10,37,31,0,168,[672 673 674]
6,10,37,32,0,31,[671 672 673 674]
6,10,37,33,0,923,[670 671 672 673 674]
6,10,37,34,0,790,[669 670 671 672 673 674]
6,10,37,35,0,640,[668 669 670 671 672 673 674]
6,10,37,36,0,616,[667 668 669 670 671 672 673 674]
6,10,37,37,0,927,[666 667 668 669 670 671 672 673 674]
3,22,36,0,0,54,"[666 667 668 669 670 671 672 673 674 675 676 677 678 679 680 681 682 683
 684 685 686 687 688 689 690 691 692]"
3,22,36,1,0,318,"[665 666 667 668 669 670 671 672 673 674 675 676 677 678 679 680 681 682
 683 684 685 686 687 688 689 690 691 692]"
3,22,36,2,0,46,"[664 665 666 667 668 669 670 671 672 673 674 675 676 677 678 679 680 681
 682 683 684 685 686 687 688 689 690 691 692]"
3,22,36,3,0,542,"[663 664 665 666 667 668 669 670 671 672 673 674 675 676 677 678 679 680
 681 682 683 684 685 686 687 688 689 690 691 692]"
3,22,36,4,0,639,"[662 663 664 665 666 667 668 669 670 671 672 673 674 675 676 677 678 679
 680 681 682 683 684 685 686 687 688 689 690 691 692]"
3,22,36,5,0,128,"[661 662 663 664 665 666 667 668 669 670 671 672 673 674 675 676 677 678
 679 680 681 682 683 684 685 686 687 688 689 690 691 692]"
3,22,36,6,0,76,"[660 661 662 663 664 665 666 667 668 669 670 671 672 673 674 675 676 677
 678 679 680 681 682 683 684 685 686 687 688 689 690 691 692]"
3,22,36,7,0,620,"[659 660 661 662 663 664 665 666 667 668 669 670 671 672 673 674 675 676
 677 678 679 680 681 682 683 684 685 686 687 688 689 690 691 692]"
3,22,36,8,0,326,"[658 659 660 661 662 663 664 665 666 667 668 669 670 671 672 673 674 675
 676 677 678 679 680 681 682 683 684 685 686 687 688 689 690 691 692]"
3,22,36,9,0,620,"[657 658 659 660 661 662 663 664 665 666 667 668 669 670 671 672 673 674
 675 676 677 678 679 680 681 682 683 684 685 686 687 688 689 690 691 692]"
3,22,37,10,0,388,[]
3,22,37,11,0,530,[692]
3,22,37,12,0,255,[691 692]
3,22,37,13,0,7,[690 691 692]
3,22,37,14,0,680,[689 690 691 692]
3,22,37,15,0,280,[688 689 690 691 692]
3,22,37,16,0,818,[687 688 689 690 691 692]
3,22,37,17,0,50,[686 687 688 689 690 691 692]
3,22,37,18,0,484,[685 686 687 688 689 690 691 692]
3,22,37,19,0,642,[684 685 686 687 688 689 690 691 692]
3,22,37,20,0,838,[683 684 685 686 687 688 689 690 691 692]
3,22,37,21,0,906,[682 683 684 685 686 687 688 689 690 691 692]
3,22,37,22,0,729,[681 682 683 684 685 686 687 688 689 690 691 692]
3,22,37,23,0,560,[680 681 682 683 684 685 686 687 688 689 690 691 692]
3,22,37,24,0,516,[679 680 681 682 683 684 685 686 687 688 689 690 691 692]
3,22,37,25,0,904,[678 679 680 681 682 683 684 685 686 687 688 689 690 691 692]
3,22,37,26,0,400,[677 678 679 680 681 682 683 684 685 686 687 688 689 690 691 692]
3,22,37,27,0,168,[676 677 678 679 680 681 682 683 684 685 686 687 688 689 690 691 692]
3,22,37,28,0,262,[675 676 677 678 679 680 681 682 683 684 685 686 687 688 689 690 691 692]
3,22,37,29,0,121,"[674 675 676 677 678 679 680 681 682 683 684 685 686 687 688 689 690 691
 692]"
3,22,37,30,0,71,"[673 674 675 676 677 678 679 680 681 682 683 684 685 686 687 688 689 690
 691 692]"
3,22,37,31,0,434,"[672 673 674 675 676 677 678 679 680 681 682 683 684 685 686 687 688 689
 690 691 692]"
3,22,37,32,0,291,"[671 672 673 674 675 676 677 678 679 680 681 682 683 684 685 686 687 688
 689 690 691 692]"
3,22,37,33,0,194,"[670 671 672 673 674 675 676 677 678 679 680 681 682 683 684 685 686 687
 688 689 690 691 692]"
3,22,37,34,0,513,"[669 670 671 672 673 674 675 676 677 678 679 680 681 682 683 684 685 686
 687 688 689 690 691 692]"
3,22,37,35,0,559,"[668 669 670 671 672 673 674 675 676 677 678 679 680 681 682 683 684 685
 686 687 688 689 690 691 692]"
3,22,37,36,0,404,"[667 668 669 670 671 672 673 674 675 676 677 678 679 680 681 682 683 684
 685 686 687 688 689 690 691 692]"
3,22,37,37,0,203,"[666 667 668 669 670 671 672 673 674 675 676 677 678 679 680 681 682 683
 684 685 686 687 688 689 690 691 692]"
2,38,37,0,0,500,[]
2,38,37,1,0,201,[702]
2,38,37,2,0,650,[701 702]
2,38,37,3,0,261,[700 701 702]
2,38,37,4,0,294,[699 700 701 702]
2,38,37,5,0,144,[698 699 700 701 702]
2,38,37,6,0,568,[697 698 699 700 701 702]
2,38,37,7,0,9,[696 697 698 699 700 701 702]
2,38,37,8,0,256,[695 696 697 698 699 700 701 702]
2,38,37,9,0,829,[694 695 696 697 698 699 700 701 702]
2,38,37,10,0,573,[693 694 695 696 697 698 699 700 701 702]
2,38,37,11,0,712,[692 693 694 695 696 697 698 699 700 701 702]
2,38,37,12,0,598,[691 692 693 694 695 696 697 698 699 700 701 702]
2,38,37,13,0,739,[690 691 692 693 694 695 696 697 698 699 700 701 702]
2,38,37,14,0,959,[689 690 691 692 693 694 695 696 697 698 699 700 701 702]
2,38,37,15,0,972,[688 689 690 691 692 693 694 695 696 697 698 699 700 701 702]
2,38,37,16,0,638,[687 688 689 690 691 692 693 694 695 696 697 698 699 700 701 702]
2,38,37,17,0,738,[686 687 688 689 690 691 692 693 694 695 696 697 698 699 700 701 702]
2,38,37,18,0,435,[685 686 687 688 689 690 691 692 693 694 695 696 697 698 699 700 701 702]
2,38,37,19,0,44,"[684 685 686 687 688 689 690 691 692 693 694 695 696 697 698 699 700 701
 702]"
2,38,37,20,0,132,"[683 684 685 686 687 688 689 690 691 692 693 694 695 696 697 698 699 700
 701 702]"
2,38,37,21,0,764,"[682 683 684 685 686 687 688 689 690 691 692 693 694 695 696 697 698 699
 700 701 702]"
2,38,37,22,0,321,"[681 682 683 684 685 686 687 688 689 690 691 692 693 694 695 696 697 698
 699 700 701 702]"
2,38,37,23,0,28,"[680 681 682 683 684 685 686 687 688 689 690 691 692 693 694 695 696 697
 698 699 700 701 702]"
2,38,37,24,0,344,"[679 680 681 682 683 684 685 686 687 688 689 690 691 692 693 694 695 696
 697 698 699 700 701 702]"
2,38,37,25,0,844,"[678 679 680 681 682 683 684 685 686 687 688 689 690 691 692 693 694 695
 696 697 698 699 700 701 702]"
2,38,37,26,0,694,"[677 678 679 680 681 682 683 684 685 686 687 688 689 690 691 692 693 694
 695 696 697 698 699 700 701 702]"
2,38,37,27,0,436,"[676 677 678 679 680 681 682 683 684 685 686 687 688 689 690 691 692 693
 694 695 696 697 698 699 700 701 702]"
2,38,37,28,0,976,"[675 676 677 678 679 680 681 682 683 684 685 686 687 688 689 690 691 692
 693 694 695 696 697 698 699 700 701 702]"
2,38,37,29,0,300,"[674 675 676 677 678 679 680 681 682 683 684 685 686 687 688 689 690 691
 692 693 694 695 696 697 698 699 700 701 702]"
2,38,37,30,0,793,"[673 674 675 676 677 678 679 680 681 682 683 684 685 686 687 688 689 690
 691 692 693 694 695 696 697 698 699 700 701 702]"
2,38,37,31,0,787,"[672 673 674 675 676 677 678 679 680 681 682 683 684 685 686 687 688 689
 690 691 692 693 694 695 696 697 698 699 700 701 702]"
2,38,37,32,0,722,"[671 672 673 674 192 676 677 678 679 680 681 682 683 684 685 686 687 688
 689 690 691 692 693 694 695 696 697 698 699 700 701 702]"
2,38,37,33,0,319,"[670 671 672 673 674 192 449 677 678 679 680 681 527 683 684 685 686 687
 688 689 690 691 692 693 694 695 696 697 698 699 700 701 702]"
2,38,37,34,0,792,"[ 72 530 671 672 673 674 192 449 426 678 679 680 681 527 262 684 685 686
 687 205 689 690 691 692 693 694 695 696 697 698 699 700 701 702]"
2,38,37,35,0,828,"[172  72 425 254 672 673 674 192 449 426  56 679 680 681 527 262 294 685
 686 687 205 549 690 691 692 566 694 695 696 697 698 699 700 701 702]"
2,38,37,36,0,573,"[445 172  72 425 254 624 673 674 192 449 426  56 350 680 681 527 262 294
 376 686 687 205 549 104 691 692 566 125 695 696 582 698 699 700 701 702]"
2,38,37,37,0,407,"[666 467 172 636 657 492 624 647 674 192 449 426  56 350 237 681 527 262
 294 376  11 687 205 549 104 510 692 566 125  33 696 582 596 699 324 701
 702]"
2,38,38,38,0,712,[]
4,16,37,0,0,133,[703 704 705 706 707 708 709 710 711 712 713 714 715 716 717 718 719]
4,16,37,1,0,517,[702 703 704 705 706 707 708 709 710 711 712 713 714 715 716 717 718 719]
4,16,37,2,0,886,"[701 702 703 704 705 706 707 708 709 710 711 712 713 714 715 716 717 718
 719]"
4,16,37,3,0,663,"[700 701 702 703 704 705 706 707 708 709 710 711 712 713 714 715 716 717
 718 719]"
4,16,37,4,0,640,"[699 700 701 702 703 704 705 706 707 708 709 710 711 712 713 714 715 716
 717 718 719]"
4,16,37,5,0,680,"[698 699 700 701 702 703 704 705 706 707 708 709 710 711 712 713 714 715
 716 717 718 719]"
4,16,37,6,0,394,"[697 698 699 700 701 702 703 704 705 706 707 708 709 710 711 712 713 714
 715 716 717 718 719]"
4,16,37,7,0,66,"[696 697 698 699 700 701 702 703 704 705 706 707 708 709 710 711 712 713
 714 715 716 717 718 719]"
4,16,37,8,0,414,"[695 696 697 698 699 700 701 702 703 704 705 706 707 708 709 710 711 712
 713 714 715 716 717 718 719]"
4,16,37,9,0,316,"[694 695 696 697 698 699 700 701 702 703 704 705 706 707 708 709 710 711
 712 713 714 715 716 717 718 719]"
4,16,37,10,0,869,"[693 694 695 696 697 698 699 700 701 702 703 704 705 706 707 708 709 710
 711 712 713 714 715 716 717 718 719]"
4,16,37,11,0,323,"[692 693 694 695 696 697 698 699 700 701 702 703 704 705 706 707 708 709
 710 711 712 713 714 715 716 717 718 719]"
4,16,37,12,0,793,"[691 692 693 694 695 696 697 698 699 700 701 702 703 704 705 706 707 708
 709 710 711 712 713 714 715 716 717 718 719]"
4,16,37,13,0,273,"[690 691 692 693 694 695 696 697 698 699 700 701 702 703 704 705 706 707
 708 709 710 711 712 713 714 715 716 717 718 719]"
4,16,37,14,0,79,"[689 690 691 692 693 694 695 696 697 698 699 700 701 702 703 704 705 706
 707 708 709 710 711 712 713 714 715 716 717 718 719]"
4,16,37,15,0,608,"[688 689 690 691 692 693 694 695 696 697 698 699 700 701 702 703 704 705
 706 707 708 709 710 711 712 713 714 715 716 717 718 719]"
4,16,37,16,0,694,"[687 688 689 690 691 692 693 694 695 696 697 698 699 700 701 702 703 704
 705 706 707 708 709 710 711 712 713 714 715 716 717 718 719]"
4,16,37,17,0,642,"[686 687 688 689 690 691 692 693 694 695 696 697 698 699 700 701 702 703
 704 705 706 707 708 709 710 711 712 713 714 715 716 717 718 719]"
4,16,37,18,0,76,"[685 686 687 688 689 690 691 692 693 694 695 696 697 698 699 700 701 702
 703 704 705 706 707 708 709 710 711 712 713 714 715 716 717 718 719]"
4,16,37,19,0,195,"[684 685 686 687 688 689 690 691 692 693 694 695 696 697 698 699 700 701
 702 703 704 705 706 707 708 709 710 711 712 713 714 715 716 717 718 719]"
4,16,37,20,0,986,"[683 684 685 686 687 688 689 690 691 692 693 694 695 696 697 698 699 700
 701 702 703 704 705 706 707 708 709 710 711 712 713 714 715 716 717 718
 719]"
4,16,38,21,0,467,[]
4,16,38,22,0,130,[719]
4,16,38,23,0,305,[718 719]
4,16,38,24,0,66,[717 718 719]
4,16,38,25,0,985,[716 717 718 719]
4,16,38,26,0,626,[715 716 717 718 719]
4,16,38,27,0,335,[714 715 716 717 718 719]
4,16,38,28,0,786,[713 714 715 716 717 718 719]
4,16,38,29,0,780,[712 713 714 715 716 717 718 719]
4,16,38,30,0,560,[711 712 713 714 715 716 717 718 719]
4,16,38,31,0,941,[710 711 712 713 714 715 716 717 718 719]
4,16,38,32,0,531,[709 710 711 712 713 714 715 716 717 718 719]
4,16,38,33,0,122,[708 709 710 711 712 713 714 715 716 717 718 719]
4,16,38,34,0,326,[707 708 709 710 711 712 713 714 715 716 717 718 719]
4,16,38,35,0,650,[706 707 708 709 710 711 712 713 714 715 716 717 718 719]
4,16,38,36,0,580,[705 706 707 708 709 710 711 712 713 714 715 716 717 718 719]
4,16,38,37,0,674,[704 705 706 707 708 709 710 711 712 713 714 715 716 717 718 719]
4,16,38,38,0,974,[703 704 705 706 707 708 709 710 711 712 713 714 715 716 717 718 719]
2,39,38,0,0,750,[]
2,39,38,1,0,611,[740]
2,39,38,2,0,944,[739 740]
2,39,38,3,0,933,[738 739 740]
2,39,38,4,0,371,[737 738 739 740]
2,39,38,5,0,945,[736 737 738 739 740]
2,39,38,6,0,877,[735 736 737 738 739 740]
2,39,38,7,0,488,[734 735 736 737 738 739 740]
2,39,38,8,0,248,[733 734 735 736 737 738 739 740]
2,39,38,9,0,254,[732 733 734 735 736 737 738 739 740]
2,39,38,10,0,357,[731 732 733 734 735 736 737 738 739 740]
2,39,38,11,0,102,[730 731 732 733 734 735 736 737 738 739 740]
2,39,38,12,0,567,[729 730 731 732 733 734 735 736 737 738 739 740]
2,39,38,13,0,318,[728 729 730 731 732 733 734 735 736 737 738 739 740]
2,39,38,14,0,60,[727 728 729 730 731 732 733 734 735 736 737 738 739 740]
2,39,38,15,0,551,[726 727 728 729 730 731 732 733 734 735 736 737 738 739 740]
2,39,38,16,0,471,[725 726 727 728 729 730 731 732 733 734 735 736 737 738 739 740]
2,39,38,17,0,852,[724 725 726 727 728 729 730 731 732 733 734 735 736 737 738 739 740]
2,39,38,18,0,569,[723 724 725 726 727 728 729 730 731 732 733 734 735 736 737 738 739 740]
2,39,38,19,0,83,"[722 723 724 725 726 727 728 729 730 731 732 733 734 735 736 737 738 739
 740]"
2,39,38,20,0,87,"[721 722 723 724 725 726 727 728 729 730 731 732 733 734 735 736 737 738
 739 740]"
2,39,38,21,0,816,"[720 721 722 723 724 725 726 727 728 729 730 731 732 733 734 735 736 737
 738 739 740]"
2,39,38,22,0,484,"[719 720 721 722 723 724 725 726 727 728 729 730 731 732 733 734 735 736
 737 738 739 740]"
2,39,38,23,0,830,"[718 719 720 721 722 723 724 725 726 727 728 729 730 731 732 733 734 735
 736 737 738 739 740]"
2,39,38,24,0,276,"[717 718 719 720 721 722 723 724 725 726 727 728 729 730 731 732 733 734
 735 736 737 738 739 740]"
2,39,38,25,0,802,"[716 717 718 719 720 721 722 723 724 725 726 727 728 729 730 731 732 733
 734 735 736 737 738 739 740]"
2,39,38,26,0,515,"[715 716 717 718 719 720 721 722 723 724 725 726 727 728 729 730 731 732
 733 734 735 736 737 738 739 740]"
2,39,38,27,0,367,"[714 715 716 717 718 719 720 721 722 723 724 725 726 727 728 729 730 731
 732 733 734 735 736 737 738 739 740]"
2,39,38,28,0,824,"[713 714 715 716 717 718 719 720 721 722 723 724 725 726 727 728 729 730
 731 732 733 734 735 736 737 738 739 740]"
2,39,38,29,0,435,"[712 713 714 715 716 717 718 719 720 721 722 723 724 725 726 727 728 729
 730 731 732 733 734 735 736 737 738 739 740]"
2,39,38,30,0,649,"[711 712 713 714 715 716 717 718 719 720 721 722 723 724 725 726 727 728
 729 730 731 732 733 734 735 736 737 738 739 740]"
2,39,38,31,0,873,"[710 711 712 713 714 715 716 717 718 719 720 721 722 723 724 725 726 727
 728 729 730 731 732 733 734 735 736 737 738 739 740]"
2,39,38,32,0,176,"[709 710 711 712 713 714 715 716 717 718 719 720 721 722 723 724 725 726
 727 728 729 730 731 732 733 734 735 736 737 738 739 740]"
2,39,38,33,0,505,"[708 709 710 711 712 527 714 715 716 717 718 719 720 721 722 723 724 725
 726 727 728 729 730 731 732 733 734 735 736 737 738 739 740]"
2,39,38,34,0,615,"[ 33 708 709 710 711 712 527 102 715 716 717 718 719 413 721 722 723 724
 725 726 727 728 729 730 731 732 733 734 735 736 737 738 739 740]"
2,39,38,35,0,44,"[526  33 303 709 710 711 712 527 102 567 716 717 718 719 413  16 722 723
 724 725 235 727 728 729 730 731 732 733 734 735 736 737 738 739 740]"
2,39,38,36,0,363,"[173 526  33 303 387 710 711 712 527 102 567 509 717 718 719 413  16 568
 723 724 725 235 139 728 729 730 486 732 733 734 735 736 737 738 739 740]"
2,39,38,37,0,644,"[704 173 526  33 303 387 648 711 712 527 102 567 509 661 718 719 413  16
 568 662 724 725 235 139 359 729 730 486 352 733 734 649 736 737 738 739
 740]"
2,39,38,38,0,273,"[ 56 704 173 549 685 303 387 603 434 712 527 102 196 509 464 269 719 413
  16 568 662 635 725 235 139 359 323 730 486 352 674 734 649 586 737 619
 739 740]"
2,39,39,39,0,745,[]
7,9,38,0,0,966,[741 742 743 744 745 746 747 748 749 750 751 752 753 754 755]
7,9,38,1,0,186,[740 741 742 743 744 745 746 747 748 749 750 751 752 753 754 755]
7,9,38,2,0,808,[739 740 741 742 743 744 745 746 747 748 749 750 751 752 753 754 755]
7,9,38,3,0,389,[738 739 740 741 742 743 744 745 746 747 748 749 750 751 752 753 754 755]
7,9,38,4,0,360,"[737 738 739 740 741 742 743 744 745 746 747 748 749 750 751 752 753 754
 755]"
7,9,38,5,0,479,"[736 737 738 739 740 741 742 743 744 745 746 747 748 749 750 751 752 753
 754 755]"
7,9,38,6,0,558,"[735 736 737 738 739 740 741 742 743 744 745 746 747 748 749 750 751 752
 753 754 755]"
7,9,38,7,0,664,"[734 735 736 737 738 739 740 741 742 743 744 745 746 747 748 749 750 751
 752 753 754 755]"
7,9,38,8,0,198,"[733 734 735 736 737 738 739 740 741 742 743 744 745 746 747 748 749 750
 751 752 753 754 755]"
7,9,38,9,0,953,"[732 733 734 735 736 737 738 739 740 741 742 743 744 745 746 747 748 749
 750 751 752 753 754 755]"
7,9,38,10,0,358,"[731 732 733 734 735 736 737 738 739 740 741 742 743 744 745 746 747 748
 749 750 751 752 753 754 755]"
7,9,38,11,0,914,"[730 731 732 733 734 735 736 737 738 739 740 741 742 743 744 745 746 747
 748 749 750 751 752 753 754 755]"
7,9,38,12,0,168,"[729 730 731 732 733 734 735 736 737 738 739 740 741 742 743 744 745 746
 747 748 749 750 751 752 753 754 755]"
7,9,38,13,0,199,"[728 729 730 731 732 733 734 735 736 737 738 739 740 741 742 743 744 745
 746 747 748 749 750 751 752 753 754 755]"
7,9,38,14,0,775,"[727 728 729 730 731 732 733 734 735 736 737 738 739 740 741 742 743 744
 745 746 747 748 749 750 751 752 753 754 755]"
7,9,38,15,0,596,"[726 727 728 729 730 731 732 733 734 735 736 737 738 739 740 741 742 743
 744 745 746 747 748 749 750 751 752 753 754 755]"
7,9,38,16,0,800,"[725 726 727 728 729 730 731 732 733 734 735 736 737 738 739 740 741 742
 743 744 745 746 747 748 749 750 751 752 753 754 755]"
7,9,38,17,0,857,"[724 725 726 727 728 729 730 731 732 733 734 735 736 737 738 739 740 741
 742 743 744 745 746 747 748 749 750 751 752 753 754 755]"
7,9,38,18,0,768,"[723 724 725 726 727 728 729 730 731 732 733 734 735 736 737 738 739 740
 741 742 743 744 745 746 747 748 749 750 751 752 753 754 755]"
7,9,38,19,0,395,"[722 723 724 725 726 727 728 729 730 731 732 733 734 735 736 737 738 739
 740 741 742 743 744 745 746 747 748 749 750 751 752 753 754 755]"
7,9,38,20,0,892,"[721 722 723 724 725 726 727 728 729 730 731 732 733 734 735 736 737 738
 739 740 741 742 743 744 745 746 747 748 749 750 751 752 753 754 755]"
7,9,38,21,0,695,"[720 721 722 723 724 725 726 727 728 729 730 731 732 733 734 735 736 737
 738 739 740 741 742 743 744 745 746 747 748 749 750 751 752 753 754 755]"
7,9,38,22,0,692,"[719 720 721 722 723 724 725 726 727 728 729 730 731 732 733 734 735 736
 737 738 739 740 741 742 743 744 745 746 747 748 749 750 751 752 753 754
 755]"
7,9,38,23,0,125,"[718 719 720 721 722 723 724 725 726 727 728 729 730 731 732 733 734 735
 736 737 738 739 740 741 742 743 744 745 746 747 748 749 750 751 752 753
 754 755]"
7,9,39,24,0,122,[]
7,9,39,25,0,863,[755]
7,9,39,26,0,191,[754 755]
7,9,39,27,0,336,[753 754 755]
7,9,39,28,0,446,[752 753 754 755]
7,9,39,29,0,124,[751 752 753 754 755]
7,9,39,30,0,590,[750 751 752 753 754 755]
7,9,39,31,0,789,[749 750 751 752 753 754 755]
7,9,39,32,0,809,[748 749 750 751 752 753 754 755]
7,9,39,33,0,19,[747 748 749 750 751 752 753 754 755]
7,9,39,34,0,717,[746 747 748 749 750 751 752 753 754 755]
7,9,39,35,0,811,[745 746 747 748 749 750 751 752 753 754 755]
7,9,39,36,0,201,[744 745 746 747 748 749 750 751 752 753 754 755]
7,9,39,37,0,847,[743 744 745 746 747 748 749 750 751 752 753 754 755]
7,9,39,38,0,296,[742 743 744 745 746 747 748 749 750 751 752 753 754 755]
7,9,39,39,0,418,[741 742 743 744 745 746 747 748 749 750 751 752 753 754 755]
3,23,38,0,0,847,[741 742 743 744 745 746 747 748 749 750 751 752 753 754 755 756 757 758]
3,23,38,1,0,241,"[740 741 742 743 744 745 746 747 748 749 750 751 752 753 754 755 756 757
 758]"
3,23,38,2,0,509,"[739 740 741 742 743 744 745 746 747 748 749 750 751 752 753 754 755 756
 757 758]"
3,23,38,3,0,793,"[738 739 740 741 742 743 744 745 746 747 748 749 750 751 752 753 754 755
 756 757 758]"
3,23,38,4,0,792,"[737 738 739 740 741 742 743 744 745 746 747 748 749 750 751 752 753 754
 755 756 757 758]"
3,23,38,5,0,845,"[736 737 738 739 740 741 742 743 744 745 746 747 748 749 750 751 752 753
 754 755 756 757 758]"
3,23,38,6,0,775,"[735 736 737 738 739 740 741 742 743 744 745 746 747 748 749 750 751 752
 753 754 755 756 757 758]"
3,23,38,7,0,517,"[734 735 736 737 738 739 740 741 742 743 744 745 746 747 748 749 750 751
 752 753 754 755 756 757 758]"
3,23,38,8,0,500,"[733 734 735 736 737 738 739 740 741 742 743 744 745 746 747 748 749 750
 751 752 753 754 755 756 757 758]"
3,23,38,9,0,461,"[732 733 734 735 736 737 738 739 740 741 742 743 744 745 746 747 748 749
 750 751 752 753 754 755 756 757 758]"
3,23,38,10,0,453,"[731 732 733 734 735 736 737 738 739 740 741 742 743 744 745 746 747 748
 749 750 751 752 753 754 755 756 757 758]"
3,23,38,11,0,698,"[730 731 732 733 734 735 736 737 738 739 740 741 742 743 744 745 746 747
 748 749 750 751 752 753 754 755 756 757 758]"
3,23,38,12,0,440,"[729 730 731 732 733 734 735 736 737 738 739 740 741 742 743 744 745 746
 747 748 749 750 751 752 753 754 755 756 757 758]"
3,23,38,13,0,972,"[728 729 730 731 732 733 734 735 736 737 738 739 740 741 742 743 744 745
 746 747 748 749 750 751 752 753 754 755 756 757 758]"
3,23,38,14,0,59,"[727 728 729 730 731 732 733 734 735 736 737 738 739 740 741 742 743 744
 745 746 747 748 749 750 751 752 753 754 755 756 757 758]"
3,23,38,15,0,304,"[726 727 728 729 730 731 732 733 734 735 736 737 738 739 740 741 742 743
 744 745 746 747 748 749 750 751 752 753 754 755 756 757 758]"
3,23,38,16,0,702,"[725 726 727 728 729 730 731 732 733 734 735 736 737 738 739 740 741 742
 743 744 745 746 747 748 749 750 751 752 753 754 755 756 757 758]"
3,23,38,17,0,561,"[724 725 726 727 728 729 730 731 732 733 734 735 736 737 738 739 740 741
 742 743 744 745 746 747 748 749 750 751 752 753 754 755 756 757 758]"
3,23,38,18,0,804,"[723 724 725 726 727 728 729 730 731 732 733 734 735 736 737 738 739 740
 741 742 743 744 745 746 747 748 749 750 751 752 753 754 755 756 757 758]"
3,23,38,19,0,453,"[722 723 724 725 726 727 728 729 730 731 732 733 734 735 736 737 738 739
 740 741 742 743 744 745 746 747 748 749 750 751 752 753 754 755 756 757
 758]"
3,23,38,20,0,616,"[721 722 723 724 725 726 727 728 729 730 731 732 733 734 735 736 737 738
 739 740 741 742 743 744 745 746 747 748 749 750 751 752 753 754 755 756
 757 758]"
3,23,39,21,0,469,[]
3,23,39,22,0,455,[758]
3,23,39,23,0,970,[757 758]
3,23,39,24,0,112,[756 757 758]
3,23,39,25,0,474,[755 756 757 758]
3,23,39,26,0,254,[754 755 756 757 758]
3,23,39,27,0,587,[753 754 755 756 757 758]
3,23,39,28,0,86,[752 753 754 755 756 757 758]
3,23,39,29,0,983,[751 752 753 754 755 756 757 758]
3,23,39,30,0,482,[750 751 752 753 754 755 756 757 758]
3,23,39,31,0,410,[749 750 751 752 753 754 755 756 757 758]
3,23,39,32,0,15,[748 749 750 751 752 753 754 755 756 757 758]
3,23,39,33,0,482,[747 748 749 750 751 752 753 754 755 756 757 758]
3,23,39,34,0,199,[746 747 748 749 750 751 752 753 754 755 756 757 758]
3,23,39,35,0,974,[745 746 747 748 749 750 751 752 753 754 755 756 757 758]
3,23,39,36,0,794,[744 745 746 747 748 749 750 751 752 753 754 755 756 757 758]
3,23,39,37,0,925,[743 744 745 746 747 748 749 750 751 752 753 754 755 756 757 758]
3,23,39,38,0,225,[742 743 744 745 746 747 748 749 750 751 752 753 754 755 756 757 758]
3,23,39,39,0,614,[741 742 743 744 745 746 747 748 749 750 751 752 753 754 755 756 757 758]
2,40,39,0,0,889,[]
2,40,39,1,0,77,[779]
2,40,39,2,0,811,[778 779]
2,40,39,3,0,864,[777 778 779]
2,40,39,4,0,645,[776 777 778 779]
2,40,39,5,0,540,[775 776 777 778 779]
2,40,39,6,0,820,[774 775 776 777 778 779]
2,40,39,7,0,571,[773 774 775 776 777 778 779]
2,40,39,8,0,598,[772 773 774 775 776 777 778 779]
2,40,39,9,0,409,[771 772 773 774 775 776 777 778 779]
2,40,39,10,0,917,[770 771 772 773 774 775 776 777 778 779]
2,40,39,11,0,286,[769 770 771 772 773 774 775 776 777 778 779]
2,40,39,12,0,350,[768 769 770 771 772 773 774 775 776 777 778 779]
2,40,39,13,0,282,[767 768 769 770 771 772 773 774 775 776 777 778 779]
2,40,39,14,0,409,[766 767 768 769 770 771 772 773 774 775 776 777 778 779]
2,40,39,15,0,455,[765 766 767 768 769 770 771 772 773 774 775 776 777 778 779]
2,40,39,16,0,961,[764 765 766 767 768 769 770 771 772 773 774 775 776 777 778 779]
2,40,39,17,0,542,[762 764 765 766 767 768 769 770 771 772 773 774 775 776 777 778 779]
2,40,39,18,0,977,[762 763 764 765 766 767 768 769 770 771 772 773 774 775 776 777 778 779]
2,40,39,19,0,709,"[761 762 763 764 765 766 767 768 769 770 771 772 773 774 775 776 777 778
 779]"
2,40,39,20,0,950,"[760 761 762 763 764 765 766 767 768 769 770 771 772 773 774 775 776 777
 778 779]"
2,40,39,21,0,979,"[759 760 761 762 763 764 765 766 767 768 769 770 771 772 773 774 775 776
 777 778 779]"
2,40,39,22,0,600,"[758 759 760 761 762 763 764 765 766 767 768 769 770 771 772 773 774 775
 776 777 778 779]"
2,40,39,23,0,327,"[757 758 759 760 761 762 763 764 765 766 767 768 769 770 771 772 773 774
 775 776 777 778 779]"
2,40,39,24,0,510,"[756 757 758 759 760 761 762 763 764 765 766 767 768 769 770 771 772 773
 774 775 776 777 778 779]"
2,40,39,25,0,130,"[755 756 757 758 759 760 761 762 763 764 765 766 767 768 769 770 771 772
 773 774 775 776 777 778 779]"
2,40,39,26,0,733,"[754 755 756 757 758 759 760 761 762 763 764 765 766 767 768 769 770 771
 772 773 774 775 776 777 778 779]"
2,40,39,27,0,855,"[753 754 755 756 757 758 759 760 761 762 763 764 765 766 767 768 769 770
 771 772 773 774 775 776 777 778 779]"
2,40,39,28,0,705,"[752 753 754 755 756 757 758 759 760 761 762 763 764 765 766 767 768 769
 770 771 772 773 774 775 776 777 778 779]"
2,40,39,29,0,291,"[751 752 753 754 755 756 757 758 759 760 761 762 763 764 765 766 767 768
 769 770 771 772 773 774 775 776 777 778 779]"
2,40,39,30,0,214,"[750 751 752 753 754 755 756 757 758 759 760 761 762 763 764 765 766 767
 768 769 770 771 772 773 774 775 776 777 778 779]"
2,40,39,31,0,40,"[749 750 751 752 753 754 755 756 757 758 759 760 761 762 763 764 765 766
 767 768 769 770 771 772 773 774 775 776 777 778 779]"
2,40,39,32,0,282,"[748 749 750 751 752 753 754 755 756 757 758 759 760 761 762 763 764 765
 766 767 768 769 770 771 772 773 774 775 776 777 778 779]"
2,40,39,33,0,371,"[747 748 749 750 751 752 753 754 755 756 757 758 759 760 761 762 763 764
 765 766 767 768 769 770 771 772 773 774 775 776 777 778 779]"
2,40,39,34,0,82,"[746 747 748 749 750 751 453 753 754 755 756 757 758 759 760 761 762 763
 764 765 766 767 768 769 770 771 772 773 774 775 776 777 778 779]"
2,40,39,35,0,913,"[424 108 747 748 749 750 751 453 282 754 755 756 757 758  92 760 761 762
 763 764 765 766 767 768 769 770 771 772 773 774 775 776 777 778 779]"
2,40,39,36,0,83,"[170 424 108 626 748 749 750 751 453 282 275 755 756 757 758  92  57 761
 762 763 764 569 766 767 768 769 770 771 772 773 774 775 776 777 778 779]"
2,40,39,37,0,923,"[743 170 424 108 626 642 749 750 751 453 282 275  63 756 757 758  92  57
 147 762 763 764 566 401 767 768 769 643 771 772 773 774 775 776 777 778
 779]"
2,40,39,38,0,774,"[742 743 170 424 108 626 642 608 750 751 453 282 275  63 547 757 758  92
  57 147 498 763 764 569 401 700 768 769 643 701 772 773 132 775 776 777
 778 779]"
2,40,39,39,0,869,"[309 237 743 170 424 369 626 214 713 659 674 453 282 275  63 547  24 758
  92  57 734 498 478 764 569 401 526 724 769 643 701 251 773 132 333 776
 589 778 779]"
2,40,40,40,0,246,[]
5,13,39,0,0,987,[]
5,13,39,1,0,892,[779]
5,13,39,2,0,667,[778 779]
5,13,39,3,0,657,[777 778 779]
5,13,39,4,0,531,[776 777 778 779]
5,13,39,5,0,547,[775 776 777 778 779]
5,13,39,6,0,45,[774 775 776 777 778 779]
5,13,39,7,0,747,[773 774 775 776 777 778 779]
5,13,39,8,0,943,[772 773 774 775 776 777 778 779]
5,13,39,9,0,957,[771 772 773 774 775 776 777 778 779]
5,13,39,10,0,284,[770 771 772 773 774 775 776 777 778 779]
5,13,39,11,0,696,[769 770 771 772 773 774 775 776 777 778 779]
5,13,39,12,0,205,[768 769 770 771 772 773 774 775 776 777 778 779]
5,13,39,13,0,641,[767 768 769 770 771 772 773 774 775 776 777 778 779]
5,13,39,14,0,695,[766 767 768 769 770 771 772 773 774 775 776 777 778 779]
5,13,39,15,0,239,[765 766 767 768 769 770 771 772 773 774 775 776 777 778 779]
5,13,39,16,0,106,[764 765 766 767 768 769 770 771 772 773 774 775 776 777 778 779]
5,13,39,17,0,955,[763 764 765 766 767 768 769 770 771 772 773 774 775 776 777 778 779]
5,13,39,18,0,10,[762 763 764 765 766 767 768 769 770 771 772 773 774 775 776 777 778 779]
5,13,39,19,0,171,"[761 762 763 764 765 766 767 768 769 770 771 772 773 774 775 776 777 778
 779]"
5,13,39,20,0,738,"[760 761 762 763 764 765 766 767 768 769 770 771 772 773 774 775 776 777
 778 779]"
5,13,39,21,0,670,"[759 760 761 762 763 764 765 766 767 768 769 770 771 772 773 774 775 776
 777 778 779]"
5,13,39,22,0,364,"[758 759 760 761 762 763 764 765 766 767 768 769 770 771 772 773 774 775
 776 777 778 779]"
5,13,39,23,0,379,"[757 758 759 760 761 762 763 764 765 766 767 768 769 770 771 772 773 774
 775 776 777 778 779]"
5,13,39,24,0,410,"[756 757 758 759 760 761 762 763 764 765 766 767 768 769 770 771 772 773
 774 775 776 777 778 779]"
5,13,39,25,0,326,"[755 756 757 758 759 760 761 762 763 764 765 766 767 768 769 770 771 772
 773 774 775 776 777 778 779]"
5,13,39,26,0,669,"[754 755 756 757 758 759 760 761 762 763 764 765 766 767 768 769 770 771
 772 773 774 775 776 777 778 779]"
5,13,39,27,0,623,"[753 754 755 756 757 758 759 760 761 762 763 764 765 766 767 768 769 770
 771 772 773 774 775 776 777 778 779]"
5,13,39,28,0,100,"[752 753 754 755 756 757 758 759 760 761 762 763 764 765 766 767 768 769
 770 771 772 773 774 775 776 777 778 779]"
5,13,39,29,0,587,"[751 752 753 754 755 756 757 758 759 760 761 762 763 764 765 766 767 768
 769 770 771 772 773 774 775 776 777 778 779]"
5,13,39,30,0,603,"[750 751 752 753 754 755 756 757 758 759 760 761 762 763 764 765 766 767
 768 769 770 771 772 773 774 775 776 777 778 779]"
5,13,39,31,0,888,"[749 750 751 752 753 754 755 756 757 758 759 760 761 762 763 764 765 766
 767 768 769 770 771 772 773 774 775 776 777 778 779]"
5,13,39,32,0,107,"[748 749 750 751 752 753 754 755 756 757 758 759 760 761 762 763 764 765
 766 767 768 769 770 771 772 773 774 775 776 777 778 779]"
5,13,39,33,0,54,"[747 748 749 750 751 752 753 754 755 756 757 758 759 760 761 762 763 764
 765 766 767 768 769 770 771 772 773 774 775 776 777 778 779]"
5,13,39,34,0,586,"[746 747 748 749 750 751 752 753 754 755 756 757 758 759 760 761 762 763
 764 765 766 767 768 769 770 771 772 773 774 775 776 777 778 779]"
5,13,39,35,0,790,"[745 746 747 748 749 750 751 752 753 754 755 756 757 758 759 760 761 762
 763 764 765 766 767 768 769 770 771 772 773 774 775 776 777 778 779]"
5,13,39,36,0,836,"[744 745 746 747 748 749 750 751 752 753 754 755 756 757 758 759 760 761
 762 763 764 765 766 767 768 769 770 771 772 773 774 775 776 777 778 779]"
5,13,39,37,0,439,"[743 744 745 746 747 748 749 750 751 752 753 754 755 756 757 758 759 760
 761 762 763 764 765 766 767 768 769 770 771 772 773 774 775 776 777 778
 779]"
5,13,39,38,0,980,"[742 743 744 745 746 747 748 749 750 751 752 753 754 755 756 757 758 759
 760 761 762 763 764 765 766 767 768 769 770 771 772 773 774 775 776 777
 778 779]"
5,13,39,39,0,411,"[741 742 743 744 745 746 747 748 749 750 751 752 753 754 755 756 757 758
 759 760 761 762 763 764 765 766 767 768 769 770 771 772 773 774 775 776
 777 778 779]"
5,13,40,40,0,887,[]
8,8,39,0,0,263,[780 781 782 783]
8,8,39,1,0,703,[779 780 781 782 783]
8,8,39,2,0,533,[778 779 780 781 782 783]
8,8,39,3,0,368,[777 778 779 780 781 782 783]
8,8,39,4,0,410,[776 777 778 779 780 781 782 783]
8,8,39,5,0,764,[775 776 777 778 779 780 781 782 783]
8,8,39,6,0,551,[774 775 776 777 778 779 780 781 782 783]
8,8,39,7,0,311,[773 774 775 776 777 778 779 780 781 782 783]
8,8,39,8,0,720,[772 773 774 775 776 777 778 779 780 781 782 783]
8,8,39,9,0,464,[771 772 773 774 775 776 777 778 779 780 781 782 783]
8,8,39,10,0,56,[770 771 772 773 774 775 776 777 778 779 780 781 782 783]
8,8,39,11,0,91,[769 770 771 772 773 774 775 776 777 778 779 780 781 782 783]
8,8,39,12,0,318,[768 769 770 771 772 773 774 775 776 777 778 779 780 781 782 783]
8,8,39,13,0,205,[767 768 769 770 771 772 773 774 775 776 777 778 779 780 781 782 783]
8,8,39,14,0,701,[766 767 768 769 770 771 772 773 774 775 776 777 778 779 780 781 782 783]
8,8,39,15,0,267,"[765 766 767 768 769 770 771 772 773 774 775 776 777 778 779 780 781 782
 783]"
8,8,39,16,0,409,"[764 765 766 767 768 769 770 771 772 773 774 775 776 777 778 779 780 781
 782 783]"
8,8,39,17,0,965,"[763 764 765 766 767 768 769 770 771 772 773 774 775 776 777 778 779 780
 781 782 783]"
8,8,39,18,0,34,"[762 763 764 765 766 767 768 769 770 771 772 773 774 775 776 777 778 779
 780 781 782 783]"
8,8,39,19,0,993,"[761 762 763 764 765 766 767 768 769 770 771 772 773 774 775 776 777 778
 779 780 781 782 783]"
8,8,39,20,0,893,"[760 761 762 763 764 765 766 767 768 769 770 771 772 773 774 775 776 777
 778 779 780 781 782 783]"
8,8,39,21,0,433,"[759 760 761 762 763 764 765 766 767 768 769 770 771 772 773 774 775 776
 777 778 779 780 781 782 783]"
8,8,39,22,0,597,"[758 759 760 761 762 763 764 765 766 767 768 769 770 771 772 773 774 775
 776 777 778 779 780 781 782 783]"
8,8,39,23,0,773,"[757 758 759 760 761 762 763 764 765 766 767 768 769 770 771 772 773 774
 775 776 777 778 779 780 781 782 783]"
8,8,39,24,0,585,"[756 757 758 759 760 761 762 763 764 765 766 767 768 769 770 771 772 773
 774 775 776 777 778 779 780 781 782 783]"
8,8,39,25,0,717,"[755 756 757 758 759 760 761 762 763 764 765 766 767 768 769 770 771 772
 773 774 775 776 777 778 779 780 781 782 783]"
8,8,39,26,0,386,"[754 755 756 757 758 759 760 761 762 763 764 765 766 767 768 769 770 771
 772 773 774 775 776 777 778 779 780 781 782 783]"
8,8,39,27,0,49,"[753 754 755 756 757 758 759 760 761 762 763 764 765 766 767 768 769 770
 771 772 773 774 775 776 777 778 779 780 781 782 783]"
8,8,39,28,0,669,"[752 753 754 755 756 757 758 759 760 761 762 763 764 765 766 767 768 769
 770 771 772 773 774 775 776 777 778 779 780 781 782 783]"
8,8,39,29,0,503,"[751 752 753 754 755 756 757 758 759 760 761 762 763 764 765 766 767 768
 769 770 771 772 773 774 775 776 777 778 779 780 781 782 783]"
8,8,39,30,0,574,"[750 751 752 753 754 755 756 757 758 759 760 761 762 763 764 765 766 767
 768 769 770 771 772 773 774 775 776 777 778 779 780 781 782 783]"
8,8,39,31,0,975,"[749 750 751 752 753 754 755 756 757 758 759 760 761 762 763 764 765 766
 767 768 769 770 771 772 773 774 775 776 777 778 779 780 781 782 783]"
8,8,39,32,0,181,"[748 749 750 751 752 753 754 755 756 757 758 759 760 761 762 763 764 765
 766 767 768 769 770 771 772 773 774 775 776 777 778 779 780 781 782 783]"
8,8,39,33,0,664,"[747 748 749 750 751 752 753 754 755 756 757 758 759 760 761 762 763 764
 765 766 767 768 769 770 771 772 773 774 775 776 777 778 779 780 781 782
 783]"
8,8,39,34,0,399,"[746 747 748 749 750 751 752 753 754 755 756 757 758 759 760 761 762 763
 764 765 766 767 768 769 770 771 772 773 774 775 776 777 778 779 780 781
 782 783]"
8,8,39,35,0,37,"[745 746 747 748 749 750 751 752 753 754 755 756 757 758 759 760 761 762
 763 764 765 766 767 768 769 770 771 772 773 774 775 776 777 778 779 780
 781 782 783]"
8,8,40,36,0,893,[]
8,8,40,37,0,461,[783]
8,8,40,38,0,907,[782 783]
8,8,40,39,0,748,[781 782 783]
8,8,40,40,0,877,[780 781 782 783]
4,17,39,0,0,361,"[780 781 782 783 784 785 786 787 788 789 790 791 792 793 794 795 796 797
 798 799 800 801 802 803 804 805 806 807 808 809 810 811 812 813 814 815]"
4,17,39,1,0,861,"[779 780 781 782 783 784 785 786 787 788 789 790 791 792 793 794 795 796
 797 798 799 800 801 802 803 804 805 806 807 808 809 810 811 812 813 814
 815]"
4,17,39,2,0,869,"[778 779 780 781 782 783 784 785 786 787 788 789 790 791 792 793 794 795
 796 797 798 799 800 801 802 803 804 805 806 807 808 809 810 811 812 813
 814 815]"
4,17,39,3,0,767,"[777 778 779 780 781 782 783 784 785 786 787 788 789 790 791 792 793 794
 795 796 797 798 799 800 801 802 803 804 805 806 807 808 809 810 811 812
 813 814 815]"
4,17,40,4,0,422,[]
4,17,40,5,0,295,[815]
4,17,40,6,0,480,[814 815]
4,17,40,7,0,153,[813 814 815]
4,17,40,8,0,38,[812 813 814 815]
4,17,40,9,0,165,[811 812 813 814 815]
4,17,40,10,0,160,[810 811 812 813 814 815]
4,17,40,11,0,684,[809 810 811 812 813 814 815]
4,17,40,12,0,86,[808 809 810 811 812 813 814 815]
4,17,40,13,0,205,[807 808 809 810 811 812 813 814 815]
4,17,40,14,0,463,[806 807 808 809 810 811 812 813 814 815]
4,17,40,15,0,792,[805 806 807 808 809 810 811 812 813 814 815]
4,17,40,16,0,907,[804 805 806 807 808 809 810 811 812 813 814 815]
4,17,40,17,0,395,[803 804 805 806 807 808 809 810 811 812 813 814 815]
4,17,40,18,0,364,[802 803 804 805 806 807 808 809 810 811 812 813 814 815]
4,17,40,19,0,169,[801 802 803 804 805 806 807 808 809 810 811 812 813 814 815]
4,17,40,20,0,230,[800 801 802 803 804 805 806 807 808 809 810 811 812 813 814 815]
4,17,40,21,0,928,[799 800 801 802 803 804 805 806 807 808 809 810 811 812 813 814 815]
4,17,40,22,0,650,[798 799 800 801 802 803 804 805 806 807 808 809 810 811 812 813 814 815]
4,17,40,23,0,374,"[797 798 799 800 801 802 803 804 805 806 807 808 809 810 811 812 813 814
 815]"
4,17,40,24,0,774,"[796 797 798 799 800 801 802 803 804 805 806 807 808 809 810 811 812 813
 814 815]"
4,17,40,25,0,772,"[795 796 797 798 799 800 801 802 803 804 805 806 807 808 809 810 811 812
 813 814 815]"
4,17,40,26,0,603,"[794 795 796 797 798 799 800 801 802 803 804 805 806 807 808 809 810 811
 812 813 814 815]"
4,17,40,27,0,801,"[793 794 795 796 797 798 799 800 801 802 803 804 805 806 807 808 809 810
 811 812 813 814 815]"
4,17,40,28,0,351,"[792 793 794 795 796 797 798 799 800 801 802 803 804 805 806 807 808 809
 810 811 812 813 814 815]"
4,17,40,29,0,61,"[791 792 793 794 795 796 797 798 799 800 801 802 803 804 805 806 807 808
 809 810 811 812 813 814 815]"
4,17,40,30,0,215,"[790 791 792 793 794 795 796 797 798 799 800 801 802 803 804 805 806 807
 808 809 810 811 812 813 814 815]"
4,17,40,31,0,138,"[789 790 791 792 793 794 795 796 797 798 799 800 801 802 803 804 805 806
 807 808 809 810 811 812 813 814 815]"
4,17,40,32,0,351,"[788 789 790 791 792 793 794 795 796 797 798 799 800 801 802 803 804 805
 806 807 808 809 810 811 812 813 814 815]"
4,17,40,33,0,745,"[787 788 789 790 791 792 793 794 795 796 797 798 799 800 801 802 803 804
 805 806 807 808 809 810 811 812 813 814 815]"
4,17,40,34,0,569,"[786 787 788 789 790 791 792 793 794 795 796 797 798 799 800 801 802 803
 804 805 806 807 808 809 810 811 812 813 814 815]"
4,17,40,35,0,112,"[785 786 787 788 789 790 791 792 793 794 795 796 797 798 799 800 801 802
 803 804 805 806 807 808 809 810 811 812 813 814 815]"
4,17,40,36,0,234,"[784 785 786 787 788 789 790 791 792 793 794 795 796 797 798 799 800 801
 802 803 804 805 806 807 808 809 810 811 812 813 814 815]"
4,17,40,37,0,388,"[783 784 785 786 787 788 789 790 791 792 793 794 795 796 797 798 799 800
 801 802 803 804 805 806 807 808 809 810 811 812 813 814 815]"
4,17,40,38,0,540,"[782 783 784 785 786 787 788 789 790 791 792 793 794 795 796 797 798 799
 800 801 802 803 804 805 806 807 808 809 810 811 812 813 814 815]"
4,17,40,39,0,447,"[781 782 783 784 785 786 787 788 789 790 791 792 793 794 795 796 797 798
 799 800 801 802 803 804 805 806 807 808 809 810 811 812 813 814 815]"
4,17,40,40,0,425,"[780 781 782 783 784 785 786 787 788 789 790 791 792 793 794 795 796 797
 798 799 800 801 802 803 804 805 806 807 808 809 810 811 812 813 814 815]"
2,41,40,0,0,23,[]
2,41,40,1,0,671,[819]
2,41,40,2,0,572,[818 819]
2,41,40,3,0,548,[817 818 819]
2,41,40,4,0,702,[816 817 818 819]
2,41,40,5,0,679,[815 816 817 818 819]
2,41,40,6,0,919,[814 815 816 817 818 819]
2,41,40,7,0,568,[813 814 815 816 817 818 819]
2,41,40,8,0,817,[812 813 814 815 816 817 818 819]
2,41,40,9,0,279,[811 812 813 814 815 816 817 818 819]
2,41,40,10,0,759,[810 811 812 813 814 815 816 817 818 819]
2,41,40,11,0,823,[809 810 811 812 813 814 815 816 817 818 819]
2,41,40,12,0,258,[808 809 810 811 812 813 814 815 816 817 818 819]
2,41,40,13,0,78,[807 808 809 810 811 812 813 814 815 816 817 818 819]
2,41,40,14,0,343,[806 807 808 809 810 811 812 813 814 815 816 817 818 819]
2,41,40,15,0,273,[805 806 807 808 809 810 811 812 813 814 815 816 817 818 819]
2,41,40,16,0,798,[804 805 806 807 808 809 810 811 812 813 814 815 816 817 818 819]
2,41,40,17,0,505,[803 804 805 806 807 808 809 810 811 812 813 814 815 816 817 818 819]
2,41,40,18,0,693,[802 803 804 805 806 807 808 809 810 811 812 813 814 815 816 817 818 819]
2,41,40,19,0,130,"[801 802 803 804 805 806 807 808 809 810 811 812 813 814 815 816 817 818
 819]"
2,41,40,20,0,219,"[800 801 802 803 804 805 806 807 808 809 810 811 812 813 814 815 816 817
 818 819]"
2,41,40,21,0,968,"[799 800 801 802 803 804 805 806 807 808 809 810 811 812 813 814 815 816
 817 818 819]"
2,41,40,22,0,782,"[798 799 800 801 802 803 804 805 806 807 808 809 810 811 812 813 814 815
 816 817 818 819]"
2,41,40,23,0,45,"[797 798 799 800 801 802 803 804 805 806 807 808 809 810 811 812 813 814
 815 816 817 818 819]"
2,41,40,24,0,228,"[796 797 798 799 800 801 802 803 804 805 806 807 808 809 810 811 812 813
 814 815 816 817 818 819]"
2,41,40,25,0,375,"[795 796 797 798 799 800 801 802 803 804 805 806 807 808 809 810 811 812
 813 814 815 816 817 818 819]"
2,41,40,26,0,963,"[794 795 796 797 798 799 800 801 802 803 804 805 806 807 808 809 810 811
 812 813 814 815 816 817 818 819]"
2,41,40,27,0,703,"[793 794 795 796 797 798 799 800 801 802 803 804 805 806 807 808 809 810
 811 812 813 814 815 816 817 818 819]"
2,41,40,28,0,121,"[792 793 794 795 796 797 798 799 800 801 802 803 804 805 806 807 808 809
 810 811 812 813 814 815 816 817 818 819]"
2,41,40,29,0,872,"[791 792 793 794 795 796 797 798 799 800 801 802 803 804 805 806 807 808
 809 810 811 812 813 814 815 816 817 818 819]"
2,41,40,30,0,118,"[790 791 792 793 794 795 796 797 798 799 800 801 802 803 804 805 806 807
 808 809 810 811 812 813 814 815 816 817 818 819]"
2,41,40,31,0,410,"[789 790 791 792 793 794 795 796 797 798 799 800 801 802 803 804 805 806
 807 808 809 810 811 812 813 814 815 816 817 818 819]"
2,41,40,32,0,762,"[788 789 790 791 792 793 794 795 796 797 798 799 800 801 802 803 804 805
 806 807 808 809 810 811 812 813 814 815 816 817 818 819]"
2,41,40,33,0,71,"[787 788 789 790 791 792 793 794 795 796 797 798 799 800 801 802 803 804
 805 806 807 808 809 810 811 812 813 814 815 816 817 818 819]"
2,41,40,34,0,575,"[786 787 788 789 790 791 792 793 794 795 796 797 798 799 800 801 802 803
 804 805 806 807 808 809 810 811 812 813 814 815 816 817 818 819]"
2,41,40,35,0,126,"[ 74 786 787 788 789 790 791 319 793 794 795 796 797 798 799 800 801 802
 803 804 805 806 807 808 809 810 811 812 813 814 815 816 817 818 819]"
2,41,40,36,0,723,"[560  74 627 787 788 789 790 791 319 628 794 795 796 797 798 629 800 801
 802 803 804 805 806 807 808 809 810 811 812 813 814 815 816 817 818 819]"
2,41,40,37,0,150,"[783 560  74 627 646 788 789 790 791 319 628 663 795 796 797 798 629 664
 801 802 803 804 665 806 807 808 809 810 811 812 813 814 815 816 817 818
 819]"
2,41,40,38,0,814,"[782 783 560  74 627 646 698 789 790 791 319 628 663 699 796 797 798 629
 664 350 802 803 804 665 376 807 808 809 403 811 812 813 814 815 816 817
 818 819]"
2,41,40,39,0,888,"[515 782 783 560  74 206 646 698 714 790 791 319 628 588 699   7 797 798
 629 664 350 176 803 804 665 376 682 808 809 403 377 812 813 740 815 816
 817 818 819]"
2,41,40,40,0,390,"[494 515 250 783 560  74 206 646 278 714 441 113 319 753 588 699   7 464
 798 629 774 350 173 277 804 665 376 682 764 809 403 377 135 813 740  54
 816 608 818 819]"
2,41,41,41,0,184,[]
6,11,40,0,0,68,[820 821 822 823 824]
6,11,40,1,0,665,[819 820 821 822 823 824]
6,11,40,2,0,720,[818 819 820 821 822 823 824]
6,11,40,3,0,96,[817 818 819 820 821 822 823 824]
6,11,40,4,0,349,[816 817 818 819 820 821 822 823 824]
6,11,40,5,0,240,[815 816 817 818 819 820 821 822 823 824]
6,11,40,6,0,181,[814 815 816 817 818 819 820 821 822 823 824]
6,11,40,7,0,715,[813 814 815 816 817 818 819 820 821 822 823 824]
6,11,40,8,0,380,[812 813 814 815 816 817 818 819 820 821 822 823 824]
6,11,40,9,0,738,[811 812 813 814 815 816 817 818 819 820 821 822 823 824]
6,11,40,10,0,37,[810 811 812 813 814 815 816 817 818 819 820 821 822 823 824]
6,11,40,11,0,447,[809 810 811 812 813 814 815 816 817 818 819 820 821 822 823 824]
6,11,40,12,0,450,[808 809 810 811 812 813 814 815 816 817 818 819 820 821 822 823 824]
6,11,40,13,0,296,[807 808 809 810 811 812 813 814 815 816 817 818 819 820 821 822 823 824]
6,11,40,14,0,545,"[806 807 808 809 810 811 812 813 814 815 816 817 818 819 820 821 822 823
 824]"
6,11,40,15,0,104,"[805 806 807 808 809 810 811 812 813 814 815 816 817 818 819 820 821 822
 823 824]"
6,11,40,16,0,148,"[804 805 806 807 808 809 810 811 812 813 814 815 816 817 818 819 820 821
 822 823 824]"
6,11,40,17,0,593,"[803 804 805 806 807 808 809 810 811 812 813 814 815 816 817 818 819 820
 821 822 823 824]"
6,11,40,18,0,322,"[802 803 804 805 806 807 808 809 810 811 812 813 814 815 816 817 818 819
 820 821 822 823 824]"
6,11,40,19,0,111,"[801 802 803 804 805 806 807 808 809 810 811 812 813 814 815 816 817 818
 819 820 821 822 823 824]"
6,11,40,20,0,798,"[800 801 802 803 804 805 806 807 808 809 810 811 812 813 814 815 816 817
 818 819 820 821 822 823 824]"
6,11,40,21,0,447,"[799 800 801 802 803 804 805 806 807 808 809 810 811 812 813 814 815 816
 817 818 819 820 821 822 823 824]"
6,11,40,22,0,836,"[798 799 800 801 802 803 804 805 806 807 808 809 810 811 812 813 814 815
 816 817 818 819 820 821 822 823 824]"
6,11,40,23,0,417,"[797 798 799 800 801 802 803 804 805 806 807 808 809 810 811 812 813 814
 815 816 817 818 819 820 821 822 823 824]"
6,11,40,24,0,450,"[796 797 798 799 800 801 802 803 804 805 806 807 808 809 810 811 812 813
 814 815 816 817 818 819 820 821 822 823 824]"
6,11,40,25,0,74,"[795 796 797 798 799 800 801 802 803 804 805 806 807 808 809 810 811 812
 813 814 815 816 817 818 819 820 821 822 823 824]"
6,11,40,26,0,597,"[794 795 796 797 798 799 800 801 802 803 804 805 806 807 808 809 810 811
 812 813 814 815 816 817 818 819 820 821 822 823 824]"
6,11,40,27,0,272,"[793 794 795 796 797 798 799 800 801 802 803 804 805 806 807 808 809 810
 811 812 813 814 815 816 817 818 819 820 821 822 823 824]"
6,11,40,28,0,617,"[792 793 794 795 796 797 798 799 800 801 802 803 804 805 806 807 808 809
 810 811 812 813 814 815 816 817 818 819 820 821 822 823 824]"
6,11,40,29,0,339,"[791 792 793 794 795 796 797 798 799 800 801 802 803 804 805 806 807 808
 809 810 811 812 813 814 815 816 817 818 819 820 821 822 823 824]"
6,11,40,30,0,922,"[790 791 792 793 794 795 796 797 798 799 800 801 802 803 804 805 806 807
 808 809 810 811 812 813 814 815 816 817 818 819 820 821 822 823 824]"
6,11,40,31,0,91,"[789 790 791 792 793 794 795 796 797 798 799 800 801 802 803 804 805 806
 807 808 809 810 811 812 813 814 815 816 817 818 819 820 821 822 823 824]"
6,11,40,32,0,453,"[788 789 790 791 792 793 794 795 796 797 798 799 800 801 802 803 804 805
 806 807 808 809 810 811 812 813 814 815 816 817 818 819 820 821 822 823
 824]"
6,11,40,33,0,546,"[787 788 789 790 791 792 793 794 795 796 797 798 799 800 801 802 803 804
 805 806 807 808 809 810 811 812 813 814 815 816 817 818 819 820 821 822
 823 824]"
6,11,40,34,0,669,"[786 787 788 789 790 791 792 793 794 795 796 797 798 799 800 801 802 803
 804 805 806 807 808 809 810 811 812 813 814 815 816 817 818 819 820 821
 822 823 824]"
6,11,40,35,0,655,"[785 786 787 788 789 790 791 792 793 794 795 796 797 798 799 800 801 802
 803 804 805 806 807 808 809 810 811 812 813 814 815 816 817 818 819 820
 821 822 823 824]"
6,11,41,36,0,174,[]
6,11,41,37,0,799,[824]
6,11,41,38,0,166,[823 824]
6,11,41,39,0,325,[822 823 824]
6,11,41,40,0,603,[821 822 823 824]
6,11,41,41,0,670,[820 821 822 823 824]
3,24,40,0,0,230,[820 821 822 823 824 825 826 827]
3,24,40,1,0,155,[819 820 821 822 823 824 825 826 827]
3,24,40,2,0,328,[818 819 820 821 822 823 824 825 826 827]
3,24,40,3,0,618,[817 818 819 820 821 822 823 824 825 826 827]
3,24,40,4,0,584,[816 817 818 819 820 821 822 823 824 825 826 827]
3,24,40,5,0,704,[815 816 817 818 819 820 821 822 823 824 825 826 827]
3,24,40,6,0,381,[814 815 816 817 818 819 820 821 822 823 824 825 826 827]
3,24,40,7,0,28,[813 814 815 816 817 818 819 820 821 822 823 824 825 826 827]
3,24,40,8,0,538,[812 813 814 815 816 817 818 819 820 821 822 823 824 825 826 827]
3,24,40,9,0,222,[811 812 813 814 815 816 817 818 819 820 821 822 823 824 825 826 827]
3,24,40,10,0,86,[810 811 812 813 814 815 816 817 818 819 820 821 822 823 824 825 826 827]
3,24,40,11,0,89,"[809 810 811 812 813 814 815 816 817 818 819 820 821 822 823 824 825 826
 827]"
3,24,40,12,0,776,"[808 809 810 811 812 813 814 815 816 817 818 819 820 821 822 823 824 825
 826 827]"
3,24,40,13,0,929,"[807 808 809 810 811 812 813 814 815 816 817 818 819 820 821 822 823 824
 825 826 827]"
3,24,40,14,0,354,"[806 807 808 809 810 811 812 813 814 815 816 817 818 819 820 821 822 823
 824 825 826 827]"
3,24,40,15,0,986,"[805 806 807 808 809 810 811 812 813 814 815 816 817 818 819 820 821 822
 823 824 825 826 827]"
3,24,40,16,0,491,"[804 805 806 807 808 809 810 811 812 813 814 815 816 817 818 819 820 821
 822 823 824 825 826 827]"
3,24,40,17,0,144,"[803 804 805 806 807 808 809 810 811 812 813 814 815 816 817 818 819 820
 821 822 823 824 825 826 827]"
3,24,40,18,0,714,"[802 803 804 805 806 807 808 809 810 811 812 813 814 815 816 817 818 819
 820 821 822 823 824 825 826 827]"
3,24,40,19,0,108,"[801 802 803 804 805 806 807 808 809 810 811 812 813 814 815 816 817 818
 819 820 821 822 823 824 825 826 827]"
3,24,40,20,0,986,"[800 801 802 803 804 805 806 807 808 809 810 811 812 813 814 815 816 817
 818 819 820 821 822 823 824 825 826 827]"
3,24,40,21,0,829,"[799 800 801 802 803 804 805 806 807 808 809 810 811 812 813 814 815 816
 817 818 819 820 821 822 823 824 825 826 827]"
3,24,40,22,0,671,"[798 799 800 801 802 803 804 805 806 807 808 809 810 811 812 813 814 815
 816 817 818 819 820 821 822 823 824 825 826 827]"
3,24,40,23,0,874,"[797 798 799 800 801 802 803 804 805 806 807 808 809 810 811 812 813 814
 815 816 817 818 819 820 821 822 823 824 825 826 827]"
3,24,40,24,0,483,"[796 797 798 799 800 801 802 803 804 805 806 807 808 809 810 811 812 813
 814 815 816 817 818 819 820 821 822 823 824 825 826 827]"
3,24,40,25,0,214,"[795 796 797 798 799 800 801 802 803 804 805 806 807 808 809 810 811 812
 813 814 815 816 817 818 819 820 821 822 823 824 825 826 827]"
3,24,40,26,0,146,"[794 795 796 797 798 799 800 801 802 803 804 805 806 807 808 809 810 811
 812 813 814 815 816 817 818 819 820 821 822 823 824 825 826 827]"
3,24,40,27,0,757,"[793 794 795 796 797 798 799 800 801 802 803 804 805 806 807 808 809 810
 811 812 813 814 815 816 817 818 819 820 821 822 823 824 825 826 827]"
3,24,40,28,0,564,"[792 793 794 795 796 797 798 799 800 801 802 803 804 805 806 807 808 809
 810 811 812 813 814 815 816 817 818 819 820 821 822 823 824 825 826 827]"
3,24,40,29,0,501,"[791 792 793 794 795 796 797 798 799 800 801 802 803 804 805 806 807 808
 809 810 811 812 813 814 815 816 817 818 819 820 821 822 823 824 825 826
 827]"
3,24,40,30,0,402,"[790 791 792 793 794 795 796 797 798 799 800 801 802 803 804 805 806 807
 808 809 810 811 812 813 814 815 816 817 818 819 820 821 822 823 824 825
 826 827]"
3,24,40,31,0,314,"[789 790 791 792 793 794 795 796 797 798 799 800 801 802 803 804 805 806
 807 808 809 810 811 812 813 814 815 816 817 818 819 820 821 822 823 824
 825 826 827]"
3,24,40,32,0,911,"[788 789 790 791 792 793 794 795 796 797 798 799 800 801 802 803 804 805
 806 807 808 809 810 811 812 813 814 815 816 817 818 819 820 821 822 823
 824 825 826 827]"
3,24,41,33,0,133,[]
3,24,41,34,0,99,[827]
3,24,41,35,0,920,[826 827]
3,24,41,36,0,139,[825 826 827]
3,24,41,37,0,519,[824 825 826 827]
3,24,41,38,0,493,[823 824 825 826 827]
3,24,41,39,0,831,[822 823 824 825 826 827]
3,24,41,40,0,370,[820 822 823 824 825 826 827]
3,24,41,41,0,81,[820 821 822 823 824 825 826 827]
2,42,41,0,0,676,[]
2,42,41,1,0,550,[860]
2,42,41,2,0,749,[859 860]
2,42,41,3,0,398,[858 859 860]
2,42,41,4,0,904,[857 858 859 860]
2,42,41,5,0,123,[856 857 858 859 860]
2,42,41,6,0,728,[855 856 857 858 859 860]
2,42,41,7,0,24,[854 855 856 857 858 859 860]
2,42,41,8,0,654,[853 854 855 856 857 858 859 860]
2,42,41,9,0,406,[852 853 854 855 856 857 858 859 860]
2,42,41,10,0,863,[851 852 853 854 855 856 857 858 859 860]
2,42,41,11,0,147,[850 851 852 853 854 855 856 857 858 859 860]
2,42,41,12,0,870,[849 850 851 852 853 854 855 856 857 858 859 860]
2,42,41,13,0,417,[848 849 850 851 852 853 854 855 856 857 858 859 860]
2,42,41,14,0,77,[847 848 849 850 851 852 853 854 855 856 857 858 859 860]
2,42,41,15,0,67,[846 847 848 849 850 851 852 853 854 855 856 857 858 859 860]
2,42,41,16,0,804,[845 846 847 848 849 850 851 852 853 854 855 856 857 858 859 860]
2,42,41,17,0,755,[844 845 846 847 848 849 850 851 852 853 854 855 856 857 858 859 860]
2,42,41,18,0,496,[843 844 845 846 847 848 849 850 851 852 853 854 855 856 857 858 859 860]
2,42,41,19,0,350,"[842 843 844 845 846 847 848 849 850 851 852 853 854 855 856 857 858 859
 860]"
2,42,41,20,0,617,"[841 842 843 844 845 846 847 848 849 850 851 852 853 854 855 856 857 858
 859 860]"
2,42,41,21,0,361,"[840 841 842 843 844 845 846 847 848 849 850 851 852 853 854 855 856 857
 858 859 860]"
2,42,41,22,0,53,"[839 840 841 842 843 844 845 846 847 848 849 850 851 852 853 854 855 856
 857 858 859 860]"
2,42,41,23,0,40,"[838 839 840 841 842 843 844 845 846 847 848 849 850 851 852 853 854 855
 856 857 858 859 860]"
2,42,41,24,0,573,"[837 838 839 840 841 842 843 844 845 846 847 848 849 850 851 852 853 854
 855 856 857 858 859 860]"
2,42,41,25,0,600,"[836 837 838 839 840 841 842 843 844 845 846 847 848 849 850 851 852 853
 854 855 856 857 858 859 860]"
2,42,41,26,0,88,"[835 836 837 838 839 840 841 842 843 844 845 846 847 848 849 850 851 852
 853 854 855 856 857 858 859 860]"
2,42,41,27,0,759,"[834 835 836 837 838 839 840 841 842 843 844 845 846 847 848 849 850 851
 852 853 854 855 856 857 858 859 860]"
2,42,41,28,0,993,"[833 834 835 836 837 838 839 840 841 842 843 844 845 846 847 848 849 850
 851 852 853 854 855 856 857 858 859 860]"
2,42,41,29,0,834,"[832 833 834 835 836 837 838 839 840 841 842 843 844 845 846 847 848 849
 850 851 852 853 854 855 856 857 858 859 860]"
2,42,41,30,0,399,"[831 832 833 834 835 836 837 838 839 840 841 842 843 844 845 846 847 848
 849 850 851 852 853 854 855 856 857 858 859 860]"
2,42,41,31,0,221,"[830 831 832 833 834 835 836 837 838 839 840 841 842 843 844 845 846 847
 848 849 850 851 852 853 854 855 856 857 858 859 860]"
2,42,41,32,0,164,"[829 830 831 832 833 834 835 836 837 838 839 840 841 842 843 844 845 846
 847 848 849 850 851 852 853 854 855 856 857 858 859 860]"
2,42,41,33,0,787,"[828 829 830 831 832 833 834 835 836 837 838 839 840 841 842 843 844 845
 846 847 848 849 850 851 852 853 854 855 856 857 858 859 860]"
2,42,41,34,0,58,"[827 828 829 830 831 832 833 834 835 836 837 838 839 840 841 842 843 844
 845 846 847 848 849 850 851 852 853 854 855 856 857 858 859 860]"
2,42,41,35,0,37,"[826 827 828 829 830 831 832 833 834 835 836 837 838 839 840 841 842 843
 844 845 846 847 848 849 850 851 852 853 854 855 856 857 858 859 860]"
2,42,41,36,0,427,"[ 77 628 827 828 829 830 831 832 629 834 835 836 837 838 839 840 841 842
 843 844 845 846 847 848 849 850 851 852 853 854 855 856 857 858 859 860]"
2,42,41,37,0,801,"[824  77 628 582 828 829 830 831 832 629 607 835 836 837 838 839 581 841
 842 843 844 845 846 847 848 849 850 851 852 853 854 855 856 857 858 859
 860]"
2,42,41,38,0,770,"[823 824  77 628 582 151 829 830 831 832 629 607 584 836 837 838 839 581
 425 842 843 844 845 649 847 848 849 850 851 852 853 854 855 856 857 858
 859 860]"
2,42,41,39,0,576,"[822 823 824  77 628 582 151 688 830 831 832 629 606 584 723 837 838 839
 581 424 738 843 844 845 649 739 848 849 850 740 852 853 854 855 856 857
 858 859 860]"
2,42,41,40,0,608,"[722   4 823 824  77 628 387 151 688 350 831 832 629 607 584 723 754 838
 839 581 425 452 229 844 845 649 739 755 849 850 740 193 853 854 327 856
 857 858 859 860]"
2,42,41,41,0,543,"[285 118   4 174 824  77 176 387 151 688 350 506 832 629 607 782 723 482
 249 839 581 425 452 229 352 845 649 815 755 560 850 740 193 769 854 327
 414 857 527 859 860]"
2,42,42,42,0,405,[]
3,25,41,0,0,382,"[861 862 863 864 865 866 867 868 869 870 871 872 873 874 875 876 877 878
 879 880 881 882 883 884 885 886 887 888 889 890 891 892 893 894 895 896
 897 898 899]"
3,25,41,1,0,561,"[860 861 862 863 864 865 866 867 868 869 870 871 872 873 874 875 876 877
 878 879 880 881 882 883 884 885 886 887 888 889 890 891 892 893 894 895
 896 897 898 899]"
3,25,41,2,0,341,"[859 860 861 862 863 864 865 866 867 868 869 870 871 872 873 874 875 876
 877 878 879 880 881 882 883 884 885 886 887 888 889 890 891 892 893 894
 895 896 897 898 899]"
3,25,42,3,0,655,[]
3,25,42,4,0,212,[899]
3,25,42,5,0,965,[898 899]
3,25,42,6,0,411,[897 898 899]
3,25,42,7,0,981,[896 897 898 899]
3,25,42,8,0,828,[895 896 897 898 899]
3,25,42,9,0,809,[894 895 896 897 898 899]
3,25,42,10,0,643,[893 894 895 896 897 898 899]
3,25,42,11,0,238,[892 893 894 895 896 897 898 899]
3,25,42,12,0,150,[891 892 893 894 895 896 897 898 899]
3,25,42,13,0,404,[890 891 892 893 894 895 896 897 898 899]
3,25,42,14,0,891,[889 890 891 892 893 894 895 896 897 898 899]
3,25,42,15,0,983,[888 889 890 891 892 893 894 895 896 897 898 899]
3,25,42,16,0,791,[887 888 889 890 891 892 893 894 895 896 897 898 899]
3,25,42,17,0,361,[886 887 888 889 890 891 892 893 894 895 896 897 898 899]
3,25,42,18,0,844,[885 886 887 888 889 890 891 892 893 894 895 896 897 898 899]
3,25,42,19,0,806,[884 885 886 887 888 889 890 891 892 893 894 895 896 897 898 899]
3,25,42,20,0,271,[883 884 885 886 887 888 889 890 891 892 893 894 895 896 897 898 899]
3,25,42,21,0,48,[882 883 884 885 886 887 888 889 890 891 892 893 894 895 896 897 898 899]
3,25,42,22,0,881,"[881 882 883 884 885 886 887 888 889 890 891 892 893 894 895 896 897 898
 899]"
3,25,42,23,0,52,"[880 881 882 883 884 885 886 887 888 889 890 891 892 893 894 895 896 897
 898 899]"
3,25,42,24,0,294,"[879 880 881 882 883 884 885 886 887 888 889 890 891 892 893 894 895 896
 897 898 899]"
3,25,42,25,0,243,"[878 879 880 881 882 883 884 885 886 887 888 889 890 891 892 893 894 895
 896 897 898 899]"
3,25,42,26,0,834,"[877 878 879 880 881 882 883 884 885 886 887 888 889 890 891 892 893 894
 895 896 897 898 899]"
3,25,42,27,0,806,"[876 877 878 879 880 881 882 883 884 885 886 887 888 889 890 891 892 893
 894 895 896 897 898 899]"
3,25,42,28,0,557,"[875 876 877 878 879 880 881 882 883 884 885 886 887 888 889 890 891 892
 893 894 895 896 897 898 899]"
3,25,42,29,0,801,"[874 875 876 877 878 879 880 881 882 883 884 885 886 887 888 889 890 891
 892 893 894 895 896 897 898 899]"
3,25,42,30,0,230,"[873 874 875 876 877 878 879 880 881 882 883 884 885 886 887 888 889 890
 891 892 893 894 895 896 897 898 899]"
3,25,42,31,0,591,"[872 873 874 875 876 877 878 879 880 881 882 883 884 885 886 887 888 889
 890 891 892 893 894 895 896 897 898 899]"
3,25,42,32,0,103,"[871 872 873 874 875 876 877 878 879 880 881 882 883 884 885 886 887 888
 889 890 891 892 893 894 895 896 897 898 899]"
3,25,42,33,0,766,"[870 871 872 873 874 875 876 877 878 879 880 881 882 883 884 885 886 887
 888 889 890 891 892 893 894 895 896 897 898 899]"
3,25,42,34,0,54,"[869 870 871 872 873 874 875 876 877 878 879 880 881 882 883 884 885 886
 887 888 889 890 891 892 893 894 895 896 897 898 899]"
3,25,42,35,0,177,"[868 869 870 871 872 873 874 875 876 877 878 879 880 881 882 883 884 885
 886 887 888 889 890 891 892 893 894 895 896 897 898 899]"
3,25,42,36,0,236,"[867 868 869 870 871 872 873 874 875 876 877 878 879 880 881 882 883 884
 885 886 887 888 889 890 891 892 893 894 895 896 897 898 899]"
3,25,42,37,0,398,"[866 867 868 869 870 871 872 873 874 875 876 877 878 879 880 881 882 883
 884 885 886 887 888 889 890 891 892 893 894 895 896 897 898 899]"
3,25,42,38,0,842,"[865 866 867 868 869 870 871 872 873 874 875 876 877 878 879 880 881 882
 883 884 885 886 887 888 889 890 891 892 893 894 895 896 897 898 899]"
3,25,42,39,0,158,"[864 865 866 867 868 869 870 871 872 873 874 875 876 877 878 879 880 881
 882 883 884 885 886 887 888 889 890 891 892 893 894 895 896 897 898 899]"
3,25,42,40,0,84,"[863 864 865 866 867 868 869 870 871 872 873 874 875 876 877 878 879 880
 881 882 883 884 885 886 887 888 889 890 891 892 893 894 895 896 897 898
 899]"
3,25,42,41,0,836,"[862 863 864 865 866 867 868 869 870 871 872 873 874 875 876 877 878 879
 880 881 882 883 884 885 886 887 888 889 890 891 892 893 894 895 896 897
 898 899]"
3,25,42,42,0,812,"[861 862 863 864 865 866 867 868 869 870 871 872 873 874 875 876 877 878
 879 880 881 882 883 884 885 886 887 888 889 890 891 892 893 894 895 896
 897 898 899]"
5,14,42,0,0,798,[903 904 905 906 907 908 909]
5,14,42,1,0,260,[902 903 904 905 906 907 908 909]
5,14,42,2,0,925,[901 902 903 904 905 906 907 908 909]
5,14,42,3,0,675,[900 901 902 903 904 905 906 907 908 909]
5,14,42,4,0,453,[899 900 901 902 903 904 905 906 907 908 909]
5,14,42,5,0,569,[898 899 900 901 902 903 904 905 906 907 908 909]
5,14,42,6,0,771,[897 898 899 900 901 902 903 904 905 906 907 908 909]
5,14,42,7,0,143,[896 897 898 899 900 901 902 903 904 905 906 907 908 909]
5,14,42,8,0,11,[895 896 897 898 899 900 901 902 903 904 905 906 907 908 909]
5,14,42,9,0,828,[894 895 896 897 898 899 900 901 902 903 904 905 906 907 908 909]
5,14,42,10,0,272,[893 894 895 896 897 898 899 900 901 902 903 904 905 906 907 908 909]
5,14,42,11,0,220,[892 893 894 895 896 897 898 899 900 901 902 903 904 905 906 907 908 909]
5,14,42,12,0,305,"[891 892 893 894 895 896 897 898 899 900 901 902 903 904 905 906 907 908
 909]"
5,14,42,13,0,610,"[890 891 892 893 894 895 896 897 898 899 900 901 902 903 904 905 906 907
 908 909]"
5,14,42,14,0,246,"[889 890 891 892 893 894 895 896 897 898 899 900 901 902 903 904 905 906
 907 908 909]"
5,14,42,15,0,403,"[888 889 890 891 892 893 894 895 896 897 898 899 900 901 902 903 904 905
 906 907 908 909]"
5,14,42,16,0,846,"[887 888 889 890 891 892 893 894 895 896 897 898 899 900 901 902 903 904
 905 906 907 908 909]"
5,14,42,17,0,808,"[886 887 888 889 890 891 892 893 894 895 896 897 898 899 900 901 902 903
 904 905 906 907 908 909]"
5,14,42,18,0,320,"[885 886 887 888 889 890 891 892 893 894 895 896 897 898 899 900 901 902
 903 904 905 906 907 908 909]"
5,14,42,19,0,990,"[884 885 886 887 888 889 890 891 892 893 894 895 896 897 898 899 900 901
 902 903 904 905 906 907 908 909]"
5,14,42,20,0,582,"[883 884 885 886 887 888 889 890 891 892 893 894 895 896 897 898 899 900
 901 902 903 904 905 906 907 908 909]"
5,14,42,21,0,502,"[882 883 884 885 886 887 888 889 890 891 892 893 894 895 896 897 898 899
 900 901 902 903 904 905 906 907 908 909]"
5,14,42,22,0,284,"[881 882 883 884 885 886 887 888 889 890 891 892 893 894 895 896 897 898
 899 900 901 902 903 904 905 906 907 908 909]"
5,14,42,23,0,60,"[880 881 882 883 884 885 886 887 888 889 890 891 892 893 894 895 896 897
 898 899 900 901 902 903 904 905 906 907 908 909]"
5,14,42,24,0,790,"[879 880 881 882 883 884 885 886 887 888 889 890 891 892 893 894 895 896
 897 898 899 900 901 902 903 904 905 906 907 908 909]"
5,14,42,25,0,979,"[878 879 880 881 882 883 884 885 886 887 888 889 890 891 892 893 894 895
 896 897 898 899 900 901 902 903 904 905 906 907 908 909]"
5,14,42,26,0,683,"[877 878 879 880 881 882 883 884 885 886 887 888 889 890 891 892 893 894
 895 896 897 898 899 900 901 902 903 904 905 906 907 908 909]"
5,14,42,27,0,718,"[876 877 878 879 880 881 882 883 884 885 886 887 888 889 890 891 892 893
 894 895 896 897 898 899 900 901 902 903 904 905 906 907 908 909]"
5,14,42,28,0,849,"[875 876 877 878 879 880 881 882 883 884 885 886 887 888 889 890 891 892
 893 894 895 896 897 898 899 900 901 902 903 904 905 906 907 908 909]"
5,14,42,29,0,965,"[874 875 876 877 878 879 880 881 882 883 884 885 886 887 888 889 890 891
 892 893 894 895 896 897 898 899 900 901 902 903 904 905 906 907 908 909]"
5,14,42,30,0,341,"[873 874 875 876 877 878 879 880 881 882 883 884 885 886 887 888 889 890
 891 892 893 894 895 896 897 898 899 900 901 902 903 904 905 906 907 908
 909]"
5,14,42,31,0,20,"[872 873 874 875 876 877 878 879 880 881 882 883 884 885 886 887 888 889
 890 891 892 893 894 895 896 897 898 899 900 901 902 903 904 905 906 907
 908 909]"
5,14,42,32,0,601,"[871 872 873 874 875 876 877 878 879 880 881 882 883 884 885 886 887 888
 889 890 891 892 893 894 895 896 897 898 899 900 901 902 903 904 905 906
 907 908 909]"
5,14,42,33,0,508,"[870 871 872 873 874 875 876 877 878 879 880 881 882 883 884 885 886 887
 888 889 890 891 892 893 894 895 896 897 898 899 900 901 902 903 904 905
 906 907 908 909]"
5,14,42,34,0,387,"[869 870 871 872 873 874 875 876 877 878 879 880 881 882 883 884 885 886
 887 888 889 890 891 892 893 894 895 896 897 898 899 900 901 902 903 904
 905 906 907 908 909]"
5,14,42,35,0,26,"[868 869 870 871 872 873 874 875 876 877 878 879 880 881 882 883 884 885
 886 887 888 889 890 891 892 893 894 895 896 897 898 899 900 901 902 903
 904 905 906 907 908 909]"
5,14,43,36,0,197,[]
5,14,43,37,0,121,[909]
5,14,43,38,0,445,[908 909]
5,14,43,39,0,236,[907 908 909]
5,14,43,40,0,30,[906 907 908 909]
5,14,43,41,0,442,[905 906 907 908 909]
5,14,43,42,0,299,[904 905 906 907 908 909]
5,14,43,43,0,976,[903 904 905 906 907 908 909]
4,18,42,0,0,778,[903 904 905 906 907 908 909 910 911 912 913 914 915 916 917]
4,18,42,1,0,746,[902 903 904 905 906 907 908 909 910 911 912 913 914 915 916 917]
4,18,42,2,0,790,[901 902 903 904 905 906 907 908 909 910 911 912 913 914 915 916 917]
4,18,42,3,0,935,[900 901 902 903 904 905 906 907 908 909 910 911 912 913 914 915 916 917]
4,18,42,4,0,599,"[899 900 901 902 903 904 905 906 907 908 909 910 911 912 913 914 915 916
 917]"
4,18,42,5,0,51,"[898 899 900 901 902 903 904 905 906 907 908 909 910 911 912 913 914 915
 916 917]"
4,18,42,6,0,557,"[897 898 899 900 901 902 903 904 905 906 907 908 909 910 911 912 913 914
 915 916 917]"
4,18,42,7,0,599,"[896 897 898 899 900 901 902 903 904 905 906 907 908 909 910 911 912 913
 914 915 916 917]"
4,18,42,8,0,488,"[895 896 897 898 899 900 901 902 903 904 905 906 907 908 909 910 911 912
 913 914 915 916 917]"
4,18,42,9,0,271,"[894 895 896 897 898 899 900 901 902 903 904 905 906 907 908 909 910 911
 912 913 914 915 916 917]"
4,18,42,10,0,102,"[893 894 895 896 897 898 899 900 901 902 903 904 905 906 907 908 909 910
 911 912 913 914 915 916 917]"
4,18,42,11,0,250,"[892 893 894 895 896 897 898 899 900 901 902 903 904 905 906 907 908 909
 910 911 912 913 914 915 916 917]"
4,18,42,12,0,275,"[891 892 893 894 895 896 897 898 899 900 901 902 903 904 905 906 907 908
 909 910 911 912 913 914 915 916 917]"
4,18,42,13,0,438,"[890 891 892 893 894 895 896 897 898 899 900 901 902 903 904 905 906 907
 908 909 910 911 912 913 914 915 916 917]"
4,18,42,14,0,168,"[889 890 891 892 893 894 895 896 897 898 899 900 901 902 903 904 905 906
 907 908 909 910 911 912 913 914 915 916 917]"
4,18,42,15,0,406,"[888 889 890 891 892 893 894 895 896 897 898 899 900 901 902 903 904 905
 906 907 908 909 910 911 912 913 914 915 916 917]"
4,18,42,16,0,293,"[887 888 889 890 891 892 893 894 895 896 897 898 899 900 901 902 903 904
 905 906 907 908 909 910 911 912 913 914 915 916 917]"
4,18,42,17,0,882,"[886 887 888 889 890 891 892 893 894 895 896 897 898 899 900 901 902 903
 904 905 906 907 908 909 910 911 912 913 914 915 916 917]"
4,18,42,18,0,216,"[885 886 887 888 889 890 891 892 893 894 895 896 897 898 899 900 901 902
 903 904 905 906 907 908 909 910 911 912 913 914 915 916 917]"
4,18,42,19,0,683,"[884 885 886 887 888 889 890 891 892 893 894 895 896 897 898 899 900 901
 902 903 904 905 906 907 908 909 910 911 912 913 914 915 916 917]"
4,18,42,20,0,628,"[883 884 885 886 887 888 889 890 891 892 893 894 895 896 897 898 899 900
 901 902 903 904 905 906 907 908 909 910 911 912 913 914 915 916 917]"
4,18,42,21,0,242,"[882 883 884 885 886 887 888 889 890 891 892 893 894 895 896 897 898 899
 900 901 902 903 904 905 906 907 908 909 910 911 912 913 914 915 916 917]"
4,18,42,22,0,122,"[881 882 883 884 885 886 887 888 889 890 891 892 893 894 895 896 897 898
 899 900 901 902 903 904 905 906 907 908 909 910 911 912 913 914 915 916
 917]"
4,18,42,23,0,168,"[880 881 882 883 884 885 886 887 888 889 890 891 892 893 894 895 896 897
 898 899 900 901 902 903 904 905 906 907 908 909 910 911 912 913 914 915
 916 917]"
4,18,42,24,0,368,"[879 880 881 882 883 884 885 886 887 888 889 890 891 892 893 894 895 896
 897 898 899 900 901 902 903 904 905 906 907 908 909 910 911 912 913 914
 915 916 917]"
4,18,42,25,0,828,"[878 879 880 881 882 883 884 885 886 887 888 889 890 891 892 893 894 895
 896 897 898 899 900 901 902 903 904 905 906 907 908 909 910 911 912 913
 914 915 916 917]"
4,18,42,26,0,876,"[877 878 879 880 881 882 883 884 885 886 887 888 889 890 891 892 893 894
 895 896 897 898 899 900 901 902 903 904 905 906 907 908 909 910 911 912
 913 914 915 916 917]"
4,18,42,27,0,59,"[876 877 878 879 880 881 882 883 884 885 886 887 888 889 890 891 892 893
 894 895 896 897 898 899 900 901 902 903 904 905 906 907 908 909 910 911
 912 913 914 915 916 917]"
4,18,43,28,0,236,[]
4,18,43,29,0,816,[917]
4,18,43,30,0,264,[916 917]
4,18,43,31,0,666,[915 916 917]
4,18,43,32,0,542,[914 915 916 917]
4,18,43,33,0,334,[913 914 915 916 917]
4,18,43,34,0,483,[912 913 914 915 916 917]
4,18,43,35,0,672,[911 912 913 914 915 916 917]
4,18,43,36,0,78,[910 911 912 913 914 915 916 917]
4,18,43,37,0,573,[909 910 911 912 913 914 915 916 917]
4,18,43,38,0,331,[908 909 910 911 912 913 914 915 916 917]
4,18,43,39,0,752,[907 908 909 910 911 912 913 914 915 916 917]
4,18,43,40,0,5,[906 907 908 909 910 911 912 913 914 915 916 917]
4,18,43,41,0,819,[905 906 907 908 909 910 911 912 913 914 915 916 917]
4,18,43,42,0,814,[904 905 906 907 908 909 910 911 912 913 914 915 916 917]
4,18,43,43,0,82,[903 904 905 906 907 908 909 910 911 912 913 914 915 916 917]
7,10,42,0,0,817,"[903 904 905 906 907 908 909 910 911 912 913 914 915 916 917 918 919 920
 921 922 923 924 925 926 927 928 929 930 931 932 933 934 935 936 937 938
 939 940 941 942 943 944]"
7,10,43,1,0,939,[]
7,10,43,2,0,135,[944]
7,10,43,3,0,171,[943 944]
7,10,43,4,0,329,[942 943 944]
7,10,43,5,0,885,[941 942 943 944]
7,10,43,6,0,458,[940 941 942 943 944]
7,10,43,7,0,868,[939 940 941 942 943 944]
7,10,43,8,0,642,[938 939 940 941 942 943 944]
7,10,43,9,0,385,[937 938 939 940 941 942 943 944]
7,10,43,10,0,423,[936 937 938 939 940 941 942 943 944]
7,10,43,11,0,527,[935 936 937 938 939 940 941 942 943 944]
7,10,43,12,0,78,[934 935 936 937 938 939 940 941 942 943 944]
7,10,43,13,0,536,[933 934 935 936 937 938 939 940 941 942 943 944]
7,10,43,14,0,804,[932 933 934 935 936 937 938 939 940 941 942 943 944]
7,10,43,15,0,824,[931 932 933 934 935 936 937 938 939 940 941 942 943 944]
7,10,43,16,0,512,[930 931 932 933 934 935 936 937 938 939 940 941 942 943 944]
7,10,43,17,0,42,[929 930 931 932 933 934 935 936 937 938 939 940 941 942 943 944]
7,10,43,18,0,545,[928 929 930 931 932 933 934 935 936 937 938 939 940 941 942 943 944]
7,10,43,19,0,385,[927 928 929 930 931 932 933 934 935 936 937 938 939 940 941 942 943 944]
7,10,43,20,0,580,"[926 927 928 929 930 931 932 933 934 935 936 937 938 939 940 941 942 943
 944]"
7,10,43,21,0,528,"[925 926 927 928 929 930 931 932 933 934 935 936 937 938 939 940 941 942
 943 944]"
7,10,43,22,0,125,"[924 925 926 927 928 929 930 931 932 933 934 935 936 937 938 939 940 941
 942 943 944]"
7,10,43,23,0,396,"[923 924 925 926 927 928 929 930 931 932 933 934 935 936 937 938 939 940
 941 942 943 944]"
7,10,43,24,0,299,"[922 923 924 925 926 927 928 929 930 931 932 933 934 935 936 937 938 939
 940 941 942 943 944]"
7,10,43,25,0,368,"[921 922 923 924 925 926 927 928 929 930 931 932 933 934 935 936 937 938
 939 940 941 942 943 944]"
7,10,43,26,0,978,"[920 921 922 923 924 925 926 927 928 929 930 931 932 933 934 935 936 937
 938 939 940 941 942 943 944]"
7,10,43,27,0,333,"[919 920 921 922 923 924 925 926 927 928 929 930 931 932 933 934 935 936
 937 938 939 940 941 942 943 944]"
7,10,43,28,0,119,"[918 919 920 921 922 923 924 925 926 927 928 929 930 931 932 933 934 935
 936 937 938 939 940 941 942 943 944]"
7,10,43,29,0,81,"[917 918 919 920 921 922 923 924 925 926 927 928 929 930 931 932 933 934
 935 936 937 938 939 940 941 942 943 944]"
7,10,43,30,0,595,"[916 917 918 919 920 921 922 923 924 925 926 927 928 929 930 931 932 933
 934 935 936 937 938 939 940 941 942 943 944]"
7,10,43,31,0,608,"[915 916 917 918 919 920 921 922 923 924 925 926 927 928 929 930 931 932
 933 934 935 936 937 938 939 940 941 942 943 944]"
7,10,43,32,0,444,"[914 915 916 917 918 919 920 921 922 923 924 925 926 927 928 929 930 931
 932 933 934 935 936 937 938 939 940 941 942 943 944]"
7,10,43,33,0,951,"[913 914 915 916 917 918 919 920 921 922 923 924 925 926 927 928 929 930
 931 932 933 934 935 936 937 938 939 940 941 942 943 944]"
7,10,43,34,0,283,"[912 913 914 915 916 917 918 919 920 921 922 923 924 925 926 927 928 929
 930 931 932 933 934 935 936 937 938 939 940 941 942 943 944]"
7,10,43,35,0,802,"[911 912 913 914 915 916 917 918 919 920 921 922 923 924 925 926 927 928
 929 930 931 932 933 934 935 936 937 938 939 940 941 942 943 944]"
7,10,43,36,0,310,"[910 911 912 913 914 915 916 917 918 919 920 921 922 923 924 925 926 927
 928 929 930 931 932 933 934 935 936 937 938 939 940 941 942 943 944]"
7,10,43,37,0,446,"[909 910 911 912 913 914 915 916 917 918 919 920 921 922 923 924 925 926
 927 928 929 930 931 932 933 934 935 936 937 938 939 940 941 942 943 944]"
7,10,43,38,0,943,"[908 909 910 911 912 913 914 915 916 917 918 919 920 921 922 923 924 925
 926 927 928 929 930 931 932 933 934 935 936 937 938 939 940 941 942 943
 944]"
7,10,43,39,0,847,"[907 908 909 910 911 912 913 914 915 916 917 918 919 920 921 922 923 924
 925 926 927 928 929 930 931 932 933 934 935 936 937 938 939 940 941 942
 943 944]"
7,10,43,40,0,635,"[906 907 908 909 910 911 912 913 914 915 916 917 918 919 920 921 922 923
 924 925 926 927 928 929 930 931 932 933 934 935 936 937 938 939 940 941
 942 943 944]"
7,10,43,41,0,904,"[905 906 907 908 909 910 911 912 913 914 915 916 917 918 919 920 921 922
 923 924 925 926 927 928 929 930 931 932 933 934 935 936 937 938 939 940
 941 942 943 944]"
7,10,43,42,0,944,"[904 905 906 907 908 909 910 911 912 913 914 915 916 917 918 919 920 921
 922 923 924 925 926 927 928 929 930 931 932 933 934 935 936 937 938 939
 940 941 942 943 944]"
7,10,43,43,0,584,"[903 904 905 906 907 908 909 910 911 912 913 914 915 916 917 918 919 920
 921 922 923 924 925 926 927 928 929 930 931 932 933 934 935 936 937 938
 939 940 941 942 943 944]"
3,26,43,0,0,128,"[946 947 948 949 950 951 952 953 954 955 956 957 958 959 960 961 962 963
 964 965 966 967 968 969 970 971 972 973 974]"
3,26,43,1,0,763,"[944 946 947 948 949 950 951 952 953 954 955 956 957 958 959 960 961 962
 963 964 965 966 967 968 969 970 971 972 973 974]"
3,26,43,2,0,80,"[944 945 946 947 948 949 950 951 952 953 954 955 956 957 958 959 960 961
 962 963 964 965 966 967 968 969 970 971 972 973 974]"
3,26,43,3,0,285,"[943 944 945 946 947 948 949 950 951 952 953 954 955 956 957 958 959 960
 961 962 963 964 965 966 967 968 969 970 971 972 973 974]"
3,26,43,4,0,498,"[942 943 944 945 946 947 948 949 950 951 952 953 954 955 956 957 958 959
 960 961 962 963 964 965 966 967 968 969 970 971 972 973 974]"
3,26,43,5,0,293,"[941 942 943 944 945 946 947 948 949 950 951 952 953 954 955 956 957 958
 959 960 961 962 963 964 965 966 967 968 969 970 971 972 973 974]"
3,26,43,6,0,724,"[940 941 942 943 944 945 946 947 948 949 950 951 952 953 954 955 956 957
 958 959 960 961 962 963 964 965 966 967 968 969 970 971 972 973 974]"
3,26,43,7,0,350,"[939 940 941 942 943 944 945 946 947 948 949 950 951 952 953 954 955 956
 957 958 959 960 961 962 963 964 965 966 967 968 969 970 971 972 973 974]"
3,26,43,8,0,867,"[938 939 940 941 942 943 944 945 946 947 948 949 950 951 952 953 954 955
 956 957 958 959 960 961 962 963 964 965 966 967 968 969 970 971 972 973
 974]"
3,26,43,9,0,288,"[937 938 939 940 941 942 943 944 945 946 947 948 949 950 951 952 953 954
 955 956 957 958 959 960 961 962 963 964 965 966 967 968 969 970 971 972
 973 974]"
3,26,43,10,0,80,"[936 937 938 939 940 941 942 943 944 945 946 947 948 949 950 951 952 953
 954 955 956 957 958 959 960 961 962 963 964 965 966 967 968 969 970 971
 972 973 974]"
3,26,43,11,0,945,"[935 936 937 938 939 940 941 942 943 944 945 946 947 948 949 950 951 952
 953 954 955 956 957 958 959 960 961 962 963 964 965 966 967 968 969 970
 971 972 973 974]"
3,26,43,12,0,683,"[934 935 936 937 938 939 940 941 942 943 944 945 946 947 948 949 950 951
 952 953 954 955 956 957 958 959 960 961 962 963 964 965 966 967 968 969
 970 971 972 973 974]"
3,26,43,13,0,807,"[933 934 935 936 937 938 939 940 941 942 943 944 945 946 947 948 949 950
 951 952 953 954 955 956 957 958 959 960 961 962 963 964 965 966 967 968
 969 970 971 972 973 974]"
3,26,43,14,0,686,"[932 933 934 935 936 937 938 939 940 941 942 943 944 945 946 947 948 949
 950 951 952 953 954 955 956 957 958 959 960 961 962 963 964 965 966 967
 968 969 970 971 972 973 974]"
3,26,44,15,0,233,[]
3,26,44,16,0,362,[974]
3,26,44,17,0,195,[973 974]
3,26,44,18,0,76,[972 973 974]
3,26,44,19,0,896,[971 972 973 974]
3,26,44,20,0,627,[970 971 972 973 974]
3,26,44,21,0,713,[969 970 971 972 973 974]
3,26,44,22,0,111,[968 969 970 971 972 973 974]
3,26,44,23,0,2,[967 968 969 970 971 972 973 974]
3,26,44,24,0,517,[966 967 968 969 970 971 972 973 974]
3,26,44,25,0,28,[965 966 967 968 969 970 971 972 973 974]
3,26,44,26,0,643,[964 965 966 967 968 969 970 971 972 973 974]
3,26,44,27,0,419,[963 964 965 966 967 968 969 970 971 972 973 974]
3,26,44,28,0,72,[962 963 964 965 966 967 968 969 970 971 972 973 974]
3,26,44,29,0,442,[961 962 963 964 965 966 967 968 969 970 971 972 973 974]
3,26,44,30,0,828,[960 961 962 963 964 965 966 967 968 969 970 971 972 973 974]
3,26,44,31,0,374,[959 960 961 962 963 964 965 966 967 968 969 970 971 972 973 974]
3,26,44,32,0,663,[958 959 960 961 962 963 964 965 966 967 968 969 970 971 972 973 974]
3,26,44,33,0,528,[957 958 959 960 961 962 963 964 965 966 967 968 969 970 971 972 973 974]
3,26,44,34,0,547,"[956 957 958 959 960 961 962 963 964 965 966 967 968 969 970 971 972 973
 974]"
3,26,44,35,0,93,"[955 956 957 958 959 960 961 962 963 964 965 966 967 968 969 970 971 972
 973 974]"
3,26,44,36,0,590,"[954 955 956 957 958 959 960 961 962 963 964 965 966 967 968 969 970 971
 972 973 974]"
3,26,44,37,0,926,"[953 954 955 956 957 958 959 960 961 962 963 964 965 966 967 968 969 970
 971 972 973 974]"
3,26,44,38,0,443,"[952 953 954 955 956 957 958 959 960 961 962 963 964 965 966 967 968 969
 970 971 972 973 974]"
3,26,44,39,0,325,"[951 952 953 954 955 956 957 958 959 960 961 962 963 964 965 966 967 968
 969 970 971 972 973 974]"
3,26,44,40,0,384,"[950 951 952 953 954 955 956 957 958 959 960 961 962 963 964 965 966 967
 968 969 970 971 972 973 974]"
3,26,44,41,0,620,"[949 950 951 952 953 954 955 956 957 958 959 960 961 962 963 964 965 966
 967 968 969 970 971 972 973 974]"
3,26,44,42,0,637,"[948 949 950 951 952 953 954 955 956 957 958 959 960 961 962 963 964 965
 966 967 968 969 970 971 972 973 974]"
3,26,44,43,0,711,"[947 948 949 950 951 952 953 954 955 956 957 958 959 960 961 962 963 964
 965 966 967 968 969 970 971 972 973 974]"
3,26,44,44,0,526,"[946 947 948 949 950 951 952 953 954 955 956 957 958 959 960 961 962 963
 964 965 966 967 968 969 970 971 972 973 974]"
6,12,44,0,0,202,[]
6,12,44,1,0,23,[989]
6,12,44,2,0,595,[987 989]
6,12,44,3,0,24,[987 988 989]
6,12,44,4,0,113,[986 987 988 989]
6,12,44,5,0,689,[985 986 987 988 989]
6,12,44,6,0,268,[984 985 986 987 988 989]
6,12,44,7,0,775,[983 984 985 986 987 988 989]
6,12,44,8,0,983,[982 983 984 985 986 987 988 989]
6,12,44,9,0,983,[981 982 983 984 985 986 987 988 989]
6,12,44,10,0,318,[980 981 982 983 984 985 986 987 988 989]
6,12,44,11,0,102,[979 980 981 982 983 984 985 986 987 988 989]
6,12,44,12,0,235,[978 979 980 981 982 983 984 985 986 987 988 989]
6,12,44,13,0,669,[977 978 979 980 981 982 983 984 985 986 987 988 989]
6,12,44,14,0,177,[976 977 978 979 980 981 982 983 984 985 986 987 988 989]
6,12,44,15,0,566,[975 976 977 978 979 980 981 982 983 984 985 986 987 988 989]
6,12,44,16,0,634,[974 975 976 977 978 979 980 981 982 983 984 985 986 987 988 989]
6,12,44,17,0,262,[973 974 975 976 977 978 979 980 981 982 983 984 985 986 987 988 989]
6,12,44,18,0,326,[972 973 974 975 976 977 978 979 980 981 982 983 984 985 986 987 988 989]
6,12,44,19,0,488,"[971 972 973 974 975 976 977 978 979 980 981 982 983 984 985 986 987 988
 989]"
6,12,44,20,0,736,"[970 971 972 973 974 975 976 977 978 979 980 981 982 983 984 985 986 987
 988 989]"
6,12,44,21,0,568,"[969 970 971 972 973 974 975 976 977 978 979 980 981 982 983 984 985 986
 987 988 989]"
6,12,44,22,0,755,"[968 969 970 971 972 973 974 975 976 977 978 979 980 981 982 983 984 985
 986 987 988 989]"
6,12,44,23,0,538,"[967 968 969 970 971 972 973 974 975 976 977 978 979 980 981 982 983 984
 985 986 987 988 989]"
6,12,44,24,0,232,"[966 967 968 969 970 971 972 973 974 975 976 977 978 979 980 981 982 983
 984 985 986 987 988 989]"
6,12,44,25,0,820,"[965 966 967 968 969 970 971 972 973 974 975 976 977 978 979 980 981 982
 983 984 985 986 987 988 989]"
6,12,44,26,0,932,"[964 965 966 967 968 969 970 971 972 973 974 975 976 977 978 979 980 981
 982 983 984 985 986 987 988 989]"
6,12,44,27,0,23,"[963 964 965 966 967 968 969 970 971 972 973 974 975 976 977 978 979 980
 981 982 983 984 985 986 987 988 989]"
6,12,44,28,0,631,"[962 963 964 965 966 967 968 969 970 971 972 973 974 975 976 977 978 979
 980 981 982 983 984 985 986 987 988 989]"
6,12,44,29,0,744,"[961 962 963 964 965 966 967 968 969 970 971 972 973 974 975 976 977 978
 979 980 981 982 983 984 985 986 987 988 989]"
6,12,44,30,0,62,"[960 961 962 963 964 965 966 967 968 969 970 971 972 973 974 975 976 977
 978 979 980 981 982 983 984 985 986 987 988 989]"
6,12,44,31,0,32,"[959 960 961 962 963 964 965 966 967 968 969 970 971 972 973 974 975 976
 977 978 979 980 981 982 983 984 985 986 987 988 989]"
6,12,44,32,0,721,"[958 959 960 961 962 963 964 965 966 967 968 969 970 971 972 973 974 975
 976 977 978 979 980 981 982 983 984 985 986 987 988 989]"
6,12,44,33,0,315,"[957 958 959 960 961 962 963 964 965 966 967 968 969 970 971 972 973 974
 975 976 977 978 979 980 981 982 983 984 985 986 987 988 989]"
6,12,44,34,0,373,"[956 957 958 959 960 961 962 963 964 965 966 967 968 969 970 971 972 973
 974 975 976 977 978 979 980 981 982 983 984 985 986 987 988 989]"
6,12,44,35,0,420,"[955 956 957 958 959 960 961 962 963 964 965 966 967 968 969 970 971 972
 973 974 975 976 977 978 979 980 981 982 983 984 985 986 987 988 989]"
6,12,44,36,0,319,"[954 955 956 957 958 959 960 961 962 963 964 965 966 967 968 969 970 971
 972 973 974 975 976 977 978 979 980 981 982 983 984 985 986 987 988 989]"
6,12,44,37,0,601,"[953 954 955 956 957 958 959 960 961 962 963 964 965 966 967 968 969 970
 971 972 973 974 975 976 977 978 979 980 981 982 983 984 985 986 987 988
 989]"
6,12,44,38,0,945,"[952 953 954 955 956 957 958 959 960 961 962 963 964 965 966 967 968 969
 970 971 972 973 974 975 976 977 978 979 980 981 982 983 984 985 986 987
 988 989]"
6,12,44,39,0,275,"[951 952 953 954 955 956 957 958 959 960 961 962 963 964 965 966 967 968
 969 970 971 972 973 974 975 976 977 978 979 980 981 982 983 984 985 986
 987 988 989]"
6,12,44,40,0,857,"[950 951 952 953 954 955 956 957 958 959 960 961 962 963 964 965 966 967
 968 969 970 971 972 973 974 975 976 977 978 979 980 981 982 983 984 985
 986 987 988 989]"
6,12,44,41,0,359,"[949 950 951 952 953 954 955 956 957 958 959 960 961 962 963 964 965 966
 967 968 969 970 971 972 973 974 975 976 977 978 979 980 981 982 983 984
 985 986 987 988 989]"
6,12,44,42,0,470,"[948 949 950 951 952 953 954 955 956 957 958 959 960 961 962 963 964 965
 966 967 968 969 970 971 972 973 974 975 976 977 978 979 980 981 982 983
 984 985 986 987 988 989]"
6,12,44,43,0,785,"[947 948 949 950 951 952 953 954 955 956 957 958 959 960 961 962 963 964
 965 966 967 968 969 970 971 972 973 974 975 976 977 978 979 980 981 982
 983 984 985 986 987 988 989]"
6,12,44,44,0,886,"[946 947 948 949 950 951 952 953 954 955 956 957 958 959 960 961 962 963
 964 965 966 967 968 969 970 971 972 973 974 975 976 977 978 979 980 981
 982 983 984 985 986 987 988 989]"
6,12,45,45,0,548,[]
8,9,44,0,0,481,"[ 990  991  992  993  994  995  996  997  998  999 1000 1001 1002 1003
 1004 1005 1006 1007]"
8,9,44,1,0,247,"[ 989  990  991  992  993  994  995  996  997  998  999 1000 1001 1002
 1003 1004 1005 1006 1007]"
8,9,44,2,0,89,"[ 988  989  990  991  992  993  994  995  996  997  998  999 1000 1001
 1002 1003 1004 1005 1006 1007]"
8,9,44,3,0,986,"[ 987  988  989  990  991  992  993  994  995  996  997  998  999 1000
 1001 1002 1003 1004 1005 1006 1007]"
8,9,44,4,0,194,"[ 986  987  988  989  990  991  992  993  994  995  996  997  998  999
 1000 1001 1002 1003 1004 1005 1006 1007]"
8,9,44,5,0,89,"[ 985  986  987  988  989  990  991  992  993  994  995  996  997  998
  999 1000 1001 1002 1003 1004 1005 1006 1007]"
8,9,44,6,0,240,"[ 984  985  986  987  988  989  990  991  992  993  994  995  996  997
  998  999 1000 1001 1002 1003 1004 1005 1006 1007]"
8,9,44,7,0,158,"[ 983  984  985  986  987  988  989  990  991  992  993  994  995  996
  997  998  999 1000 1001 1002 1003 1004 1005 1006 1007]"
8,9,44,8,0,973,"[ 982  983  984  985  986  987  988  989  990  991  992  993  994  995
  996  997  998  999 1000 1001 1002 1003 1004 1005 1006 1007]"
8,9,44,9,0,995,"[ 981  982  983  984  985  986  987  988  989  990  991  992  993  994
  995  996  997  998  999 1000 1001 1002 1003 1004 1005 1006 1007]"
8,9,44,10,0,176,"[ 980  981  982  983  984  985  986  987  988  989  990  991  992  993
  994  995  996  997  998  999 1000 1001 1002 1003 1004 1005 1006 1007]"
8,9,44,11,0,839,"[ 979  980  981  982  983  984  985  986  987  988  989  990  991  992
  993  994  995  996  997  998  999 1000 1001 1002 1003 1004 1005 1006
 1007]"
8,9,44,12,0,544,"[ 978  979  980  981  982  983  984  985  986  987  988  989  990  991
  992  993  994  995  996  997  998  999 1000 1001 1002 1003 1004 1005
 1006 1007]"
8,9,44,13,0,108,"[ 977  978  979  980  981  982  983  984  985  986  987  988  989  990
  991  992  993  994  995  996  997  998  999 1000 1001 1002 1003 1004
 1005 1006 1007]"
8,9,44,14,0,238,"[ 976  977  978  979  980  981  982  983  984  985  986  987  988  989
  990  991  992  993  994  995  996  997  998  999 1000 1001 1002 1003
 1004 1005 1006 1007]"
8,9,44,15,0,373,"[ 975  976  977  978  979  980  981  982  983  984  985  986  987  988
  989  990  991  992  993  994  995  996  997  998  999 1000 1001 1002
 1003 1004 1005 1006 1007]"
8,9,44,16,0,669,"[ 974  975  976  977  978  979  980  981  982  983  984  985  986  987
  988  989  990  991  992  993  994  995  996  997  998  999 1000 1001
 1002 1003 1004 1005 1006 1007]"
8,9,44,17,0,430,"[ 973  974  975  976  977  978  979  980  981  982  983  984  985  986
  987  988  989  990  991  992  993  994  995  996  997  998  999 1000
 1001 1002 1003 1004 1005 1006 1007]"
8,9,44,18,0,753,"[ 972  973  974  975  976  977  978  979  980  981  982  983  984  985
  986  987  988  989  990  991  992  993  994  995  996  997  998  999
 1000 1001 1002 1003 1004 1005 1006 1007]"
8,9,44,19,0,326,"[ 971  972  973  974  975  976  977  978  979  980  981  982  983  984
  985  986  987  988  989  990  991  992  993  994  995  996  997  998
  999 1000 1001 1002 1003 1004 1005 1006 1007]"
8,9,44,20,0,117,"[ 970  971  972  973  974  975  976  977  978  979  980  981  982  983
  984  985  986  987  988  989  990  991  992  993  994  995  996  997
  998  999 1000 1001 1002 1003 1004 1005 1006 1007]"
8,9,44,21,0,197,"[ 969  970  971  972  973  974  975  976  977  978  979  980  981  982
  983  984  985  986  987  988  989  990  991  992  993  994  995  996
  997  998  999 1000 1001 1002 1003 1004 1005 1006 1007]"
8,9,44,22,0,407,"[ 968  969  970  971  972  973  974  975  976  977  978  979  980  981
  982  983  984  985  986  987  988  989  990  991  992  993  994  995
  996  997  998  999 1000 1001 1002 1003 1004 1005 1006 1007]"
8,9,44,23,0,989,"[ 967  968  969  970  971  972  973  974  975  976  977  978  979  980
  981  982  983  984  985  986  987  988  989  990  991  992  993  994
  995  996  997  998  999 1000 1001 1002 1003 1004 1005 1006 1007]"
8,9,44,24,0,246,"[ 966  967  968  969  970  971  972  973  974  975  976  977  978  979
  980  981  982  983  984  985  986  987  988  989  990  991  992  993
  994  995  996  997  998  999 1000 1001 1002 1003 1004 1005 1006 1007]"
8,9,44,25,0,481,"[ 965  966  967  968  969  970  971  972  973  974  975  976  977  978
  979  980  981  982  983  984  985  986  987  988  989  990  991  992
  993  994  995  996  997  998  999 1000 1001 1002 1003 1004 1005 1006
 1007]"
8,9,44,26,0,925,"[ 964  965  966  967  968  969  970  971  972  973  974  975  976  977
  978  979  980  981  982  983  984  985  986  987  988  989  990  991
  992  993  994  995  996  997  998  999 1000 1001 1002 1003 1004 1005
 1006 1007]"
8,9,45,27,0,437,[]
8,9,45,28,0,330,[1007]
8,9,45,29,0,788,[1006 1007]
8,9,45,30,0,71,[1005 1006 1007]
8,9,45,31,0,486,[1004 1005 1006 1007]
8,9,45,32,0,769,[1003 1004 1005 1006 1007]
8,9,45,33,0,208,[1002 1003 1004 1005 1006 1007]
8,9,45,34,0,916,[1001 1002 1003 1004 1005 1006 1007]
8,9,45,35,0,546,[1000 1001 1002 1003 1004 1005 1006 1007]
8,9,45,36,0,14,[ 999 1000 1001 1002 1003 1004 1005 1006 1007]
8,9,45,37,0,434,[ 998  999 1000 1001 1002 1003 1004 1005 1006 1007]
8,9,45,38,0,491,[ 997  998  999 1000 1001 1002 1003 1004 1005 1006 1007]
8,9,45,39,0,871,[ 996  997  998  999 1000 1001 1002 1003 1004 1005 1006 1007]
8,9,45,40,0,889,[ 995  996  997  998  999 1000 1001 1002 1003 1004 1005 1006 1007]
8,9,45,41,0,859,[ 994  995  996  997  998  999 1000 1001 1002 1003 1004 1005 1006 1007]
8,9,45,42,0,128,"[ 993  994  995  996  997  998  999 1000 1001 1002 1003 1004 1005 1006
 1007]"
8,9,45,43,0,396,"[ 992  993  994  995  996  997  998  999 1000 1001 1002 1003 1004 1005
 1006 1007]"
8,9,45,44,0,156,"[ 991  992  993  994  995  996  997  998  999 1000 1001 1002 1003 1004
 1005 1006 1007]"
8,9,45,45,0,905,"[ 990  991  992  993  994  995  996  997  998  999 1000 1001 1002 1003
 1004 1005 1006 1007]"
4,19,44,0,0,52,"[ 990  991  992  993  994  995  996  997  998  999 1000 1001 1002 1003
 1004 1005 1006 1007 1008 1009 1010 1011 1012 1013 1014 1015 1016 1017
 1018 1019 1020 1021 1022 1023 1024 1025]"
4,19,44,1,0,513,"[ 989  990  991  992  993  994  995  996  997  998  999 1000 1001 1002
 1003 1004 1005 1006 1007 1008 1009 1010 1011 1012 1013 1014 1015 1016
 1017 1018 1019 1020 1021 1022 1023 1024 1025]"
4,19,44,2,0,735,"[ 988  989  990  991  992  993  994  995  996  997  998  999 1000 1001
 1002 1003 1004 1005 1006 1007 1008 1009 1010 1011 1012 1013 1014 1015
 1016 1017 1018 1019 1020 1021 1022 1023 1024 1025]"
4,19,44,3,0,123,"[ 987  988  989  990  991  992  993  994  995  996  997  998  999 1000
 1001 1002 1003 1004 1005 1006 1007 1008 1009 1010 1011 1012 1013 1014
 1015 1016 1017 1018 1019 1020 1021 1022 1023 1024 1025]"
4,19,44,4,0,670,"[ 986  987  988  989  990  991  992  993  994  995  996  997  998  999
 1000 1001 1002 1003 1004 1005 1006 1007 1008 1009 1010 1011 1012 1013
 1014 1015 1016 1017 1018 1019 1020 1021 1022 1023 1024 1025]"
4,19,44,5,0,630,"[ 985  986  987  988  989  990  991  992  993  994  995  996  997  998
  999 1000 1001 1002 1003 1004 1005 1006 1007 1008 1009 1010 1011 1012
 1013 1014 1015 1016 1017 1018 1019 1020 1021 1022 1023 1024 1025]"
4,19,44,6,0,926,"[ 984  985  986  987  988  989  990  991  992  993  994  995  996  997
  998  999 1000 1001 1002 1003 1004 1005 1006 1007 1008 1009 1010 1011
 1012 1013 1014 1015 1016 1017 1018 1019 1020 1021 1022 1023 1024 1025]"
4,19,44,7,0,441,"[ 983  984  985  986  987  988  989  990  991  992  993  994  995  996
  997  998  999 1000 1001 1002 1003 1004 1005 1006 1007 1008 1009 1010
 1011 1012 1013 1014 1015 1016 1017 1018 1019 1020 1021 1022 1023 1024
 1025]"
4,19,44,8,0,710,"[ 982  983  984  985  986  987  988  989  990  991  992  993  994  995
  996  997  998  999 1000 1001 1002 1003 1004 1005 1006 1007 1008 1009
 1010 1011 1012 1013 1014 1015 1016 1017 1018 1019 1020 1021 1022 1023
 1024 1025]"
4,19,45,9,0,482,[]
4,19,45,10,0,986,[1025]
4,19,45,11,0,36,[1024 1025]
4,19,45,12,0,680,[1023 1024 1025]
4,19,45,13,0,743,[1022 1023 1024 1025]
4,19,45,14,0,884,[1021 1022 1023 1024 1025]
4,19,45,15,0,525,[1020 1021 1022 1023 1024 1025]
4,19,45,16,0,865,[1019 1020 1021 1022 1023 1024 1025]
4,19,45,17,0,605,[1018 1019 1020 1021 1022 1023 1024 1025]
4,19,45,18,0,142,[1017 1018 1019 1020 1021 1022 1023 1024 1025]
4,19,45,19,0,67,[1016 1017 1018 1019 1020 1021 1022 1023 1024 1025]
4,19,45,20,0,482,[1015 1016 1017 1018 1019 1020 1021 1022 1023 1024 1025]
4,19,45,21,0,646,[1014 1015 1016 1017 1018 1019 1020 1021 1022 1023 1024 1025]
4,19,45,22,0,126,[1013 1014 1015 1016 1017 1018 1019 1020 1021 1022 1023 1024 1025]
4,19,45,23,0,82,[1012 1013 1014 1015 1016 1017 1018 1019 1020 1021 1022 1023 1024 1025]
4,19,45,24,0,453,"[1011 1012 1013 1014 1015 1016 1017 1018 1019 1020 1021 1022 1023 1024
 1025]"
4,19,45,25,0,299,"[1010 1011 1012 1013 1014 1015 1016 1017 1018 1019 1020 1021 1022 1023
 1024 1025]"
4,19,45,26,0,665,"[1009 1010 1011 1012 1013 1014 1015 1016 1017 1018 1019 1020 1021 1022
 1023 1024 1025]"
4,19,45,27,0,21,"[1008 1009 1010 1011 1012 1013 1014 1015 1016 1017 1018 1019 1020 1021
 1022 1023 1024 1025]"
4,19,45,28,0,344,"[1007 1008 1009 1010 1011 1012 1013 1014 1015 1016 1017 1018 1019 1020
 1021 1022 1023 1024 1025]"
4,19,45,29,0,803,"[1006 1007 1008 1009 1010 1011 1012 1013 1014 1015 1016 1017 1018 1019
 1020 1021 1022 1023 1024 1025]"
4,19,45,30,0,709,"[1005 1006 1007 1008 1009 1010 1011 1012 1013 1014 1015 1016 1017 1018
 1019 1020 1021 1022 1023 1024 1025]"
4,19,45,31,0,568,"[1004 1005 1006 1007 1008 1009 1010 1011 1012 1013 1014 1015 1016 1017
 1018 1019 1020 1021 1022 1023 1024 1025]"
4,19,45,32,0,354,"[1003 1004 1005 1006 1007 1008 1009 1010 1011 1012 1013 1014 1015 1016
 1017 1018 1019 1020 1021 1022 1023 1024 1025]"
4,19,45,33,0,743,"[1002 1003 1004 1005 1006 1007 1008 1009 1010 1011 1012 1013 1014 1015
 1016 1017 1018 1019 1020 1021 1022 1023 1024 1025]"
4,19,45,34,0,441,"[1001 1002 1003 1004 1005 1006 1007 1008 1009 1010 1011 1012 1013 1014
 1015 1016 1017 1018 1019 1020 1021 1022 1023 1024 1025]"
4,19,45,35,0,883,"[1000 1001 1002 1003 1004 1005 1006 1007 1008 1009 1010 1011 1012 1013
 1014 1015 1016 1017 1018 1019 1020 1021 1022 1023 1024 1025]"
4,19,45,36,0,346,"[ 999 1000 1001 1002 1003 1004 1005 1006 1007 1008 1009 1010 1011 1012
 1013 1014 1015 1016 1017 1018 1019 1020 1021 1022 1023 1024 1025]"
4,19,45,37,0,790,"[ 998  999 1000 1001 1002 1003 1004 1005 1006 1007 1008 1009 1010 1011
 1012 1013 1014 1015 1016 1017 1018 1019 1020 1021 1022 1023 1024 1025]"
4,19,45,38,0,312,"[ 997  998  999 1000 1001 1002 1003 1004 1005 1006 1007 1008 1009 1010
 1011 1012 1013 1014 1015 1016 1017 1018 1019 1020 1021 1022 1023 1024
 1025]"
4,19,45,39,0,356,"[ 996  997  998  999 1000 1001 1002 1003 1004 1005 1006 1007 1008 1009
 1010 1011 1012 1013 1014 1015 1016 1017 1018 1019 1020 1021 1022 1023
 1024 1025]"
4,19,45,40,0,827,"[ 995  996  997  998  999 1000 1001 1002 1003 1004 1005 1006 1007 1008
 1009 1010 1011 1012 1013 1014 1015 1016 1017 1018 1019 1020 1021 1022
 1023 1024 1025]"
4,19,45,41,0,11,"[ 994  995  996  997  998  999 1000 1001 1002 1003 1004 1005 1006 1007
 1008 1009 1010 1011 1012 1013 1014 1015 1016 1017 1018 1019 1020 1021
 1022 1023 1024 1025]"
4,19,45,42,0,372,"[ 993  994  995  996  997  998  999 1000 1001 1002 1003 1004 1005 1006
 1007 1008 1009 1010 1011 1012 1013 1014 1015 1016 1017 1018 1019 1020
 1021 1022 1023 1024 1025]"
4,19,45,43,0,512,"[ 992  993  994  995  996  997  998  999 1000 1001 1002 1003 1004 1005
 1006 1007 1008 1009 1010 1011 1012 1013 1014 1015 1016 1017 1018 1019
 1020 1021 1022 1023 1024 1025]"
4,19,45,44,0,349,"[ 991  992  993  994  995  996  997  998  999 1000 1001 1002 1003 1004
 1005 1006 1007 1008 1009 1010 1011 1012 1013 1014 1015 1016 1017 1018
 1019 1020 1021 1022 1023 1024 1025]"
4,19,45,45,0,849,"[ 990  991  992  993  994  995  996  997  998  999 1000 1001 1002 1003
 1004 1005 1006 1007 1008 1009 1010 1011 1012 1013 1014 1015 1016 1017
 1018 1019 1020 1021 1022 1023 1024 1025]"
5,15,45,0,0,14,"[1035 1036 1037 1038 1039 1040 1041 1042 1043 1044 1045 1046 1047 1048
 1049]"
5,15,45,1,0,917,"[1034 1035 1036 1037 1038 1039 1040 1041 1042 1043 1044 1045 1046 1047
 1048 1049]"
5,15,45,2,0,793,"[1033 1034 1035 1036 1037 1038 1039 1040 1041 1042 1043 1044 1045 1046
 1047 1048 1049]"
5,15,45,3,0,426,"[1032 1033 1034 1035 1036 1037 1038 1039 1040 1041 1042 1043 1044 1045
 1046 1047 1048 1049]"
5,15,45,4,0,521,"[1031 1032 1033 1034 1035 1036 1037 1038 1039 1040 1041 1042 1043 1044
 1045 1046 1047 1048 1049]"
5,15,45,5,0,876,"[1030 1031 1032 1033 1034 1035 1036 1037 1038 1039 1040 1041 1042 1043
 1044 1045 1046 1047 1048 1049]"
5,15,45,6,0,623,"[1029 1030 1031 1032 1033 1034 1035 1036 1037 1038 1039 1040 1041 1042
 1043 1044 1045 1046 1047 1048 1049]"
5,15,45,7,0,102,"[1028 1029 1030 1031 1032 1033 1034 1035 1036 1037 1038 1039 1040 1041
 1042 1043 1044 1045 1046 1047 1048 1049]"
5,15,45,8,0,57,"[1027 1028 1029 1030 1031 1032 1033 1034 1035 1036 1037 1038 1039 1040
 1041 1042 1043 1044 1045 1046 1047 1048 1049]"
5,15,45,9,0,868,"[1026 1027 1028 1029 1030 1031 1032 1033 1034 1035 1036 1037 1038 1039
 1040 1041 1042 1043 1044 1045 1046 1047 1048 1049]"
5,15,45,10,0,926,"[1025 1026 1027 1028 1029 1030 1031 1032 1033 1034 1035 1036 1037 1038
 1039 1040 1041 1042 1043 1044 1045 1046 1047 1048 1049]"
5,15,45,11,0,741,"[1024 1025 1026 1027 1028 1029 1030 1031 1032 1033 1034 1035 1036 1037
 1038 1039 1040 1041 1042 1043 1044 1045 1046 1047 1048 1049]"
5,15,45,12,0,673,"[1023 1024 1025 1026 1027 1028 1029 1030 1031 1032 1033 1034 1035 1036
 1037 1038 1039 1040 1041 1042 1043 1044 1045 1046 1047 1048 1049]"
5,15,45,13,0,497,"[1022 1023 1024 1025 1026 1027 1028 1029 1030 1031 1032 1033 1034 1035
 1036 1037 1038 1039 1040 1041 1042 1043 1044 1045 1046 1047 1048 1049]"
5,15,45,14,0,142,"[1021 1022 1023 1024 1025 1026 1027 1028 1029 1030 1031 1032 1033 1034
 1035 1036 1037 1038 1039 1040 1041 1042 1043 1044 1045 1046 1047 1048
 1049]"
5,15,45,15,0,189,"[1020 1021 1022 1023 1024 1025 1026 1027 1028 1029 1030 1031 1032 1033
 1034 1035 1036 1037 1038 1039 1040 1041 1042 1043 1044 1045 1046 1047
 1048 1049]"
5,15,45,16,0,467,"[1019 1020 1021 1022 1023 1024 1025 1026 1027 1028 1029 1030 1031 1032
 1033 1034 1035 1036 1037 1038 1039 1040 1041 1042 1043 1044 1045 1046
 1047 1048 1049]"
5,15,45,17,0,738,"[1018 1019 1020 1021 1022 1023 1024 1025 1026 1027 1028 1029 1030 1031
 1032 1033 1034 1035 1036 1037 1038 1039 1040 1041 1042 1043 1044 1045
 1046 1047 1048 1049]"
5,15,45,18,0,201,"[1017 1018 1019 1020 1021 1022 1023 1024 1025 1026 1027 1028 1029 1030
 1031 1032 1033 1034 1035 1036 1037 1038 1039 1040 1041 1042 1043 1044
 1045 1046 1047 1048 1049]"
5,15,45,19,0,97,"[1016 1017 1018 1019 1020 1021 1022 1023 1024 1025 1026 1027 1028 1029
 1030 1031 1032 1033 1034 1035 1036 1037 1038 1039 1040 1041 1042 1043
 1044 1045 1046 1047 1048 1049]"
5,15,45,20,0,690,"[1015 1016 1017 1018 1019 1020 1021 1022 1023 1024 1025 1026 1027 1028
 1029 1030 1031 1032 1033 1034 1035 1036 1037 1038 1039 1040 1041 1042
 1043 1044 1045 1046 1047 1048 1049]"
5,15,45,21,0,991,"[1014 1015 1016 1017 1018 1019 1020 1021 1022 1023 1024 1025 1026 1027
 1028 1029 1030 1031 1032 1033 1034 1035 1036 1037 1038 1039 1040 1041
 1042 1043 1044 1045 1046 1047 1048 1049]"
5,15,45,22,0,995,"[1013 1014 1015 1016 1017 1018 1019 1020 1021 1022 1023 1024 1025 1026
 1027 1028 1029 1030 1031 1032 1033 1034 1035 1036 1037 1038 1039 1040
 1041 1042 1043 1044 1045 1046 1047 1048 1049]"
5,15,45,23,0,818,"[1012 1013 1014 1015 1016 1017 1018 1019 1020 1021 1022 1023 1024 1025
 1026 1027 1028 1029 1030 1031 1032 1033 1034 1035 1036 1037 1038 1039
 1040 1041 1042 1043 1044 1045 1046 1047 1048 1049]"
5,15,45,24,0,12,"[1011 1012 1013 1014 1015 1016 1017 1018 1019 1020 1021 1022 1023 1024
 1025 1026 1027 1028 1029 1030 1031 1032 1033 1034 1035 1036 1037 1038
 1039 1040 1041 1042 1043 1044 1045 1046 1047 1048 1049]"
5,15,45,25,0,894,"[1010 1011 1012 1013 1014 1015 1016 1017 1018 1019 1020 1021 1022 1023
 1024 1025 1026 1027 1028 1029 1030 1031 1032 1033 1034 1035 1036 1037
 1038 1039 1040 1041 1042 1043 1044 1045 1046 1047 1048 1049]"
5,15,45,26,0,581,"[1009 1010 1011 1012 1013 1014 1015 1016 1017 1018 1019 1020 1021 1022
 1023 1024 1025 1026 1027 1028 1029 1030 1031 1032 1033 1034 1035 1036
 1037 1038 1039 1040 1041 1042 1043 1044 1045 1046 1047 1048 1049]"
5,15,45,27,0,372,"[1008 1009 1010 1011 1012 1013 1014 1015 1016 1017 1018 1019 1020 1021
 1022 1023 1024 1025 1026 1027 1028 1029 1030 1031 1032 1033 1034 1035
 1036 1037 1038 1039 1040 1041 1042 1043 1044 1045 1046 1047 1048 1049]"
5,15,45,28,0,368,"[1007 1008 1009 1010 1011 1012 1013 1014 1015 1016 1017 1018 1019 1020
 1021 1022 1023 1024 1025 1026 1027 1028 1029 1030 1031 1032 1033 1034
 1035 1036 1037 1038 1039 1040 1041 1042 1043 1044 1045 1046 1047 1048
 1049]"
5,15,45,29,0,314,"[1006 1007 1008 1009 1010 1011 1012 1013 1014 1015 1016 1017 1018 1019
 1020 1021 1022 1023 1024 1025 1026 1027 1028 1029 1030 1031 1032 1033
 1034 1035 1036 1037 1038 1039 1040 1041 1042 1043 1044 1045 1046 1047
 1048 1049]"
5,15,45,30,0,987,"[1005 1006 1007 1008 1009 1010 1011 1012 1013 1014 1015 1016 1017 1018
 1019 1020 1021 1022 1023 1024 1025 1026 1027 1028 1029 1030 1031 1032
 1033 1034 1035 1036 1037 1038 1039 1040 1041 1042 1043 1044 1045 1046
 1047 1048 1049]"
5,15,46,31,0,243,[]
5,15,46,32,0,361,[1049]
5,15,46,33,0,509,[1048 1049]
5,15,46,34,0,112,[1047 1048 1049]
5,15,46,35,0,367,[1046 1047 1048 1049]
5,15,46,36,0,480,[1045 1046 1047 1048 1049]
5,15,46,37,0,262,[1044 1045 1046 1047 1048 1049]
5,15,46,38,0,154,[1043 1044 1045 1046 1047 1048 1049]
5,15,46,39,0,806,[1042 1043 1044 1045 1046 1047 1048 1049]
5,15,46,40,0,733,[1041 1042 1043 1044 1045 1046 1047 1048 1049]
5,15,46,41,0,6,[1040 1041 1042 1043 1044 1045 1046 1047 1048 1049]
5,15,46,42,0,85,[1039 1040 1041 1042 1043 1044 1045 1046 1047 1048 1049]
5,15,46,43,0,383,[1038 1039 1040 1041 1042 1043 1044 1045 1046 1047 1048 1049]
5,15,46,44,0,526,[1037 1038 1039 1040 1041 1042 1043 1044 1045 1046 1047 1048 1049]
5,15,46,45,0,397,[1036 1037 1038 1039 1040 1041 1042 1043 1044 1045 1046 1047 1048 1049]
5,15,46,46,0,928,"[1035 1036 1037 1038 1039 1040 1041 1042 1043 1044 1045 1046 1047 1048
 1049]"
3,27,45,0,0,794,"[1035 1036 1037 1038 1039 1040 1041 1042 1043 1044 1045 1046 1047 1048
 1049 1050 1051 1052]"
3,27,45,1,0,767,"[1034 1035 1036 1037 1038 1039 1040 1041 1042 1043 1044 1045 1046 1047
 1048 1049 1050 1051 1052]"
3,27,45,2,0,563,"[1033 1034 1035 1036 1037 1038 1039 1040 1041 1042 1043 1044 1045 1046
 1047 1048 1049 1050 1051 1052]"
3,27,45,3,0,745,"[1032 1033 1034 1035 1036 1037 1038 1039 1040 1041 1042 1043 1044 1045
 1046 1047 1048 1049 1050 1051 1052]"
3,27,45,4,0,624,"[1031 1032 1033 1034 1035 1036 1037 1038 1039 1040 1041 1042 1043 1044
 1045 1046 1047 1048 1049 1050 1051 1052]"
3,27,45,5,0,978,"[1030 1031 1032 1033 1034 1035 1036 1037 1038 1039 1040 1041 1042 1043
 1044 1045 1046 1047 1048 1049 1050 1051 1052]"
3,27,45,6,0,885,"[1029 1030 1031 1032 1033 1034 1035 1036 1037 1038 1039 1040 1041 1042
 1043 1044 1045 1046 1047 1048 1049 1050 1051 1052]"
3,27,45,7,0,924,"[1028 1029 1030 1031 1032 1033 1034 1035 1036 1037 1038 1039 1040 1041
 1042 1043 1044 1045 1046 1047 1048 1049 1050 1051 1052]"
3,27,45,8,0,80,"[1027 1028 1029 1030 1031 1032 1033 1034 1035 1036 1037 1038 1039 1040
 1041 1042 1043 1044 1045 1046 1047 1048 1049 1050 1051 1052]"
3,27,45,9,0,576,"[1026 1027 1028 1029 1030 1031 1032 1033 1034 1035 1036 1037 1038 1039
 1040 1041 1042 1043 1044 1045 1046 1047 1048 1049 1050 1051 1052]"
3,27,45,10,0,5,"[1025 1026 1027 1028 1029 1030 1031 1032 1033 1034 1035 1036 1037 1038
 1039 1040 1041 1042 1043 1044 1045 1046 1047 1048 1049 1050 1051 1052]"
3,27,45,11,0,395,"[1024 1025 1026 1027 1028 1029 1030 1031 1032 1033 1034 1035 1036 1037
 1038 1039 1040 1041 1042 1043 1044 1045 1046 1047 1048 1049 1050 1051
 1052]"
3,27,45,12,0,284,"[1023 1024 1025 1026 1027 1028 1029 1030 1031 1032 1033 1034 1035 1036
 1037 1038 1039 1040 1041 1042 1043 1044 1045 1046 1047 1048 1049 1050
 1051 1052]"
3,27,45,13,0,193,"[1022 1023 1024 1025 1026 1027 1028 1029 1030 1031 1032 1033 1034 1035
 1036 1037 1038 1039 1040 1041 1042 1043 1044 1045 1046 1047 1048 1049
 1050 1051 1052]"
3,27,45,14,0,142,"[1021 1022 1023 1024 1025 1026 1027 1028 1029 1030 1031 1032 1033 1034
 1035 1036 1037 1038 1039 1040 1041 1042 1043 1044 1045 1046 1047 1048
 1049 1050 1051 1052]"
3,27,45,15,0,76,"[1020 1021 1022 1023 1024 1025 1026 1027 1028 1029 1030 1031 1032 1033
 1034 1035 1036 1037 1038 1039 1040 1041 1042 1043 1044 1045 1046 1047
 1048 1049 1050 1051 1052]"
3,27,45,16,0,344,"[1019 1020 1021 1022 1023 1024 1025 1026 1027 1028 1029 1030 1031 1032
 1033 1034 1035 1036 1037 1038 1039 1040 1041 1042 1043 1044 1045 1046
 1047 1048 1049 1050 1051 1052]"
3,27,45,17,0,466,"[1018 1019 1020 1021 1022 1023 1024 1025 1026 1027 1028 1029 1030 1031
 1032 1033 1034 1035 1036 1037 1038 1039 1040 1041 1042 1043 1044 1045
 1046 1047 1048 1049 1050 1051 1052]"
3,27,45,18,0,34,"[1017 1018 1019 1020 1021 1022 1023 1024 1025 1026 1027 1028 1029 1030
 1031 1032 1033 1034 1035 1036 1037 1038 1039 1040 1041 1042 1043 1044
 1045 1046 1047 1048 1049 1050 1051 1052]"
3,27,45,19,0,900,"[1016 1017 1018 1019 1020 1021 1022 1023 1024 1025 1026 1027 1028 1029
 1030 1031 1032 1033 1034 1035 1036 1037 1038 1039 1040 1041 1042 1043
 1044 1045 1046 1047 1048 1049 1050 1051 1052]"
3,27,45,20,0,251,"[1015 1016 1017 1018 1019 1020 1021 1022 1023 1024 1025 1026 1027 1028
 1029 1030 1031 1032 1033 1034 1035 1036 1037 1038 1039 1040 1041 1042
 1043 1044 1045 1046 1047 1048 1049 1050 1051 1052]"
3,27,45,21,0,942,"[1014 1015 1016 1017 1018 1019 1020 1021 1022 1023 1024 1025 1026 1027
 1028 1029 1030 1031 1032 1033 1034 1035 1036 1037 1038 1039 1040 1041
 1042 1043 1044 1045 1046 1047 1048 1049 1050 1051 1052]"
3,27,45,22,0,866,"[1013 1014 1015 1016 1017 1018 1019 1020 1021 1022 1023 1024 1025 1026
 1027 1028 1029 1030 1031 1032 1033 1034 1035 1036 1037 1038 1039 1040
 1041 1042 1043 1044 1045 1046 1047 1048 1049 1050 1051 1052]"
3,27,45,23,0,777,"[1012 1013 1014 1015 1016 1017 1018 1019 1020 1021 1022 1023 1024 1025
 1026 1027 1028 1029 1030 1031 1032 1033 1034 1035 1036 1037 1038 1039
 1040 1041 1042 1043 1044 1045 1046 1047 1048 1049 1050 1051 1052]"
3,27,45,24,0,618,"[1011 1012 1013 1014 1015 1016 1017 1018 1019 1020 1021 1022 1023 1024
 1025 1026 1027 1028 1029 1030 1031 1032 1033 1034 1035 1036 1037 1038
 1039 1040 1041 1042 1043 1044 1045 1046 1047 1048 1049 1050 1051 1052]"
3,27,45,25,0,396,"[1010 1011 1012 1013 1014 1015 1016 1017 1018 1019 1020 1021 1022 1023
 1024 1025 1026 1027 1028 1029 1030 1031 1032 1033 1034 1035 1036 1037
 1038 1039 1040 1041 1042 1043 1044 1045 1046 1047 1048 1049 1050 1051
 1052]"
3,27,45,26,0,578,"[1009 1010 1011 1012 1013 1014 1015 1016 1017 1018 1019 1020 1021 1022
 1023 1024 1025 1026 1027 1028 1029 1030 1031 1032 1033 1034 1035 1036
 1037 1038 1039 1040 1041 1042 1043 1044 1045 1046 1047 1048 1049 1050
 1051 1052]"
3,27,45,27,0,68,"[1008 1009 1010 1011 1012 1013 1014 1015 1016 1017 1018 1019 1020 1021
 1022 1023 1024 1025 1026 1027 1028 1029 1030 1031 1032 1033 1034 1035
 1036 1037 1038 1039 1040 1041 1042 1043 1044 1045 1046 1047 1048 1049
 1050 1051 1052]"
3,27,46,28,0,674,[]
3,27,46,29,0,319,[1052]
3,27,46,30,0,906,[1051 1052]
3,27,46,31,0,448,[1050 1051 1052]
3,27,46,32,0,44,[1049 1050 1051 1052]
3,27,46,33,0,13,[1048 1049 1050 1051 1052]
3,27,46,34,0,955,[1047 1048 1049 1050 1051 1052]
3,27,46,35,0,249,[1046 1047 1048 1049 1050 1051 1052]
3,27,46,36,0,68,[1045 1046 1047 1048 1049 1050 1051 1052]
3,27,46,37,0,449,[1044 1045 1046 1047 1048 1049 1050 1051 1052]
3,27,46,38,0,43,[1043 1044 1045 1046 1047 1048 1049 1050 1051 1052]
3,27,46,39,0,529,[1042 1043 1044 1045 1046 1047 1048 1049 1050 1051 1052]
3,27,46,40,0,58,[1041 1042 1043 1044 1045 1046 1047 1048 1049 1050 1051 1052]
3,27,46,41,0,567,[1040 1041 1042 1043 1044 1045 1046 1047 1048 1049 1050 1051 1052]
3,27,46,42,0,87,[1039 1040 1041 1042 1043 1044 1045 1046 1047 1048 1049 1050 1051 1052]
3,27,46,43,0,539,"[1038 1039 1040 1041 1042 1043 1044 1045 1046 1047 1048 1049 1050 1051
 1052]"
3,27,46,44,0,32,"[1037 1038 1039 1040 1041 1042 1043 1044 1045 1046 1047 1048 1049 1050
 1051 1052]"
3,27,46,45,0,52,"[1036 1037 1038 1039 1040 1041 1042 1043 1044 1045 1046 1047 1048 1049
 1050 1051 1052]"
3,27,46,46,0,298,"[1035 1036 1037 1038 1039 1040 1041 1042 1043 1044 1045 1046 1047 1048
 1049 1050 1051 1052]"
3,28,47,0,0,519,[1128 1129 1130 1131 1132 1133]
3,28,47,1,0,986,[1127 1128 1129 1130 1131 1132 1133]
3,28,47,2,0,676,[1126 1127 1128 1129 1130 1131 1132 1133]
3,28,47,3,0,517,[1125 1126 1127 1128 1129 1130 1131 1132 1133]
3,28,47,4,0,987,[1124 1125 1126 1127 1128 1129 1130 1131 1132 1133]
3,28,47,5,0,130,[1123 1124 1125 1126 1127 1128 1129 1130 1131 1132 1133]
3,28,47,6,0,829,[1122 1123 1124 1125 1126 1127 1128 1129 1130 1131 1132 1133]
3,28,47,7,0,923,[1121 1122 1123 1124 1125 1126 1127 1128 1129 1130 1131 1132 1133]
3,28,47,8,0,458,[1120 1121 1122 1123 1124 1125 1126 1127 1128 1129 1130 1131 1132 1133]
3,28,47,9,0,386,"[1119 1120 1121 1122 1123 1124 1125 1126 1127 1128 1129 1130 1131 1132
 1133]"
3,28,47,10,0,275,"[1118 1119 1120 1121 1122 1123 1124 1125 1126 1127 1128 1129 1130 1131
 1132 1133]"
3,28,47,11,0,757,"[1117 1118 1119 1120 1121 1122 1123 1124 1125 1126 1127 1128 1129 1130
 1131 1132 1133]"
3,28,47,12,0,945,"[1116 1117 1118 1119 1120 1121 1122 1123 1124 1125 1126 1127 1128 1129
 1130 1131 1132 1133]"
3,28,47,13,0,21,"[1115 1116 1117 1118 1119 1120 1121 1122 1123 1124 1125 1126 1127 1128
 1129 1130 1131 1132 1133]"
3,28,47,14,0,447,"[1114 1115 1116 1117 1118 1119 1120 1121 1122 1123 1124 1125 1126 1127
 1128 1129 1130 1131 1132 1133]"
3,28,47,15,0,221,"[1113 1114 1115 1116 1117 1118 1119 1120 1121 1122 1123 1124 1125 1126
 1127 1128 1129 1130 1131 1132 1133]"
3,28,47,16,0,293,"[1112 1113 1114 1115 1116 1117 1118 1119 1120 1121 1122 1123 1124 1125
 1126 1127 1128 1129 1130 1131 1132 1133]"
3,28,47,17,0,405,"[1111 1112 1113 1114 1115 1116 1117 1118 1119 1120 1121 1122 1123 1124
 1125 1126 1127 1128 1129 1130 1131 1132 1133]"
3,28,47,18,0,366,"[1110 1111 1112 1113 1114 1115 1116 1117 1118 1119 1120 1121 1122 1123
 1124 1125 1126 1127 1128 1129 1130 1131 1132 1133]"
3,28,47,19,0,73,"[1109 1110 1111 1112 1113 1114 1115 1116 1117 1118 1119 1120 1121 1122
 1123 1124 1125 1126 1127 1128 1129 1130 1131 1132 1133]"
3,28,47,20,0,701,"[1108 1109 1110 1111 1112 1113 1114 1115 1116 1117 1118 1119 1120 1121
 1122 1123 1124 1125 1126 1127 1128 1129 1130 1131 1132 1133]"
3,28,47,21,0,378,"[1107 1108 1109 1110 1111 1112 1113 1114 1115 1116 1117 1118 1119 1120
 1121 1122 1123 1124 1125 1126 1127 1128 1129 1130 1131 1132 1133]"
3,28,47,22,0,736,"[1106 1107 1108 1109 1110 1111 1112 1113 1114 1115 1116 1117 1118 1119
 1120 1121 1122 1123 1124 1125 1126 1127 1128 1129 1130 1131 1132 1133]"
3,28,47,23,0,864,"[1105 1106 1107 1108 1109 1110 1111 1112 1113 1114 1115 1116 1117 1118
 1119 1120 1121 1122 1123 1124 1125 1126 1127 1128 1129 1130 1131 1132
 1133]"
3,28,47,24,0,722,"[1104 1105 1106 1107 1108 1109 1110 1111 1112 1113 1114 1115 1116 1117
 1118 1119 1120 1121 1122 1123 1124 1125 1126 1127 1128 1129 1130 1131
 1132 1133]"
3,28,47,25,0,344,"[1103 1104 1105 1106 1107 1108 1109 1110 1111 1112 1113 1114 1115 1116
 1117 1118 1119 1120 1121 1122 1123 1124 1125 1126 1127 1128 1129 1130
 1131 1132 1133]"
3,28,47,26,0,554,"[1102 1103 1104 1105 1106 1107 1108 1109 1110 1111 1112 1113 1114 1115
 1116 1117 1118 1119 1120 1121 1122 1123 1124 1125 1126 1127 1128 1129
 1130 1131 1132 1133]"
3,28,47,27,0,713,"[1101 1102 1103 1104 1105 1106 1107 1108 1109 1110 1111 1112 1113 1114
 1115 1116 1117 1118 1119 1120 1121 1122 1123 1124 1125 1126 1127 1128
 1129 1130 1131 1132 1133]"
3,28,47,28,0,604,"[1100 1101 1102 1103 1104 1105 1106 1107 1108 1109 1110 1111 1112 1113
 1114 1115 1116 1117 1118 1119 1120 1121 1122 1123 1124 1125 1126 1127
 1128 1129 1130 1131 1132 1133]"
3,28,47,29,0,203,"[1099 1100 1101 1102 1103 1104 1105 1106 1107 1108 1109 1110 1111 1112
 1113 1114 1115 1116 1117 1118 1119 1120 1121 1122 1123 1124 1125 1126
 1127 1128 1129 1130 1131 1132 1133]"
3,28,47,30,0,91,"[1098 1099 1100 1101 1102 1103 1104 1105 1106 1107 1108 1109 1110 1111
 1112 1113 1114 1115 1116 1117 1118 1119 1120 1121 1122 1123 1124 1125
 1126 1127 1128 1129 1130 1131 1132 1133]"
3,28,47,31,0,21,"[1097 1098 1099 1100 1101 1102 1103 1104 1105 1106 1107 1108 1109 1110
 1111 1112 1113 1114 1115 1116 1117 1118 1119 1120 1121 1122 1123 1124
 1125 1126 1127 1128 1129 1130 1131 1132 1133]"
3,28,47,32,0,883,"[1096 1097 1098 1099 1100 1101 1102 1103 1104 1105 1106 1107 1108 1109
 1110 1111 1112 1113 1114 1115 1116 1117 1118 1119 1120 1121 1122 1123
 1124 1125 1126 1127 1128 1129 1130 1131 1132 1133]"
3,28,47,33,0,962,"[1095 1096 1097 1098 1099 1100 1101 1102 1103 1104 1105 1106 1107 1108
 1109 1110 1111 1112 1113 1114 1115 1116 1117 1118 1119 1120 1121 1122
 1123 1124 1125 1126 1127 1128 1129 1130 1131 1132 1133]"
3,28,47,34,0,979,"[1094 1095 1096 1097 1098 1099 1100 1101 1102 1103 1104 1105 1106 1107
 1108 1109 1110 1111 1112 1113 1114 1115 1116 1117 1118 1119 1120 1121
 1122 1123 1124 1125 1126 1127 1128 1129 1130 1131 1132 1133]"
3,28,47,35,0,846,"[1093 1094 1095 1096 1097 1098 1099 1100 1101 1102 1103 1104 1105 1106
 1107 1108 1109 1110 1111 1112 1113 1114 1115 1116 1117 1118 1119 1120
 1121 1122 1123 1124 1125 1126 1127 1128 1129 1130 1131 1132 1133]"
3,28,47,36,0,721,"[1092 1093 1094 1095 1096 1097 1098 1099 1100 1101 1102 1103 1104 1105
 1106 1107 1108 1109 1110 1111 1112 1113 1114 1115 1116 1117 1118 1119
 1120 1121 1122 1123 1124 1125 1126 1127 1128 1129 1130 1131 1132 1133]"
3,28,47,37,0,254,"[1091 1092 1093 1094 1095 1096 1097 1098 1099 1100 1101 1102 1103 1104
 1105 1106 1107 1108 1109 1110 1111 1112 1113 1114 1115 1116 1117 1118
 1119 1120 1121 1122 1123 1124 1125 1126 1127 1128 1129 1130 1131 1132
 1133]"
3,28,47,38,0,716,"[1090 1091 1092 1093 1094 1095 1096 1097 1098 1099 1100 1101 1102 1103
 1104 1105 1106 1107 1108 1109 1110 1111 1112 1113 1114 1115 1116 1117
 1118 1119 1120 1121 1122 1123 1124 1125 1126 1127 1128 1129 1130 1131
 1132 1133]"
3,28,47,39,0,234,"[1089 1090 1091 1092 1093 1094 1095 1096 1097 1098 1099 1100 1101 1102
 1103 1104 1105 1106 1107 1108 1109 1110 1111 1112 1113 1114 1115 1116
 1117 1118 1119 1120 1121 1122 1123 1124 1125 1126 1127 1128 1129 1130
 1131 1132 1133]"
3,28,47,40,0,376,"[1088 1089 1090 1091 1092 1093 1094 1095 1096 1097 1098 1099 1100 1101
 1102 1103 1104 1105 1106 1107 1108 1109 1110 1111 1112 1113 1114 1115
 1116 1117 1118 1119 1120 1121 1122 1123 1124 1125 1126 1127 1128 1129
 1130 1131 1132 1133]"
3,28,47,41,0,440,"[1087 1088 1089 1090 1091 1092 1093 1094 1095 1096 1097 1098 1099 1100
 1101 1102 1103 1104 1105 1106 1107 1108 1109 1110 1111 1112 1113 1114
 1115 1116 1117 1118 1119 1120 1121 1122 1123 1124 1125 1126 1127 1128
 1129 1130 1131 1132 1133]"
3,28,48,42,0,353,[]
3,28,48,43,0,77,[1133]
3,28,48,44,0,427,[1132 1133]
3,28,48,45,0,258,[1131 1132 1133]
3,28,48,46,0,340,[1130 1131 1132 1133]
3,28,48,47,0,919,[1129 1130 1131 1132 1133]
3,28,48,48,0,255,[1128 1129 1130 1131 1132 1133]
4,20,47,0,0,51,[1128 1129 1130 1131 1132 1133 1134 1135 1136 1137 1138 1139]
4,20,47,1,0,955,[1127 1128 1129 1130 1131 1132 1133 1134 1135 1136 1137 1138 1139]
4,20,47,2,0,105,[1126 1127 1128 1129 1130 1131 1132 1133 1134 1135 1136 1137 1138 1139]
4,20,47,3,0,274,"[1125 1126 1127 1128 1129 1130 1131 1132 1133 1134 1135 1136 1137 1138
 1139]"
4,20,47,4,0,245,"[1124 1125 1126 1127 1128 1129 1130 1131 1132 1133 1134 1135 1136 1137
 1138 1139]"
4,20,47,5,0,66,"[1123 1124 1125 1126 1127 1128 1129 1130 1131 1132 1133 1134 1135 1136
 1137 1138 1139]"
4,20,47,6,0,817,"[1122 1123 1124 1125 1126 1127 1128 1129 1130 1131 1132 1133 1134 1135
 1136 1137 1138 1139]"
4,20,47,7,0,449,"[1121 1122 1123 1124 1125 1126 1127 1128 1129 1130 1131 1132 1133 1134
 1135 1136 1137 1138 1139]"
4,20,47,8,0,638,"[1120 1121 1122 1123 1124 1125 1126 1127 1128 1129 1130 1131 1132 1133
 1134 1135 1136 1137 1138 1139]"
4,20,47,9,0,963,"[1119 1120 1121 1122 1123 1124 1125 1126 1127 1128 1129 1130 1131 1132
 1133 1134 1135 1136 1137 1138 1139]"
4,20,47,10,0,101,"[1118 1119 1120 1121 1122 1123 1124 1125 1126 1127 1128 1129 1130 1131
 1132 1133 1134 1135 1136 1137 1138 1139]"
4,20,47,11,0,900,"[1117 1118 1119 1120 1121 1122 1123 1124 1125 1126 1127 1128 1129 1130
 1131 1132 1133 1134 1135 1136 1137 1138 1139]"
4,20,47,12,0,806,"[1116 1117 1118 1119 1120 1121 1122 1123 1124 1125 1126 1127 1128 1129
 1130 1131 1132 1133 1134 1135 1136 1137 1138 1139]"
4,20,47,13,0,19,"[1115 1116 1117 1118 1119 1120 1121 1122 1123 1124 1125 1126 1127 1128
 1129 1130 1131 1132 1133 1134 1135 1136 1137 1138 1139]"
4,20,47,14,0,603,"[1114 1115 1116 1117 1118 1119 1120 1121 1122 1123 1124 1125 1126 1127
 1128 1129 1130 1131 1132 1133 1134 1135 1136 1137 1138 1139]"
4,20,47,15,0,223,"[1113 1114 1115 1116 1117 1118 1119 1120 1121 1122 1123 1124 1125 1126
 1127 1128 1129 1130 1131 1132 1133 1134 1135 1136 1137 1138 1139]"
4,20,47,16,0,850,"[1112 1113 1114 1115 1116 1117 1118 1119 1120 1121 1122 1123 1124 1125
 1126 1127 1128 1129 1130 1131 1132 1133 1134 1135 1136 1137 1138 1139]"
4,20,47,17,0,748,"[1111 1112 1113 1114 1115 1116 1117 1118 1119 1120 1121 1122 1123 1124
 1125 1126 1127 1128 1129 1130 1131 1132 1133 1134 1135 1136 1137 1138
 1139]"
4,20,47,18,0,396,"[1110 1111 1112 1113 1114 1115 1116 1117 1118 1119 1120 1121 1122 1123
 1124 1125 1126 1127 1128 1129 1130 1131 1132 1133 1134 1135 1136 1137
 1138 1139]"
4,20,47,19,0,153,"[1109 1110 1111 1112 1113 1114 1115 1116 1117 1118 1119 1120 1121 1122
 1123 1124 1125 1126 1127 1128 1129 1130 1131 1132 1133 1134 1135 1136
 1137 1138 1139]"
4,20,47,20,0,327,"[1108 1109 1110 1111 1112 1113 1114 1115 1116 1117 1118 1119 1120 1121
 1122 1123 1124 1125 1126 1127 1128 1129 1130 1131 1132 1133 1134 1135
 1136 1137 1138 1139]"
4,20,47,21,0,262,"[1107 1108 1109 1110 1111 1112 1113 1114 1115 1116 1117 1118 1119 1120
 1121 1122 1123 1124 1125 1126 1127 1128 1129 1130 1131 1132 1133 1134
 1135 1136 1137 1138 1139]"
4,20,47,22,0,538,"[1106 1107 1108 1109 1110 1111 1112 1113 1114 1115 1116 1117 1118 1119
 1120 1121 1122 1123 1124 1125 1126 1127 1128 1129 1130 1131 1132 1133
 1134 1135 1136 1137 1138 1139]"
4,20,47,23,0,46,"[1105 1106 1107 1108 1109 1110 1111 1112 1113 1114 1115 1116 1117 1118
 1119 1120 1121 1122 1123 1124 1125 1126 1127 1128 1129 1130 1131 1132
 1133 1134 1135 1136 1137 1138 1139]"
4,20,47,24,0,690,"[1104 1105 1106 1107 1108 1109 1110 1111 1112 1113 1114 1115 1116 1117
 1118 1119 1120 1121 1122 1123 1124 1125 1126 1127 1128 1129 1130 1131
 1132 1133 1134 1135 1136 1137 1138 1139]"
4,20,47,25,0,641,"[1103 1104 1105 1106 1107 1108 1109 1110 1111 1112 1113 1114 1115 1116
 1117 1118 1119 1120 1121 1122 1123 1124 1125 1126 1127 1128 1129 1130
 1131 1132 1133 1134 1135 1136 1137 1138 1139]"
4,20,47,26,0,122,"[1102 1103 1104 1105 1106 1107 1108 1109 1110 1111 1112 1113 1114 1115
 1116 1117 1118 1119 1120 1121 1122 1123 1124 1125 1126 1127 1128 1129
 1130 1131 1132 1133 1134 1135 1136 1137 1138 1139]"
4,20,47,27,0,204,"[1101 1102 1103 1104 1105 1106 1107 1108 1109 1110 1111 1112 1113 1114
 1115 1116 1117 1118 1119 1120 1121 1122 1123 1124 1125 1126 1127 1128
 1129 1130 1131 1132 1133 1134 1135 1136 1137 1138 1139]"
4,20,47,28,0,51,"[1100 1101 1102 1103 1104 1105 1106 1107 1108 1109 1110 1111 1112 1113
 1114 1115 1116 1117 1118 1119 1120 1121 1122 1123 1124 1125 1126 1127
 1128 1129 1130 1131 1132 1133 1134 1135 1136 1137 1138 1139]"
4,20,47,29,0,764,"[1099 1100 1101 1102 1103 1104 1105 1106 1107 1108 1109 1110 1111 1112
 1113 1114 1115 1116 1117 1118 1119 1120 1121 1122 1123 1124 1125 1126
 1127 1128 1129 1130 1131 1132 1133 1134 1135 1136 1137 1138 1139]"
4,20,47,30,0,630,"[1098 1099 1100 1101 1102 1103 1104 1105 1106 1107 1108 1109 1110 1111
 1112 1113 1114 1115 1116 1117 1118 1119 1120 1121 1122 1123 1124 1125
 1126 1127 1128 1129 1130 1131 1132 1133 1134 1135 1136 1137 1138 1139]"
4,20,47,31,0,569,"[1097 1098 1099 1100 1101 1102 1103 1104 1105 1106 1107 1108 1109 1110
 1111 1112 1113 1114 1115 1116 1117 1118 1119 1120 1121 1122 1123 1124
 1125 1126 1127 1128 1129 1130 1131 1132 1133 1134 1135 1136 1137 1138
 1139]"
4,20,47,32,0,848,"[1096 1097 1098 1099 1100 1101 1102 1103 1104 1105 1106 1107 1108 1109
 1110 1111 1112 1113 1114 1115 1116 1117 1118 1119 1120 1121 1122 1123
 1124 1125 1126 1127 1128 1129 1130 1131 1132 1133 1134 1135 1136 1137
 1138 1139]"
4,20,47,33,0,76,"[1095 1096 1097 1098 1099 1100 1101 1102 1103 1104 1105 1106 1107 1108
 1109 1110 1111 1112 1113 1114 1115 1116 1117 1118 1119 1120 1121 1122
 1123 1124 1125 1126 1127 1128 1129 1130 1131 1132 1133 1134 1135 1136
 1137 1138 1139]"
4,20,47,34,0,323,"[1094 1095 1096 1097 1098 1099 1100 1101 1102 1103 1104 1105 1106 1107
 1108 1109 1110 1111 1112 1113 1114 1115 1116 1117 1118 1119 1120 1121
 1122 1123 1124 1125 1126 1127 1128 1129 1130 1131 1132 1133 1134 1135
 1136 1137 1138 1139]"
4,20,47,35,0,858,"[1093 1094 1095 1096 1097 1098 1099 1100 1101 1102 1103 1104 1105 1106
 1107 1108 1109 1110 1111 1112 1113 1114 1115 1116 1117 1118 1119 1120
 1121 1122 1123 1124 1125 1126 1127 1128 1129 1130 1131 1132 1133 1134
 1135 1136 1137 1138 1139]"
4,20,48,36,0,153,[]
4,20,48,37,0,151,[1139]
4,20,48,38,0,200,[1138 1139]
4,20,48,39,0,978,[1137 1138 1139]
4,20,48,40,0,653,[1136 1137 1138 1139]
4,20,48,41,0,504,[1135 1136 1137 1138 1139]
4,20,48,42,0,663,[1134 1135 1136 1137 1138 1139]
4,20,48,43,0,564,[1133 1134 1135 1136 1137 1138 1139]
4,20,48,44,0,322,[1132 1133 1134 1135 1136 1137 1138 1139]
4,20,48,45,0,347,[1131 1132 1133 1134 1135 1136 1137 1138 1139]
4,20,48,46,0,764,[1130 1131 1132 1133 1134 1135 1136 1137 1138 1139]
4,20,48,47,0,718,[1129 1130 1131 1132 1133 1134 1135 1136 1137 1138 1139]
4,20,48,48,0,937,[1128 1129 1130 1131 1132 1133 1134 1135 1136 1137 1138 1139]
7,11,47,0,0,393,"[1128 1129 1130 1131 1132 1133 1134 1135 1136 1137 1138 1139 1140 1141
 1142 1143 1144 1145 1146 1147 1148 1149 1150 1151 1152 1153 1154]"
7,11,47,1,0,314,"[1127 1128 1129 1130 1131 1132 1133 1134 1135 1136 1137 1138 1139 1140
 1141 1142 1143 1144 1145 1146 1147 1148 1149 1150 1151 1152 1153 1154]"
7,11,47,2,0,731,"[1126 1127 1128 1129 1130 1131 1132 1133 1134 1135 1136 1137 1138 1139
 1140 1141 1142 1143 1144 1145 1146 1147 1148 1149 1150 1151 1152 1153
 1154]"
7,11,47,3,0,39,"[1125 1126 1127 1128 1129 1130 1131 1132 1133 1134 1135 1136 1137 1138
 1139 1140 1141 1142 1143 1144 1145 1146 1147 1148 1149 1150 1151 1152
 1153 1154]"
7,11,47,4,0,395,"[1124 1125 1126 1127 1128 1129 1130 1131 1132 1133 1134 1135 1136 1137
 1138 1139 1140 1141 1142 1143 1144 1145 1146 1147 1148 1149 1150 1151
 1152 1153 1154]"
7,11,47,5,0,493,"[1123 1124 1125 1126 1127 1128 1129 1130 1131 1132 1133 1134 1135 1136
 1137 1138 1139 1140 1141 1142 1143 1144 1145 1146 1147 1148 1149 1150
 1151 1152 1153 1154]"
7,11,47,6,0,135,"[1122 1123 1124 1125 1126 1127 1128 1129 1130 1131 1132 1133 1134 1135
 1136 1137 1138 1139 1140 1141 1142 1143 1144 1145 1146 1147 1148 1149
 1150 1151 1152 1153 1154]"
7,11,47,7,0,489,"[1121 1122 1123 1124 1125 1126 1127 1128 1129 1130 1131 1132 1133 1134
 1135 1136 1137 1138 1139 1140 1141 1142 1143 1144 1145 1146 1147 1148
 1149 1150 1151 1152 1153 1154]"
7,11,47,8,0,555,"[1120 1121 1122 1123 1124 1125 1126 1127 1128 1129 1130 1131 1132 1133
 1134 1135 1136 1137 1138 1139 1140 1141 1142 1143 1144 1145 1146 1147
 1148 1149 1150 1151 1152 1153 1154]"
7,11,47,9,0,195,"[1119 1120 1121 1122 1123 1124 1125 1126 1127 1128 1129 1130 1131 1132
 1133 1134 1135 1136 1137 1138 1139 1140 1141 1142 1143 1144 1145 1146
 1147 1148 1149 1150 1151 1152 1153 1154]"
7,11,47,10,0,967,"[1118 1119 1120 1121 1122 1123 1124 1125 1126 1127 1128 1129 1130 1131
 1132 1133 1134 1135 1136 1137 1138 1139 1140 1141 1142 1143 1144 1145
 1146 1147 1148 1149 1150 1151 1152 1153 1154]"
7,11,47,11,0,963,"[1117 1118 1119 1120 1121 1122 1123 1124 1125 1126 1127 1128 1129 1130
 1131 1132 1133 1134 1135 1136 1137 1138 1139 1140 1141 1142 1143 1144
 1145 1146 1147 1148 1149 1150 1151 1152 1153 1154]"
7,11,47,12,0,516,"[1116 1117 1118 1119 1120 1121 1122 1123 1124 1125 1126 1127 1128 1129
 1130 1131 1132 1133 1134 1135 1136 1137 1138 1139 1140 1141 1142 1143
 1144 1145 1146 1147 1148 1149 1150 1151 1152 1153 1154]"
7,11,47,13,0,862,"[1115 1116 1117 1118 1119 1120 1121 1122 1123 1124 1125 1126 1127 1128
 1129 1130 1131 1132 1133 1134 1135 1136 1137 1138 1139 1140 1141 1142
 1143 1144 1145 1146 1147 1148 1149 1150 1151 1152 1153 1154]"
7,11,47,14,0,589,"[1114 1115 1116 1117 1118 1119 1120 1121 1122 1123 1124 1125 1126 1127
 1128 1129 1130 1131 1132 1133 1134 1135 1136 1137 1138 1139 1140 1141
 1142 1143 1144 1145 1146 1147 1148 1149 1150 1151 1152 1153 1154]"
7,11,47,15,0,14,"[1113 1114 1115 1116 1117 1118 1119 1120 1121 1122 1123 1124 1125 1126
 1127 1128 1129 1130 1131 1132 1133 1134 1135 1136 1137 1138 1139 1140
 1141 1142 1143 1144 1145 1146 1147 1148 1149 1150 1151 1152 1153 1154]"
7,11,47,16,0,297,"[1112 1113 1114 1115 1116 1117 1118 1119 1120 1121 1122 1123 1124 1125
 1126 1127 1128 1129 1130 1131 1132 1133 1134 1135 1136 1137 1138 1139
 1140 1141 1142 1143 1144 1145 1146 1147 1148 1149 1150 1151 1152 1153
 1154]"
7,11,47,17,0,712,"[1111 1112 1113 1114 1115 1116 1117 1118 1119 1120 1121 1122 1123 1124
 1125 1126 1127 1128 1129 1130 1131 1132 1133 1134 1135 1136 1137 1138
 1139 1140 1141 1142 1143 1144 1145 1146 1147 1148 1149 1150 1151 1152
 1153 1154]"
7,11,47,18,0,340,"[1110 1111 1112 1113 1114 1115 1116 1117 1118 1119 1120 1121 1122 1123
 1124 1125 1126 1127 1128 1129 1130 1131 1132 1133 1134 1135 1136 1137
 1138 1139 1140 1141 1142 1143 1144 1145 1146 1147 1148 1149 1150 1151
 1152 1153 1154]"
7,11,47,19,0,712,"[1109 1110 1111 1112 1113 1114 1115 1116 1117 1118 1119 1120 1121 1122
 1123 1124 1125 1126 1127 1128 1129 1130 1131 1132 1133 1134 1135 1136
 1137 1138 1139 1140 1141 1142 1143 1144 1145 1146 1147 1148 1149 1150
 1151 1152 1153 1154]"
7,11,47,20,0,639,"[1108 1109 1110 1111 1112 1113 1114 1115 1116 1117 1118 1119 1120 1121
 1122 1123 1124 1125 1126 1127 1128 1129 1130 1131 1132 1133 1134 1135
 1136 1137 1138 1139 1140 1141 1142 1143 1144 1145 1146 1147 1148 1149
 1150 1151 1152 1153 1154]"
7,11,48,21,0,569,[]
7,11,48,22,0,51,[1154]
7,11,48,23,0,620,[1153 1154]
7,11,48,24,0,990,[1152 1153 1154]
7,11,48,25,0,478,[1151 1152 1153 1154]
7,11,48,26,0,941,[1150 1151 1152 1153 1154]
7,11,48,27,0,430,[1149 1150 1151 1152 1153 1154]
7,11,48,28,0,171,[1148 1149 1150 1151 1152 1153 1154]
7,11,48,29,0,824,[1147 1148 1149 1150 1151 1152 1153 1154]
7,11,48,30,0,869,[1146 1147 1148 1149 1150 1151 1152 1153 1154]
7,11,48,31,0,854,[1145 1146 1147 1148 1149 1150 1151 1152 1153 1154]
7,11,48,32,0,773,[1144 1145 1146 1147 1148 1149 1150 1151 1152 1153 1154]
7,11,48,33,0,518,[1143 1144 1145 1146 1147 1148 1149 1150 1151 1152 1153 1154]
7,11,48,34,0,472,[1142 1143 1144 1145 1146 1147 1148 1149 1150 1151 1152 1153 1154]
7,11,48,35,0,178,[1141 1142 1143 1144 1145 1146 1147 1148 1149 1150 1151 1152 1153 1154]
7,11,48,36,0,300,"[1140 1141 1142 1143 1144 1145 1146 1147 1148 1149 1150 1151 1152 1153
 1154]"
7,11,48,37,0,800,"[1139 1140 1141 1142 1143 1144 1145 1146 1147 1148 1149 1150 1151 1152
 1153 1154]"
7,11,48,38,0,448,"[1138 1139 1140 1141 1142 1143 1144 1145 1146 1147 1148 1149 1150 1151
 1152 1153 1154]"
7,11,48,39,0,156,"[1137 1138 1139 1140 1141 1142 1143 1144 1145 1146 1147 1148 1149 1150
 1151 1152 1153 1154]"
7,11,48,40,0,586,"[1136 1137 1138 1139 1140 1141 1142 1143 1144 1145 1146 1147 1148 1149
 1150 1151 1152 1153 1154]"
7,11,48,41,0,25,"[1135 1136 1137 1138 1139 1140 1141 1142 1143 1144 1145 1146 1147 1148
 1149 1150 1151 1152 1153 1154]"
7,11,48,42,0,208,"[1134 1135 1136 1137 1138 1139 1140 1141 1142 1143 1144 1145 1146 1147
 1148 1149 1150 1151 1152 1153 1154]"
7,11,48,43,0,758,"[1133 1134 1135 1136 1137 1138 1139 1140 1141 1142 1143 1144 1145 1146
 1147 1148 1149 1150 1151 1152 1153 1154]"
7,11,48,44,0,725,"[1132 1133 1134 1135 1136 1137 1138 1139 1140 1141 1142 1143 1144 1145
 1146 1147 1148 1149 1150 1151 1152 1153 1154]"
7,11,48,45,0,11,"[1131 1132 1133 1134 1135 1136 1137 1138 1139 1140 1141 1142 1143 1144
 1145 1146 1147 1148 1149 1150 1151 1152 1153 1154]"
7,11,48,46,0,33,"[1130 1131 1132 1133 1134 1135 1136 1137 1138 1139 1140 1141 1142 1143
 1144 1145 1146 1147 1148 1149 1150 1151 1152 1153 1154]"
7,11,48,47,0,60,"[1129 1130 1131 1132 1133 1134 1135 1136 1137 1138 1139 1140 1141 1142
 1143 1144 1145 1146 1147 1148 1149 1150 1151 1152 1153 1154]"
7,11,48,48,0,989,"[1128 1129 1130 1131 1132 1133 1134 1135 1136 1137 1138 1139 1140 1141
 1142 1143 1144 1145 1146 1147 1148 1149 1150 1151 1152 1153 1154]"
6,13,47,0,0,993,"[1128 1129 1130 1131 1132 1133 1134 1135 1136 1137 1138 1139 1140 1141
 1142 1143 1144 1145 1146 1147 1148 1149 1150 1151 1152 1153 1154 1155
 1156 1157 1158 1159 1160 1161 1162 1163 1164 1165 1166 1167 1168 1169]"
6,13,47,1,0,672,"[1127 1128 1129 1130 1131 1132 1133 1134 1135 1136 1137 1138 1139 1140
 1141 1142 1143 1144 1145 1146 1147 1148 1149 1150 1151 1152 1153 1154
 1155 1156 1157 1158 1159 1160 1161 1162 1163 1164 1165 1166 1167 1168
 1169]"
6,13,47,2,0,929,"[1126 1127 1128 1129 1130 1131 1132 1133 1134 1135 1136 1137 1138 1139
 1140 1141 1142 1143 1144 1145 1146 1147 1148 1149 1150 1151 1152 1153
 1154 1155 1156 1157 1158 1159 1160 1161 1162 1163 1164 1165 1166 1167
 1168 1169]"
6,13,47,3,0,427,"[1125 1126 1127 1128 1129 1130 1131 1132 1133 1134 1135 1136 1137 1138
 1139 1140 1141 1142 1143 1144 1145 1146 1147 1148 1149 1150 1151 1152
 1153 1154 1155 1156 1157 1158 1159 1160 1161 1162 1163 1164 1165 1166
 1167 1168 1169]"
6,13,47,4,0,943,"[1124 1125 1126 1127 1128 1129 1130 1131 1132 1133 1134 1135 1136 1137
 1138 1139 1140 1141 1142 1143 1144 1145 1146 1147 1148 1149 1150 1151
 1152 1153 1154 1155 1156 1157 1158 1159 1160 1161 1162 1163 1164 1165
 1166 1167 1168 1169]"
6,13,47,5,0,669,"[1123 1124 1125 1126 1127 1128 1129 1130 1131 1132 1133 1134 1135 1136
 1137 1138 1139 1140 1141 1142 1143 1144 1145 1146 1147 1148 1149 1150
 1151 1152 1153 1154 1155 1156 1157 1158 1159 1160 1161 1162 1163 1164
 1165 1166 1167 1168 1169]"
6,13,48,6,0,598,[]
6,13,48,7,0,378,[1169]
6,13,48,8,0,319,[1168 1169]
6,13,48,9,0,630,[1167 1168 1169]
6,13,48,10,0,947,[1166 1167 1168 1169]
6,13,48,11,0,112,[1165 1166 1167 1168 1169]
6,13,48,12,0,802,[1164 1165 1166 1167 1168 1169]
6,13,48,13,0,897,[1163 1164 1165 1166 1167 1168 1169]
6,13,48,14,0,948,[1162 1163 1164 1165 1166 1167 1168 1169]
6,13,48,15,0,747,[1161 1162 1163 1164 1165 1166 1167 1168 1169]
6,13,48,16,0,561,[1160 1161 1162 1163 1164 1165 1166 1167 1168 1169]
6,13,48,17,0,607,[1159 1160 1161 1162 1163 1164 1165 1166 1167 1168 1169]
6,13,48,18,0,182,[1158 1159 1160 1161 1162 1163 1164 1165 1166 1167 1168 1169]
6,13,48,19,0,748,[1157 1158 1159 1160 1161 1162 1163 1164 1165 1166 1167 1168 1169]
6,13,48,20,0,202,[1156 1157 1158 1159 1160 1161 1162 1163 1164 1165 1166 1167 1168 1169]
6,13,48,21,0,67,"[1155 1156 1157 1158 1159 1160 1161 1162 1163 1164 1165 1166 1167 1168
 1169]"
6,13,48,22,0,634,"[1154 1155 1156 1157 1158 1159 1160 1161 1162 1163 1164 1165 1166 1167
 1168 1169]"
6,13,48,23,0,385,"[1153 1154 1155 1156 1157 1158 1159 1160 1161 1162 1163 1164 1165 1166
 1167 1168 1169]"
6,13,48,24,0,22,"[1152 1153 1154 1155 1156 1157 1158 1159 1160 1161 1162 1163 1164 1165
 1166 1167 1168 1169]"
6,13,48,25,0,105,"[1151 1152 1153 1154 1155 1156 1157 1158 1159 1160 1161 1162 1163 1164
 1165 1166 1167 1168 1169]"
6,13,48,26,0,915,"[1150 1151 1152 1153 1154 1155 1156 1157 1158 1159 1160 1161 1162 1163
 1164 1165 1166 1167 1168 1169]"
6,13,48,27,0,537,"[1149 1150 1151 1152 1153 1154 1155 1156 1157 1158 1159 1160 1161 1162
 1163 1164 1165 1166 1167 1168 1169]"
6,13,48,28,0,902,"[1148 1149 1150 1151 1152 1153 1154 1155 1156 1157 1158 1159 1160 1161
 1162 1163 1164 1165 1166 1167 1168 1169]"
6,13,48,29,0,24,"[1147 1148 1149 1150 1151 1152 1153 1154 1155 1156 1157 1158 1159 1160
 1161 1162 1163 1164 1165 1166 1167 1168 1169]"
6,13,48,30,0,569,"[1146 1147 1148 1149 1150 1151 1152 1153 1154 1155 1156 1157 1158 1159
 1160 1161 1162 1163 1164 1165 1166 1167 1168 1169]"
6,13,48,31,0,110,"[1145 1146 1147 1148 1149 1150 1151 1152 1153 1154 1155 1156 1157 1158
 1159 1160 1161 1162 1163 1164 1165 1166 1167 1168 1169]"
6,13,48,32,0,690,"[1144 1145 1146 1147 1148 1149 1150 1151 1152 1153 1154 1155 1156 1157
 1158 1159 1160 1161 1162 1163 1164 1165 1166 1167 1168 1169]"
6,13,48,33,0,64,"[1143 1144 1145 1146 1147 1148 1149 1150 1151 1152 1153 1154 1155 1156
 1157 1158 1159 1160 1161 1162 1163 1164 1165 1166 1167 1168 1169]"
6,13,48,34,0,263,"[1142 1143 1144 1145 1146 1147 1148 1149 1150 1151 1152 1153 1154 1155
 1156 1157 1158 1159 1160 1161 1162 1163 1164 1165 1166 1167 1168 1169]"
6,13,48,35,0,872,"[1141 1142 1143 1144 1145 1146 1147 1148 1149 1150 1151 1152 1153 1154
 1155 1156 1157 1158 1159 1160 1161 1162 1163 1164 1165 1166 1167 1168
 1169]"
6,13,48,36,0,631,"[1140 1141 1142 1143 1144 1145 1146 1147 1148 1149 1150 1151 1152 1153
 1154 1155 1156 1157 1158 1159 1160 1161 1162 1163 1164 1165 1166 1167
 1168 1169]"
6,13,48,37,0,628,"[1139 1140 1141 1142 1143 1144 1145 1146 1147 1148 1149 1150 1151 1152
 1153 1154 1155 1156 1157 1158 1159 1160 1161 1162 1163 1164 1165 1166
 1167 1168 1169]"
6,13,48,38,0,729,"[1138 1139 1140 1141 1142 1143 1144 1145 1146 1147 1148 1149 1150 1151
 1152 1153 1154 1155 1156 1157 1158 1159 1160 1161 1162 1163 1164 1165
 1166 1167 1168 1169]"
6,13,48,39,0,275,"[1137 1138 1139 1140 1141 1142 1143 1144 1145 1146 1147 1148 1149 1150
 1151 1152 1153 1154 1155 1156 1157 1158 1159 1160 1161 1162 1163 1164
 1165 1166 1167 1168 1169]"
6,13,48,40,0,529,"[1136 1137 1138 1139 1140 1141 1142 1143 1144 1145 1146 1147 1148 1149
 1150 1151 1152 1153 1154 1155 1156 1157 1158 1159 1160 1161 1162 1163
 1164 1165 1166 1167 1168 1169]"
6,13,48,41,0,860,"[1135 1136 1137 1138 1139 1140 1141 1142 1143 1144 1145 1146 1147 1148
 1149 1150 1151 1152 1153 1154 1155 1156 1157 1158 1159 1160 1161 1162
 1163 1164 1165 1166 1167 1168 1169]"
6,13,48,42,0,498,"[1134 1135 1136 1137 1138 1139 1140 1141 1142 1143 1144 1145 1146 1147
 1148 1149 1150 1151 1152 1153 1154 1155 1156 1157 1158 1159 1160 1161
 1162 1163 1164 1165 1166 1167 1168 1169]"
6,13,48,43,0,401,"[1133 1134 1135 1136 1137 1138 1139 1140 1141 1142 1143 1144 1145 1146
 1147 1148 1149 1150 1151 1152 1153 1154 1155 1156 1157 1158 1159 1160
 1161 1162 1163 1164 1165 1166 1167 1168 1169]"
6,13,48,44,0,678,"[1132 1133 1134 1135 1136 1137 1138 1139 1140 1141 1142 1143 1144 1145
 1146 1147 1148 1149 1150 1151 1152 1153 1154 1155 1156 1157 1158 1159
 1160 1161 1162 1163 1164 1165 1166 1167 1168 1169]"
6,13,48,45,0,902,"[1131 1132 1133 1134 1135 1136 1137 1138 1139 1140 1141 1142 1143 1144
 1145 1146 1147 1148 1149 1150 1151 1152 1153 1154 1155 1156 1157 1158
 1159 1160 1161 1162 1163 1164 1165 1166 1167 1168 1169]"
6,13,48,46,0,378,"[1130 1131 1132 1133 1134 1135 1136 1137 1138 1139 1140 1141 1142 1143
 1144 1145 1146 1147 1148 1149 1150 1151 1152 1153 1154 1155 1156 1157
 1158 1159 1160 1161 1162 1163 1164 1165 1166 1167 1168 1169]"
6,13,48,47,0,136,"[1129 1130 1131 1132 1133 1134 1135 1136 1137 1138 1139 1140 1141 1142
 1143 1144 1145 1146 1147 1148 1149 1150 1151 1152 1153 1154 1155 1156
 1157 1158 1159 1160 1161 1162 1163 1164 1165 1166 1167 1168 1169]"
6,13,48,48,0,261,"[1128 1129 1130 1131 1132 1133 1134 1135 1136 1137 1138 1139 1140 1141
 1142 1143 1144 1145 1146 1147 1148 1149 1150 1151 1152 1153 1154 1155
 1156 1157 1158 1159 1160 1161 1162 1163 1164 1165 1166 1167 1168 1169]"
5,16,48,0,0,682,"[1176 1177 1178 1179 1180 1181 1182 1183 1184 1185 1186 1187 1188 1189
 1190 1191 1192 1193 1194 1195 1196 1197 1198 1199]"
5,16,48,1,0,752,"[1175 1176 1177 1178 1179 1180 1181 1182 1183 1184 1185 1186 1187 1188
 1189 1190 1191 1192 1193 1194 1195 1196 1197 1198 1199]"
5,16,48,2,0,754,"[1174 1175 1176 1177 1178 1179 1180 1181 1182 1183 1184 1185 1186 1187
 1188 1189 1190 1191 1192 1193 1194 1195 1196 1197 1198 1199]"
5,16,48,3,0,733,"[1173 1174 1175 1176 1177 1178 1179 1180 1181 1182 1183 1184 1185 1186
 1187 1188 1189 1190 1191 1192 1193 1194 1195 1196 1197 1198 1199]"
5,16,48,4,0,22,"[1172 1173 1174 1175 1176 1177 1178 1179 1180 1181 1182 1183 1184 1185
 1186 1187 1188 1189 1190 1191 1192 1193 1194 1195 1196 1197 1198 1199]"
5,16,48,5,0,54,"[1171 1172 1173 1174 1175 1176 1177 1178 1179 1180 1181 1182 1183 1184
 1185 1186 1187 1188 1189 1190 1191 1192 1193 1194 1195 1196 1197 1198
 1199]"
5,16,48,6,0,753,"[1170 1171 1172 1173 1174 1175 1176 1177 1178 1179 1180 1181 1182 1183
 1184 1185 1186 1187 1188 1189 1190 1191 1192 1193 1194 1195 1196 1197
 1198 1199]"
5,16,48,7,0,176,"[1169 1170 1171 1172 1173 1174 1175 1176 1177 1178 1179 1180 1181 1182
 1183 1184 1185 1186 1187 1188 1189 1190 1191 1192 1193 1194 1195 1196
 1197 1198 1199]"
5,16,48,8,0,731,"[1168 1169 1170 1171 1172 1173 1174 1175 1176 1177 1178 1179 1180 1181
 1182 1183 1184 1185 1186 1187 1188 1189 1190 1191 1192 1193 1194 1195
 1196 1197 1198 1199]"
5,16,48,9,0,491,"[1167 1168 1169 1170 1171 1172 1173 1174 1175 1176 1177 1178 1179 1180
 1181 1182 1183 1184 1185 1186 1187 1188 1189 1190 1191 1192 1193 1194
 1195 1196 1197 1198 1199]"
5,16,48,10,0,114,"[1166 1167 1168 1169 1170 1171 1172 1173 1174 1175 1176 1177 1178 1179
 1180 1181 1182 1183 1184 1185 1186 1187 1188 1189 1190 1191 1192 1193
 1194 1195 1196 1197 1198 1199]"
5,16,48,11,0,407,"[1165 1166 1167 1168 1169 1170 1171 1172 1173 1174 1175 1176 1177 1178
 1179 1180 1181 1182 1183 1184 1185 1186 1187 1188 1189 1190 1191 1192
 1193 1194 1195 1196 1197 1198 1199]"
5,16,48,12,0,774,"[1164 1165 1166 1167 1168 1169 1170 1171 1172 1173 1174 1175 1176 1177
 1178 1179 1180 1181 1182 1183 1184 1185 1186 1187 1188 1189 1190 1191
 1192 1193 1194 1195 1196 1197 1198 1199]"
5,16,48,13,0,642,"[1163 1164 1165 1166 1167 1168 1169 1170 1171 1172 1173 1174 1175 1176
 1177 1178 1179 1180 1181 1182 1183 1184 1185 1186 1187 1188 1189 1190
 1191 1192 1193 1194 1195 1196 1197 1198 1199]"
5,16,48,14,0,261,"[1162 1163 1164 1165 1166 1167 1168 1169 1170 1171 1172 1173 1174 1175
 1176 1177 1178 1179 1180 1181 1182 1183 1184 1185 1186 1187 1188 1189
 1190 1191 1192 1193 1194 1195 1196 1197 1198 1199]"
5,16,48,15,0,830,"[1161 1162 1163 1164 1165 1166 1167 1168 1169 1170 1171 1172 1173 1174
 1175 1176 1177 1178 1179 1180 1181 1182 1183 1184 1185 1186 1187 1188
 1189 1190 1191 1192 1193 1194 1195 1196 1197 1198 1199]"
5,16,48,16,0,51,"[1160 1161 1162 1163 1164 1165 1166 1167 1168 1169 1170 1171 1172 1173
 1174 1175 1176 1177 1178 1179 1180 1181 1182 1183 1184 1185 1186 1187
 1188 1189 1190 1191 1192 1193 1194 1195 1196 1197 1198 1199]"
5,16,48,17,0,358,"[1159 1160 1161 1162 1163 1164 1165 1166 1167 1168 1169 1170 1171 1172
 1173 1174 1175 1176 1177 1178 1179 1180 1181 1182 1183 1184 1185 1186
 1187 1188 1189 1190 1191 1192 1193 1194 1195 1196 1197 1198 1199]"
5,16,48,18,0,541,"[1158 1159 1160 1161 1162 1163 1164 1165 1166 1167 1168 1169 1170 1171
 1172 1173 1174 1175 1176 1177 1178 1179 1180 1181 1182 1183 1184 1185
 1186 1187 1188 1189 1190 1191 1192 1193 1194 1195 1196 1197 1198 1199]"
5,16,48,19,0,683,"[1157 1158 1159 1160 1161 1162 1163 1164 1165 1166 1167 1168 1169 1170
 1171 1172 1173 1174 1175 1176 1177 1178 1179 1180 1181 1182 1183 1184
 1185 1186 1187 1188 1189 1190 1191 1192 1193 1194 1195 1196 1197 1198
 1199]"
5,16,48,20,0,311,"[1156 1157 1158 1159 1160 1161 1162 1163 1164 1165 1166 1167 1168 1169
 1170 1171 1172 1173 1174 1175 1176 1177 1178 1179 1180 1181 1182 1183
 1184 1185 1186 1187 1188 1189 1190 1191 1192 1193 1194 1195 1196 1197
 1198 1199]"
5,16,48,21,0,939,"[1155 1156 1157 1158 1159 1160 1161 1162 1163 1164 1165 1166 1167 1168
 1169 1170 1171 1172 1173 1174 1175 1176 1177 1178 1179 1180 1181 1182
 1183 1184 1185 1186 1187 1188 1189 1190 1191 1192 1193 1194 1195 1196
 1197 1198 1199]"
5,16,48,22,0,208,"[1154 1155 1156 1157 1158 1159 1160 1161 1162 1163 1164 1165 1166 1167
 1168 1169 1170 1171 1172 1173 1174 1175 1176 1177 1178 1179 1180 1181
 1182 1183 1184 1185 1186 1187 1188 1189 1190 1191 1192 1193 1194 1195
 1196 1197 1198 1199]"
5,16,48,23,0,575,"[1153 1154 1155 1156 1157 1158 1159 1160 1161 1162 1163 1164 1165 1166
 1167 1168 1169 1170 1171 1172 1173 1174 1175 1176 1177 1178 1179 1180
 1181 1182 1183 1184 1185 1186 1187 1188 1189 1190 1191 1192 1193 1194
 1195 1196 1197 1198 1199]"
5,16,48,24,0,239,"[1152 1153 1154 1155 1156 1157 1158 1159 1160 1161 1162 1163 1164 1165
 1166 1167 1168 1169 1170 1171 1172 1173 1174 1175 1176 1177 1178 1179
 1180 1181 1182 1183 1184 1185 1186 1187 1188 1189 1190 1191 1192 1193
 1194 1195 1196 1197 1198 1199]"
5,16,49,25,0,773,[]
5,16,49,26,0,930,[1199]
5,16,49,27,0,930,[1198 1199]
5,16,49,28,0,272,[1197 1198 1199]
5,16,49,29,0,283,[1196 1197 1198 1199]
5,16,49,30,0,630,[1195 1196 1197 1198 1199]
5,16,49,31,0,541,[1194 1195 1196 1197 1198 1199]
5,16,49,32,0,704,[1193 1194 1195 1196 1197 1198 1199]
5,16,49,33,0,179,[1192 1193 1194 1195 1196 1197 1198 1199]
5,16,49,34,0,525,[1191 1192 1193 1194 1195 1196 1197 1198 1199]
5,16,49,35,0,804,[1190 1191 1192 1193 1194 1195 1196 1197 1198 1199]
5,16,49,36,0,260,[1189 1190 1191 1192 1193 1194 1195 1196 1197 1198 1199]
5,16,49,37,0,257,[1188 1189 1190 1191 1192 1193 1194 1195 1196 1197 1198 1199]
5,16,49,38,0,191,[1187 1188 1189 1190 1191 1192 1193 1194 1195 1196 1197 1198 1199]
5,16,49,39,0,31,[1186 1187 1188 1189 1190 1191 1192 1193 1194 1195 1196 1197 1198 1199]
5,16,49,40,0,120,"[1185 1186 1187 1188 1189 1190 1191 1192 1193 1194 1195 1196 1197 1198
 1199]"
5,16,49,41,0,168,"[1184 1185 1186 1187 1188 1189 1190 1191 1192 1193 1194 1195 1196 1197
 1198 1199]"
5,16,49,42,0,227,"[1183 1184 1185 1186 1187 1188 1189 1190 1191 1192 1193 1194 1195 1196
 1197 1198 1199]"
5,16,49,43,0,722,"[1182 1183 1184 1185 1186 1187 1188 1189 1190 1191 1192 1193 1194 1195
 1196 1197 1198 1199]"
5,16,49,44,0,854,"[1181 1182 1183 1184 1185 1186 1187 1188 1189 1190 1191 1192 1193 1194
 1195 1196 1197 1198 1199]"
5,16,49,45,0,404,"[1180 1181 1182 1183 1184 1185 1186 1187 1188 1189 1190 1191 1192 1193
 1194 1195 1196 1197 1198 1199]"
5,16,49,46,0,568,"[1179 1180 1181 1182 1183 1184 1185 1186 1187 1188 1189 1190 1191 1192
 1193 1194 1195 1196 1197 1198 1199]"
5,16,49,47,0,118,"[1178 1179 1180 1181 1182 1183 1184 1185 1186 1187 1188 1189 1190 1191
 1192 1193 1194 1195 1196 1197 1198 1199]"
5,16,49,48,0,443,"[1177 1178 1179 1180 1181 1182 1183 1184 1185 1186 1187 1188 1189 1190
 1191 1192 1193 1194 1195 1196 1197 1198 1199]"
5,16,49,49,0,345,"[1176 1177 1178 1179 1180 1181 1182 1183 1184 1185 1186 1187 1188 1189
 1190 1191 1192 1193 1194 1195 1196 1197 1198 1199]"
4,21,49,0,0,804,"[1225 1226 1227 1228 1229 1230 1231 1232 1233 1234 1235 1236 1237 1238
 1239 1240 1241 1242 1243 1244 1245 1246 1247 1248 1249 1250 1251 1252
 1253 1254 1255 1256 1257 1258 1259]"
4,21,49,1,0,567,"[1224 1225 1226 1227 1228 1229 1230 1231 1232 1233 1234 1235 1236 1237
 1238 1239 1240 1241 1242 1243 1244 1245 1246 1247 1248 1249 1250 1251
 1252 1253 1254 1255 1256 1257 1258 1259]"
4,21,49,2,0,857,"[1223 1224 1225 1226 1227 1228 1229 1230 1231 1232 1233 1234 1235 1236
 1237 1238 1239 1240 1241 1242 1243 1244 1245 1246 1247 1248 1249 1250
 1251 1252 1253 1254 1255 1256 1257 1258 1259]"
4,21,49,3,0,673,"[1222 1223 1224 1225 1226 1227 1228 1229 1230 1231 1232 1233 1234 1235
 1236 1237 1238 1239 1240 1241 1242 1243 1244 1245 1246 1247 1248 1249
 1250 1251 1252 1253 1254 1255 1256 1257 1258 1259]"
4,21,49,4,0,509,"[1221 1222 1223 1224 1225 1226 1227 1228 1229 1230 1231 1232 1233 1234
 1235 1236 1237 1238 1239 1240 1241 1242 1243 1244 1245 1246 1247 1248
 1249 1250 1251 1252 1253 1254 1255 1256 1257 1258 1259]"
4,21,49,5,0,275,"[1220 1221 1222 1223 1224 1225 1226 1227 1228 1229 1230 1231 1232 1233
 1234 1235 1236 1237 1238 1239 1240 1241 1242 1243 1244 1245 1246 1247
 1248 1249 1250 1251 1252 1253 1254 1255 1256 1257 1258 1259]"
4,21,49,6,0,188,"[1219 1220 1221 1222 1223 1224 1225 1226 1227 1228 1229 1230 1231 1232
 1233 1234 1235 1236 1237 1238 1239 1240 1241 1242 1243 1244 1245 1246
 1247 1248 1249 1250 1251 1252 1253 1254 1255 1256 1257 1258 1259]"
4,21,49,7,0,266,"[1218 1219 1220 1221 1222 1223 1224 1225 1226 1227 1228 1229 1230 1231
 1232 1233 1234 1235 1236 1237 1238 1239 1240 1241 1242 1243 1244 1245
 1246 1247 1248 1249 1250 1251 1252 1253 1254 1255 1256 1257 1258 1259]"
4,21,49,8,0,102,"[1217 1218 1219 1220 1221 1222 1223 1224 1225 1226 1227 1228 1229 1230
 1231 1232 1233 1234 1235 1236 1237 1238 1239 1240 1241 1242 1243 1244
 1245 1246 1247 1248 1249 1250 1251 1252 1253 1254 1255 1256 1257 1258
 1259]"
4,21,49,9,0,603,"[1216 1217 1218 1219 1220 1221 1222 1223 1224 1225 1226 1227 1228 1229
 1230 1231 1232 1233 1234 1235 1236 1237 1238 1239 1240 1241 1242 1243
 1244 1245 1246 1247 1248 1249 1250 1251 1252 1253 1254 1255 1256 1257
 1258 1259]"
4,21,49,10,0,935,"[1215 1216 1217 1218 1219 1220 1221 1222 1223 1224 1225 1226 1227 1228
 1229 1230 1231 1232 1233 1234 1235 1236 1237 1238 1239 1240 1241 1242
 1243 1244 1245 1246 1247 1248 1249 1250 1251 1252 1253 1254 1255 1256
 1257 1258 1259]"
4,21,49,11,0,110,"[1214 1215 1216 1217 1218 1219 1220 1221 1222 1223 1224 1225 1226 1227
 1228 1229 1230 1231 1232 1233 1234 1235 1236 1237 1238 1239 1240 1241
 1242 1243 1244 1245 1246 1247 1248 1249 1250 1251 1252 1253 1254 1255
 1256 1257 1258 1259]"
4,21,49,12,0,541,"[1213 1214 1215 1216 1217 1218 1219 1220 1221 1222 1223 1224 1225 1226
 1227 1228 1229 1230 1231 1232 1233 1234 1235 1236 1237 1238 1239 1240
 1241 1242 1243 1244 1245 1246 1247 1248 1249 1250 1251 1252 1253 1254
 1255 1256 1257 1258 1259]"
4,21,49,13,0,744,"[1212 1213 1214 1215 1216 1217 1218 1219 1220 1221 1222 1223 1224 1225
 1226 1227 1228 1229 1230 1231 1232 1233 1234 1235 1236 1237 1238 1239
 1240 1241 1242 1243 1244 1245 1246 1247 1248 1249 1250 1251 1252 1253
 1254 1255 1256 1257 1258 1259]"
4,21,49,14,0,541,"[1211 1212 1213 1214 1215 1216 1217 1218 1219 1220 1221 1222 1223 1224
 1225 1226 1227 1228 1229 1230 1231 1232 1233 1234 1235 1236 1237 1238
 1239 1240 1241 1242 1243 1244 1245 1246 1247 1248 1249 1250 1251 1252
 1253 1254 1255 1256 1257 1258 1259]"
4,21,50,15,0,609,[]
4,21,50,16,0,81,[1259]
4,21,50,17,0,89,[1258 1259]
4,21,50,18,0,172,[1257 1258 1259]
4,21,50,19,0,521,[1256 1257 1258 1259]
4,21,50,20,0,985,[1255 1256 1257 1258 1259]
4,21,50,21,0,681,[1254 1255 1256 1257 1258 1259]
4,21,50,22,0,171,[1253 1254 1255 1256 1257 1258 1259]
4,21,50,23,0,197,[1252 1253 1254 1255 1256 1257 1258 1259]
4,21,50,24,0,344,[1251 1252 1253 1254 1255 1256 1257 1258 1259]
4,21,50,25,0,509,[1250 1251 1252 1253 1254 1255 1256 1257 1258 1259]
4,21,50,26,0,391,[1249 1250 1251 1252 1253 1254 1255 1256 1257 1258 1259]
4,21,50,27,0,670,[1248 1249 1250 1251 1252 1253 1254 1255 1256 1257 1258 1259]
4,21,50,28,0,721,[1247 1248 1249 1250 1251 1252 1253 1254 1255 1256 1257 1258 1259]
4,21,50,29,0,962,[1246 1247 1248 1249 1250 1251 1252 1253 1254 1255 1256 1257 1258 1259]
4,21,50,30,0,114,"[1245 1246 1247 1248 1249 1250 1251 1252 1253 1254 1255 1256 1257 1258
 1259]"
4,21,50,31,0,983,"[1244 1245 1246 1247 1248 1249 1250 1251 1252 1253 1254 1255 1256 1257
 1258 1259]"
4,21,50,32,0,42,"[1243 1244 1245 1246 1247 1248 1249 1250 1251 1252 1253 1254 1255 1256
 1257 1258 1259]"
4,21,50,33,0,390,"[1242 1243 1244 1245 1246 1247 1248 1249 1250 1251 1252 1253 1254 1255
 1256 1257 1258 1259]"
4,21,50,34,0,910,"[1241 1242 1243 1244 1245 1246 1247 1248 1249 1250 1251 1252 1253 1254
 1255 1256 1257 1258 1259]"
4,21,50,35,0,390,"[1240 1241 1242 1243 1244 1245 1246 1247 1248 1249 1250 1251 1252 1253
 1254 1255 1256 1257 1258 1259]"
4,21,50,36,0,916,"[1239 1240 1241 1242 1243 1244 1245 1246 1247 1248 1249 1250 1251 1252
 1253 1254 1255 1256 1257 1258 1259]"
4,21,50,37,0,169,"[1238 1239 1240 1241 1242 1243 1244 1245 1246 1247 1248 1249 1250 1251
 1252 1253 1254 1255 1256 1257 1258 1259]"
4,21,50,38,0,354,"[1237 1238 1239 1240 1241 1242 1243 1244 1245 1246 1247 1248 1249 1250
 1251 1252 1253 1254 1255 1256 1257 1258 1259]"
4,21,50,39,0,147,"[1236 1237 1238 1239 1240 1241 1242 1243 1244 1245 1246 1247 1248 1249
 1250 1251 1252 1253 1254 1255 1256 1257 1258 1259]"
4,21,50,40,0,115,"[1235 1236 1237 1238 1239 1240 1241 1242 1243 1244 1245 1246 1247 1248
 1249 1250 1251 1252 1253 1254 1255 1256 1257 1258 1259]"
4,21,50,41,0,103,"[1234 1235 1236 1237 1238 1239 1240 1241 1242 1243 1244 1245 1246 1247
 1248 1249 1250 1251 1252 1253 1254 1255 1256 1257 1258 1259]"
4,21,50,42,0,115,"[1233 1234 1235 1236 1237 1238 1239 1240 1241 1242 1243 1244 1245 1246
 1247 1248 1249 1250 1251 1252 1253 1254 1255 1256 1257 1258 1259]"
4,21,50,43,0,561,"[1232 1233 1234 1235 1236 1237 1238 1239 1240 1241 1242 1243 1244 1245
 1246 1247 1248 1249 1250 1251 1252 1253 1254 1255 1256 1257 1258 1259]"
4,21,50,44,0,326,"[1231 1232 1233 1234 1235 1236 1237 1238 1239 1240 1241 1242 1243 1244
 1245 1246 1247 1248 1249 1250 1251 1252 1253 1254 1255 1256 1257 1258
 1259]"
4,21,50,45,0,325,"[1230 1231 1232 1233 1234 1235 1236 1237 1238 1239 1240 1241 1242 1243
 1244 1245 1246 1247 1248 1249 1250 1251 1252 1253 1254 1255 1256 1257
 1258 1259]"
4,21,50,46,0,269,"[1229 1230 1231 1232 1233 1234 1235 1236 1237 1238 1239 1240 1241 1242
 1243 1244 1245 1246 1247 1248 1249 1250 1251 1252 1253 1254 1255 1256
 1257 1258 1259]"
4,21,50,47,0,521,"[1228 1229 1230 1231 1232 1233 1234 1235 1236 1237 1238 1239 1240 1241
 1242 1243 1244 1245 1246 1247 1248 1249 1250 1251 1252 1253 1254 1255
 1256 1257 1258 1259]"
4,21,50,48,0,327,"[1227 1228 1229 1230 1231 1232 1233 1234 1235 1236 1237 1238 1239 1240
 1241 1242 1243 1244 1245 1246 1247 1248 1249 1250 1251 1252 1253 1254
 1255 1256 1257 1258 1259]"
4,21,50,49,0,261,"[1226 1227 1228 1229 1230 1231 1232 1233 1234 1235 1236 1237 1238 1239
 1240 1241 1242 1243 1244 1245 1246 1247 1248 1249 1250 1251 1252 1253
 1254 1255 1256 1257 1258 1259]"
4,21,50,50,0,643,"[1225 1226 1227 1228 1229 1230 1231 1232 1233 1234 1235 1236 1237 1238
 1239 1240 1241 1242 1243 1244 1245 1246 1247 1248 1249 1250 1251 1252
 1253 1254 1255 1256 1257 1258 1259]"
8,10,49,0,0,923,"[1225 1226 1227 1228 1229 1230 1231 1232 1233 1234 1235 1236 1237 1238
 1239 1240 1241 1242 1243 1244 1245 1246 1247 1248 1249 1250 1251 1252
 1253 1254 1255 1256 1257 1258 1259]"
8,10,49,1,0,411,"[1224 1225 1226 1227 1228 1229 1230 1231 1232 1233 1234 1235 1236 1237
 1238 1239 1240 1241 1242 1243 1244 1245 1246 1247 1248 1249 1250 1251
 1252 1253 1254 1255 1256 1257 1258 1259]"
8,10,49,2,0,153,"[1223 1224 1225 1226 1227 1228 1229 1230 1231 1232 1233 1234 1235 1236
 1237 1238 1239 1240 1241 1242 1243 1244 1245 1246 1247 1248 1249 1250
 1251 1252 1253 1254 1255 1256 1257 1258 1259]"
8,10,49,3,0,882,"[1222 1223 1224 1225 1226 1227 1228 1229 1230 1231 1232 1233 1234 1235
 1236 1237 1238 1239 1240 1241 1242 1243 1244 1245 1246 1247 1248 1249
 1250 1251 1252 1253 1254 1255 1256 1257 1258 1259]"
8,10,49,4,0,348,"[1221 1222 1223 1224 1225 1226 1227 1228 1229 1230 1231 1232 1233 1234
 1235 1236 1237 1238 1239 1240 1241 1242 1243 1244 1245 1246 1247 1248
 1249 1250 1251 1252 1253 1254 1255 1256 1257 1258 1259]"
8,10,49,5,0,560,"[1220 1221 1222 1223 1224 1225 1226 1227 1228 1229 1230 1231 1232 1233
 1234 1235 1236 1237 1238 1239 1240 1241 1242 1243 1244 1245 1246 1247
 1248 1249 1250 1251 1252 1253 1254 1255 1256 1257 1258 1259]"
8,10,49,6,0,112,"[1219 1220 1221 1222 1223 1224 1225 1226 1227 1228 1229 1230 1231 1232
 1233 1234 1235 1236 1237 1238 1239 1240 1241 1242 1243 1244 1245 1246
 1247 1248 1249 1250 1251 1252 1253 1254 1255 1256 1257 1258 1259]"
8,10,49,7,0,511,"[1218 1219 1220 1221 1222 1223 1224 1225 1226 1227 1228 1229 1230 1231
 1232 1233 1234 1235 1236 1237 1238 1239 1240 1241 1242 1243 1244 1245
 1246 1247 1248 1249 1250 1251 1252 1253 1254 1255 1256 1257 1258 1259]"
8,10,49,8,0,835,"[1217 1218 1219 1220 1221 1222 1223 1224 1225 1226 1227 1228 1229 1230
 1231 1232 1233 1234 1235 1236 1237 1238 1239 1240 1241 1242 1243 1244
 1245 1246 1247 1248 1249 1250 1251 1252 1253 1254 1255 1256 1257 1258
 1259]"
8,10,49,9,0,291,"[1216 1217 1218 1219 1220 1221 1222 1223 1224 1225 1226 1227 1228 1229
 1230 1231 1232 1233 1234 1235 1236 1237 1238 1239 1240 1241 1242 1243
 1244 1245 1246 1247 1248 1249 1250 1251 1252 1253 1254 1255 1256 1257
 1258 1259]"
8,10,49,10,0,391,"[1215 1216 1217 1218 1219 1220 1221 1222 1223 1224 1225 1226 1227 1228
 1229 1230 1231 1232 1233 1234 1235 1236 1237 1238 1239 1240 1241 1242
 1243 1244 1245 1246 1247 1248 1249 1250 1251 1252 1253 1254 1255 1256
 1257 1258 1259]"
8,10,49,11,0,864,"[1214 1215 1216 1217 1218 1219 1220 1221 1222 1223 1224 1225 1226 1227
 1228 1229 1230 1231 1232 1233 1234 1235 1236 1237 1238 1239 1240 1241
 1242 1243 1244 1245 1246 1247 1248 1249 1250 1251 1252 1253 1254 1255
 1256 1257 1258 1259]"
8,10,49,12,0,536,"[1213 1214 1215 1216 1217 1218 1219 1220 1221 1222 1223 1224 1225 1226
 1227 1228 1229 1230 1231 1232 1233 1234 1235 1236 1237 1238 1239 1240
 1241 1242 1243 1244 1245 1246 1247 1248 1249 1250 1251 1252 1253 1254
 1255 1256 1257 1258 1259]"
8,10,49,13,0,373,"[1212 1213 1214 1215 1216 1217 1218 1219 1220 1221 1222 1223 1224 1225
 1226 1227 1228 1229 1230 1231 1232 1233 1234 1235 1236 1237 1238 1239
 1240 1241 1242 1243 1244 1245 1246 1247 1248 1249 1250 1251 1252 1253
 1254 1255 1256 1257 1258 1259]"
8,10,49,14,0,655,"[1211 1212 1213 1214 1215 1216 1217 1218 1219 1220 1221 1222 1223 1224
 1225 1226 1227 1228 1229 1230 1231 1232 1233 1234 1235 1236 1237 1238
 1239 1240 1241 1242 1243 1244 1245 1246 1247 1248 1249 1250 1251 1252
 1253 1254 1255 1256 1257 1258 1259]"
8,10,50,15,0,535,[]
8,10,50,16,0,686,[1259]
8,10,50,17,0,869,[1258 1259]
8,10,50,18,0,228,[1257 1258 1259]
8,10,50,19,0,681,[1256 1257 1258 1259]
8,10,50,20,0,823,[1255 1256 1257 1258 1259]
8,10,50,21,0,371,[1254 1255 1256 1257 1258 1259]
8,10,50,22,0,842,[1253 1254 1255 1256 1257 1258 1259]
8,10,50,23,0,872,[1252 1253 1254 1255 1256 1257 1258 1259]
8,10,50,24,0,775,[1251 1252 1253 1254 1255 1256 1257 1258 1259]
8,10,50,25,0,281,[1250 1251 1252 1253 1254 1255 1256 1257 1258 1259]
8,10,50,26,0,479,[1249 1250 1251 1252 1253 1254 1255 1256 1257 1258 1259]
8,10,50,27,0,486,[1248 1249 1250 1251 1252 1253 1254 1255 1256 1257 1258 1259]
8,10,50,28,0,388,[1247 1248 1249 1250 1251 1252 1253 1254 1255 1256 1257 1258 1259]
8,10,50,29,0,582,[1246 1247 1248 1249 1250 1251 1252 1253 1254 1255 1256 1257 1258 1259]
8,10,50,30,0,619,"[1245 1246 1247 1248 1249 1250 1251 1252 1253 1254 1255 1256 1257 1258
 1259]"
8,10,50,31,0,644,"[1244 1245 1246 1247 1248 1249 1250 1251 1252 1253 1254 1255 1256 1257
 1258 1259]"
8,10,50,32,0,986,"[1243 1244 1245 1246 1247 1248 1249 1250 1251 1252 1253 1254 1255 1256
 1257 1258 1259]"
8,10,50,33,0,673,"[1242 1243 1244 1245 1246 1247 1248 1249 1250 1251 1252 1253 1254 1255
 1256 1257 1258 1259]"
8,10,50,34,0,32,"[1241 1242 1243 1244 1245 1246 1247 1248 1249 1250 1251 1252 1253 1254
 1255 1256 1257 1258 1259]"
8,10,50,35,0,974,"[1240 1241 1242 1243 1244 1245 1246 1247 1248 1249 1250 1251 1252 1253
 1254 1255 1256 1257 1258 1259]"
8,10,50,36,0,982,"[1239 1240 1241 1242 1243 1244 1245 1246 1247 1248 1249 1250 1251 1252
 1253 1254 1255 1256 1257 1258 1259]"
8,10,50,37,0,556,"[1238 1239 1240 1241 1242 1243 1244 1245 1246 1247 1248 1249 1250 1251
 1252 1253 1254 1255 1256 1257 1258 1259]"
8,10,50,38,0,278,"[1237 1238 1239 1240 1241 1242 1243 1244 1245 1246 1247 1248 1249 1250
 1251 1252 1253 1254 1255 1256 1257 1258 1259]"
8,10,50,39,0,670,"[1236 1237 1238 1239 1240 1241 1242 1243 1244 1245 1246 1247 1248 1249
 1250 1251 1252 1253 1254 1255 1256 1257 1258 1259]"
8,10,50,40,0,87,"[1235 1236 1237 1238 1239 1240 1241 1242 1243 1244 1245 1246 1247 1248
 1249 1250 1251 1252 1253 1254 1255 1256 1257 1258 1259]"
8,10,50,41,0,789,"[1234 1235 1236 1237 1238 1239 1240 1241 1242 1243 1244 1245 1246 1247
 1248 1249 1250 1251 1252 1253 1254 1255 1256 1257 1258 1259]"
8,10,50,42,0,608,"[1233 1234 1235 1236 1237 1238 1239 1240 1241 1242 1243 1244 1245 1246
 1247 1248 1249 1250 1251 1252 1253 1254 1255 1256 1257 1258 1259]"
8,10,50,43,0,787,"[1232 1233 1234 1235 1236 1237 1238 1239 1240 1241 1242 1243 1244 1245
 1246 1247 1248 1249 1250 1251 1252 1253 1254 1255 1256 1257 1258 1259]"
8,10,50,44,0,542,"[1231 1232 1233 1234 1235 1236 1237 1238 1239 1240 1241 1242 1243 1244
 1245 1246 1247 1248 1249 1250 1251 1252 1253 1254 1255 1256 1257 1258
 1259]"
8,10,50,45,0,854,"[1230 1231 1232 1233 1234 1235 1236 1237 1238 1239 1240 1241 1242 1243
 1244 1245 1246 1247 1248 1249 1250 1251 1252 1253 1254 1255 1256 1257
 1258 1259]"
8,10,50,46,0,876,"[1229 1230 1231 1232 1233 1234 1235 1236 1237 1238 1239 1240 1241 1242
 1243 1244 1245 1246 1247 1248 1249 1250 1251 1252 1253 1254 1255 1256
 1257 1258 1259]"
8,10,50,47,0,455,"[1228 1229 1230 1231 1232 1233 1234 1235 1236 1237 1238 1239 1240 1241
 1242 1243 1244 1245 1246 1247 1248 1249 1250 1251 1252 1253 1254 1255
 1256 1257 1258 1259]"
8,10,50,48,0,292,"[1227 1228 1229 1230 1231 1232 1233 1234 1235 1236 1237 1238 1239 1240
 1241 1242 1243 1244 1245 1246 1247 1248 1249 1250 1251 1252 1253 1254
 1255 1256 1257 1258 1259]"
8,10,50,49,0,340,"[1226 1227 1228 1229 1230 1231 1232 1233 1234 1235 1236 1237 1238 1239
 1240 1241 1242 1243 1244 1245 1246 1247 1248 1249 1250 1251 1252 1253
 1254 1255 1256 1257 1258 1259]"
8,10,50,50,0,200,"[1225 1226 1227 1228 1229 1230 1231 1232 1233 1234 1235 1236 1237 1238
 1239 1240 1241 1242 1243 1244 1245 1246 1247 1248 1249 1250 1251 1252
 1253 1254 1255 1256 1257 1258 1259]"
9,9,50,0,0,768,"[1275 1276 1277 1278 1279 1280 1281 1282 1283 1284 1285 1286 1287 1288
 1289 1290 1291 1292 1293 1294 1295]"
9,9,50,1,0,937,"[1274 1275 1276 1277 1278 1279 1280 1281 1282 1283 1284 1285 1286 1287
 1288 1289 1290 1291 1292 1293 1294 1295]"
9,9,50,2,0,771,"[1273 1274 1275 1276 1277 1278 1279 1280 1281 1282 1283 1284 1285 1286
 1287 1288 1289 1290 1291 1292 1293 1294 1295]"
9,9,50,3,0,666,"[1272 1273 1274 1275 1276 1277 1278 1279 1280 1281 1282 1283 1284 1285
 1286 1287 1288 1289 1290 1291 1292 1293 1294 1295]"
9,9,50,4,0,914,"[1271 1272 1273 1274 1275 1276 1277 1278 1279 1280 1281 1282 1283 1284
 1285 1286 1287 1288 1289 1290 1291 1292 1293 1294 1295]"
9,9,50,5,0,559,"[1270 1271 1272 1273 1274 1275 1276 1277 1278 1279 1280 1281 1282 1283
 1284 1285 1286 1287 1288 1289 1290 1291 1292 1293 1294 1295]"
9,9,50,6,0,970,"[1269 1270 1271 1272 1273 1274 1275 1276 1277 1278 1279 1280 1281 1282
 1283 1284 1285 1286 1287 1288 1289 1290 1291 1292 1293 1294 1295]"
9,9,50,7,0,670,"[1268 1269 1270 1271 1272 1273 1274 1275 1276 1277 1278 1279 1280 1281
 1282 1283 1284 1285 1286 1287 1288 1289 1290 1291 1292 1293 1294 1295]"
9,9,50,8,0,19,"[1267 1268 1269 1270 1271 1272 1273 1274 1275 1276 1277 1278 1279 1280
 1281 1282 1283 1284 1285 1286 1287 1288 1289 1290 1291 1292 1293 1294
 1295]"
9,9,50,9,0,59,"[1266 1267 1268 1269 1270 1271 1272 1273 1274 1275 1276 1277 1278 1279
 1280 1281 1282 1283 1284 1285 1286 1287 1288 1289 1290 1291 1292 1293
 1294 1295]"
9,9,50,10,0,165,"[1265 1266 1267 1268 1269 1270 1271 1272 1273 1274 1275 1276 1277 1278
 1279 1280 1281 1282 1283 1284 1285 1286 1287 1288 1289 1290 1291 1292
 1293 1294 1295]"
9,9,50,11,0,334,"[1264 1265 1266 1267 1268 1269 1270 1271 1272 1273 1274 1275 1276 1277
 1278 1279 1280 1281 1282 1283 1284 1285 1286 1287 1288 1289 1290 1291
 1292 1293 1294 1295]"
9,9,50,12,0,318,"[1263 1264 1265 1266 1267 1268 1269 1270 1271 1272 1273 1274 1275 1276
 1277 1278 1279 1280 1281 1282 1283 1284 1285 1286 1287 1288 1289 1290
 1291 1292 1293 1294 1295]"
9,9,50,13,0,956,"[1262 1263 1264 1265 1266 1267 1268 1269 1270 1271 1272 1273 1274 1275
 1276 1277 1278 1279 1280 1281 1282 1283 1284 1285 1286 1287 1288 1289
 1290 1291 1292 1293 1294 1295]"
9,9,50,14,0,673,"[1261 1262 1263 1264 1265 1266 1267 1268 1269 1270 1271 1272 1273 1274
 1275 1276 1277 1278 1279 1280 1281 1282 1283 1284 1285 1286 1287 1288
 1289 1290 1291 1292 1293 1294 1295]"
9,9,50,15,0,782,"[1260 1261 1262 1263 1264 1265 1266 1267 1268 1269 1270 1271 1272 1273
 1274 1275 1276 1277 1278 1279 1280 1281 1282 1283 1284 1285 1286 1287
 1288 1289 1290 1291 1292 1293 1294 1295]"
9,9,50,16,0,354,"[1259 1260 1261 1262 1263 1264 1265 1266 1267 1268 1269 1270 1271 1272
 1273 1274 1275 1276 1277 1278 1279 1280 1281 1282 1283 1284 1285 1286
 1287 1288 1289 1290 1291 1292 1293 1294 1295]"
9,9,50,17,0,812,"[1258 1259 1260 1261 1262 1263 1264 1265 1266 1267 1268 1269 1270 1271
 1272 1273 1274 1275 1276 1277 1278 1279 1280 1281 1282 1283 1284 1285
 1286 1287 1288 1289 1290 1291 1292 1293 1294 1295]"
9,9,50,18,0,464,"[1257 1258 1259 1260 1261 1262 1263 1264 1265 1266 1267 1268 1269 1270
 1271 1272 1273 1274 1275 1276 1277 1278 1279 1280 1281 1282 1283 1284
 1285 1286 1287 1288 1289 1290 1291 1292 1293 1294 1295]"
9,9,50,19,0,934,"[1256 1257 1258 1259 1260 1261 1262 1263 1264 1265 1266 1267 1268 1269
 1270 1271 1272 1273 1274 1275 1276 1277 1278 1279 1280 1281 1282 1283
 1284 1285 1286 1287 1288 1289 1290 1291 1292 1293 1294 1295]"
9,9,50,20,0,326,"[1255 1256 1257 1258 1259 1260 1261 1262 1263 1264 1265 1266 1267 1268
 1269 1270 1271 1272 1273 1274 1275 1276 1277 1278 1279 1280 1281 1282
 1283 1284 1285 1286 1287 1288 1289 1290 1291 1292 1293 1294 1295]"
9,9,50,21,0,515,"[1254 1255 1256 1257 1258 1259 1260 1261 1262 1263 1264 1265 1266 1267
 1268 1269 1270 1271 1272 1273 1274 1275 1276 1277 1278 1279 1280 1281
 1282 1283 1284 1285 1286 1287 1288 1289 1290 1291 1292 1293 1294 1295]"
9,9,50,22,0,462,"[1253 1254 1255 1256 1257 1258 1259 1260 1261 1262 1263 1264 1265 1266
 1267 1268 1269 1270 1271 1272 1273 1274 1275 1276 1277 1278 1279 1280
 1281 1282 1283 1284 1285 1286 1287 1288 1289 1290 1291 1292 1293 1294
 1295]"
9,9,50,23,0,222,"[1252 1253 1254 1255 1256 1257 1258 1259 1260 1261 1262 1263 1264 1265
 1266 1267 1268 1269 1270 1271 1272 1273 1274 1275 1276 1277 1278 1279
 1280 1281 1282 1283 1284 1285 1286 1287 1288 1289 1290 1291 1292 1293
 1294 1295]"
9,9,50,24,0,846,"[1251 1252 1253 1254 1255 1256 1257 1258 1259 1260 1261 1262 1263 1264
 1265 1266 1267 1268 1269 1270 1271 1272 1273 1274 1275 1276 1277 1278
 1279 1280 1281 1282 1283 1284 1285 1286 1287 1288 1289 1290 1291 1292
 1293 1294 1295]"
9,9,50,25,0,996,"[1250 1251 1252 1253 1254 1255 1256 1257 1258 1259 1260 1261 1262 1263
 1264 1265 1266 1267 1268 1269 1270 1271 1272 1273 1274 1275 1276 1277
 1278 1279 1280 1281 1282 1283 1284 1285 1286 1287 1288 1289 1290 1291
 1292 1293 1294 1295]"
9,9,50,26,0,135,"[1249 1250 1251 1252 1253 1254 1255 1256 1257 1258 1259 1260 1261 1262
 1263 1264 1265 1266 1267 1268 1269 1270 1271 1272 1273 1274 1275 1276
 1277 1278 1279 1280 1281 1282 1283 1284 1285 1286 1287 1288 1289 1290
 1291 1292 1293 1294 1295]"
9,9,50,27,0,603,"[1248 1249 1250 1251 1252 1253 1254 1255 1256 1257 1258 1259 1260 1261
 1262 1263 1264 1265 1266 1267 1268 1269 1270 1271 1272 1273 1274 1275
 1276 1277 1278 1279 1280 1281 1282 1283 1284 1285 1286 1287 1288 1289
 1290 1291 1292 1293 1294 1295]"
9,9,50,28,0,306,"[1247 1248 1249 1250 1251 1252 1253 1254 1255 1256 1257 1258 1259 1260
 1261 1262 1263 1264 1265 1266 1267 1268 1269 1270 1271 1272 1273 1274
 1275 1276 1277 1278 1279 1280 1281 1282 1283 1284 1285 1286 1287 1288
 1289 1290 1291 1292 1293 1294 1295]"
9,9,50,29,0,288,"[1246 1247 1248 1249 1250 1251 1252 1253 1254 1255 1256 1257 1258 1259
 1260 1261 1262 1263 1264 1265 1266 1267 1268 1269 1270 1271 1272 1273
 1274 1275 1276 1277 1278 1279 1280 1281 1282 1283 1284 1285 1286 1287
 1288 1289 1290 1291 1292 1293 1294 1295]"
9,9,51,30,0,896,[]
9,9,51,31,0,332,[1295]
9,9,51,32,0,261,[1294 1295]
9,9,51,33,0,733,[1293 1294 1295]
9,9,51,34,0,876,[1292 1293 1294 1295]
9,9,51,35,0,545,[1291 1292 1293 1294 1295]
9,9,51,36,0,806,[1290 1291 1292 1293 1294 1295]
9,9,51,37,0,164,[1289 1290 1291 1292 1293 1294 1295]
9,9,51,38,0,78,[1288 1289 1290 1291 1292 1293 1294 1295]
9,9,51,39,0,869,[1287 1288 1289 1290 1291 1292 1293 1294 1295]
9,9,51,40,0,262,[1286 1287 1288 1289 1290 1291 1292 1293 1294 1295]
9,9,51,41,0,127,[1285 1286 1287 1288 1289 1290 1291 1292 1293 1294 1295]
9,9,51,42,0,310,[1284 1285 1286 1287 1288 1289 1290 1291 1292 1293 1294 1295]
9,9,51,43,0,590,[1283 1284 1285 1286 1287 1288 1289 1290 1291 1292 1293 1294 1295]
9,9,51,44,0,93,[1282 1283 1284 1285 1286 1287 1288 1289 1290 1291 1292 1293 1294 1295]
9,9,51,45,0,14,"[1281 1282 1283 1284 1285 1286 1287 1288 1289 1290 1291 1292 1293 1294
 1295]"
9,9,51,46,0,547,"[1280 1281 1282 1283 1284 1285 1286 1287 1288 1289 1290 1291 1292 1293
 1294 1295]"
9,9,51,47,0,685,"[1279 1280 1281 1282 1283 1284 1285 1286 1287 1288 1289 1290 1291 1292
 1293 1294 1295]"
9,9,51,48,0,798,"[1278 1279 1280 1281 1282 1283 1284 1285 1286 1287 1288 1289 1290 1291
 1292 1293 1294 1295]"
9,9,51,49,0,384,"[1277 1278 1279 1280 1281 1282 1283 1284 1285 1286 1287 1288 1289 1290
 1291 1292 1293 1294 1295]"
9,9,51,50,0,767,"[1276 1277 1278 1279 1280 1281 1282 1283 1284 1285 1286 1287 1288 1289
 1290 1291 1292 1293 1294 1295]"
9,9,51,51,0,743,"[1275 1276 1277 1278 1279 1280 1281 1282 1283 1284 1285 1286 1287 1288
 1289 1290 1291 1292 1293 1294 1295]"
6,14,51,0,0,88,"[1326 1327 1328 1329 1330 1331 1332 1333 1334 1335 1336 1337 1338 1339
 1340 1341 1342 1343 1344 1345 1346 1347 1348 1349 1350 1351 1352 1353
 1354 1355 1356 1357 1358 1359 1360 1361 1362 1363 1364]"
6,14,51,1,0,831,"[1325 1326 1327 1328 1329 1330 1331 1332 1333 1334 1335 1336 1337 1338
 1339 1340 1341 1342 1343 1344 1345 1346 1347 1348 1349 1350 1351 1352
 1353 1354 1355 1356 1357 1358 1359 1360 1361 1362 1363 1364]"
6,14,51,2,0,185,"[1324 1325 1326 1327 1328 1329 1330 1331 1332 1333 1334 1335 1336 1337
 1338 1339 1340 1341 1342 1343 1344 1345 1346 1347 1348 1349 1350 1351
 1352 1353 1354 1355 1356 1357 1358 1359 1360 1361 1362 1363 1364]"
6,14,51,3,0,37,"[1323 1324 1325 1326 1327 1328 1329 1330 1331 1332 1333 1334 1335 1336
 1337 1338 1339 1340 1341 1342 1343 1344 1345 1346 1347 1348 1349 1350
 1351 1352 1353 1354 1355 1356 1357 1358 1359 1360 1361 1362 1363 1364]"
6,14,51,4,0,760,"[1322 1323 1324 1325 1326 1327 1328 1329 1330 1331 1332 1333 1334 1335
 1336 1337 1338 1339 1340 1341 1342 1343 1344 1345 1346 1347 1348 1349
 1350 1351 1352 1353 1354 1355 1356 1357 1358 1359 1360 1361 1362 1363
 1364]"
6,14,51,5,0,203,"[1321 1322 1323 1324 1325 1326 1327 1328 1329 1330 1331 1332 1333 1334
 1335 1336 1337 1338 1339 1340 1341 1342 1343 1344 1345 1346 1347 1348
 1349 1350 1351 1352 1353 1354 1355 1356 1357 1358 1359 1360 1361 1362
 1363 1364]"
6,14,51,6,0,104,"[1320 1321 1322 1323 1324 1325 1326 1327 1328 1329 1330 1331 1332 1333
 1334 1335 1336 1337 1338 1339 1340 1341 1342 1343 1344 1345 1346 1347
 1348 1349 1350 1351 1352 1353 1354 1355 1356 1357 1358 1359 1360 1361
 1362 1363 1364]"
6,14,51,7,0,743,"[1319 1320 1321 1322 1323 1324 1325 1326 1327 1328 1329 1330 1331 1332
 1333 1334 1335 1336 1337 1338 1339 1340 1341 1342 1343 1344 1345 1346
 1347 1348 1349 1350 1351 1352 1353 1354 1355 1356 1357 1358 1359 1360
 1361 1362 1363 1364]"
6,14,51,8,0,884,"[1318 1319 1320 1321 1322 1323 1324 1325 1326 1327 1328 1329 1330 1331
 1332 1333 1334 1335 1336 1337 1338 1339 1340 1341 1342 1343 1344 1345
 1346 1347 1348 1349 1350 1351 1352 1353 1354 1355 1356 1357 1358 1359
 1360 1361 1362 1363 1364]"
6,14,51,9,0,28,"[1317 1318 1319 1320 1321 1322 1323 1324 1325 1326 1327 1328 1329 1330
 1331 1332 1333 1334 1335 1336 1337 1338 1339 1340 1341 1342 1343 1344
 1345 1346 1347 1348 1349 1350 1351 1352 1353 1354 1355 1356 1357 1358
 1359 1360 1361 1362 1363 1364]"
6,14,51,10,0,171,"[1316 1317 1318 1319 1320 1321 1322 1323 1324 1325 1326 1327 1328 1329
 1330 1331 1332 1333 1334 1335 1336 1337 1338 1339 1340 1341 1342 1343
 1344 1345 1346 1347 1348 1349 1350 1351 1352 1353 1354 1355 1356 1357
 1358 1359 1360 1361 1362 1363 1364]"
6,14,51,11,0,856,"[1315 1316 1317 1318 1319 1320 1321 1322 1323 1324 1325 1326 1327 1328
 1329 1330 1331 1332 1333 1334 1335 1336 1337 1338 1339 1340 1341 1342
 1343 1344 1345 1346 1347 1348 1349 1350 1351 1352 1353 1354 1355 1356
 1357 1358 1359 1360 1361 1362 1363 1364]"
6,14,51,12,0,105,"[1314 1315 1316 1317 1318 1319 1320 1321 1322 1323 1324 1325 1326 1327
 1328 1329 1330 1331 1332 1333 1334 1335 1336 1337 1338 1339 1340 1341
 1342 1343 1344 1345 1346 1347 1348 1349 1350 1351 1352 1353 1354 1355
 1356 1357 1358 1359 1360 1361 1362 1363 1364]"
6,14,52,13,0,981,[]
6,14,52,14,0,241,[1364]
6,14,52,15,0,402,[1363 1364]
6,14,52,16,0,786,[1362 1363 1364]
6,14,52,17,0,108,[1361 1362 1363 1364]
6,14,52,18,0,456,[1360 1361 1362 1363 1364]
6,14,52,19,0,645,[1359 1360 1361 1362 1363 1364]
6,14,52,20,0,619,[1358 1359 1360 1361 1362 1363 1364]
6,14,52,21,0,972,[1357 1358 1359 1360 1361 1362 1363 1364]
6,14,52,22,0,288,[1356 1357 1358 1359 1360 1361 1362 1363 1364]
6,14,52,23,0,895,[1355 1356 1357 1358 1359 1360 1361 1362 1363 1364]
6,14,52,24,0,194,[1354 1355 1356 1357 1358 1359 1360 1361 1362 1363 1364]
6,14,52,25,0,77,[1353 1354 1355 1356 1357 1358 1359 1360 1361 1362 1363 1364]
6,14,52,26,0,33,[1352 1353 1354 1355 1356 1357 1358 1359 1360 1361 1362 1363 1364]
6,14,52,27,0,741,[1351 1352 1353 1354 1355 1356 1357 1358 1359 1360 1361 1362 1363 1364]
6,14,52,28,0,720,"[1350 1351 1352 1353 1354 1355 1356 1357 1358 1359 1360 1361 1362 1363
 1364]"
6,14,52,29,0,945,"[1349 1350 1351 1352 1353 1354 1355 1356 1357 1358 1359 1360 1361 1362
 1363 1364]"
6,14,52,30,0,879,"[1348 1349 1350 1351 1352 1353 1354 1355 1356 1357 1358 1359 1360 1361
 1362 1363 1364]"
6,14,52,31,0,722,"[1347 1348 1349 1350 1351 1352 1353 1354 1355 1356 1357 1358 1359 1360
 1361 1362 1363 1364]"
6,14,52,32,0,621,"[1346 1347 1348 1349 1350 1351 1352 1353 1354 1355 1356 1357 1358 1359
 1360 1361 1362 1363 1364]"
6,14,52,33,0,433,"[1345 1346 1347 1348 1349 1350 1351 1352 1353 1354 1355 1356 1357 1358
 1359 1360 1361 1362 1363 1364]"
6,14,52,34,0,292,"[1344 1345 1346 1347 1348 1349 1350 1351 1352 1353 1354 1355 1356 1357
 1358 1359 1360 1361 1362 1363 1364]"
6,14,52,35,0,178,"[1343 1344 1345 1346 1347 1348 1349 1350 1351 1352 1353 1354 1355 1356
 1357 1358 1359 1360 1361 1362 1363 1364]"
6,14,52,36,0,110,"[1342 1343 1344 1345 1346 1347 1348 1349 1350 1351 1352 1353 1354 1355
 1356 1357 1358 1359 1360 1361 1362 1363 1364]"
6,14,52,37,0,669,"[1341 1342 1343 1344 1345 1346 1347 1348 1349 1350 1351 1352 1353 1354
 1355 1356 1357 1358 1359 1360 1361 1362 1363 1364]"
6,14,52,38,0,260,"[1340 1341 1342 1343 1344 1345 1346 1347 1348 1349 1350 1351 1352 1353
 1354 1355 1356 1357 1358 1359 1360 1361 1362 1363 1364]"
6,14,52,39,0,620,"[1339 1340 1341 1342 1343 1344 1345 1346 1347 1348 1349 1350 1351 1352
 1353 1354 1355 1356 1357 1358 1359 1360 1361 1362 1363 1364]"
6,14,52,40,0,344,"[1338 1339 1340 1341 1342 1343 1344 1345 1346 1347 1348 1349 1350 1351
 1352 1353 1354 1355 1356 1357 1358 1359 1360 1361 1362 1363 1364]"
6,14,52,41,0,13,"[1337 1338 1339 1340 1341 1342 1343 1344 1345 1346 1347 1348 1349 1350
 1351 1352 1353 1354 1355 1356 1357 1358 1359 1360 1361 1362 1363 1364]"
6,14,52,42,0,820,"[1336 1337 1338 1339 1340 1341 1342 1343 1344 1345 1346 1347 1348 1349
 1350 1351 1352 1353 1354 1355 1356 1357 1358 1359 1360 1361 1362 1363
 1364]"
6,14,52,43,0,944,"[1335 1336 1337 1338 1339 1340 1341 1342 1343 1344 1345 1346 1347 1348
 1349 1350 1351 1352 1353 1354 1355 1356 1357 1358 1359 1360 1361 1362
 1363 1364]"
6,14,52,44,0,45,"[1334 1335 1336 1337 1338 1339 1340 1341 1342 1343 1344 1345 1346 1347
 1348 1349 1350 1351 1352 1353 1354 1355 1356 1357 1358 1359 1360 1361
 1362 1363 1364]"
6,14,52,45,0,899,"[1333 1334 1335 1336 1337 1338 1339 1340 1341 1342 1343 1344 1345 1346
 1347 1348 1349 1350 1351 1352 1353 1354 1355 1356 1357 1358 1359 1360
 1361 1362 1363 1364]"
6,14,52,46,0,39,"[1332 1333 1334 1335 1336 1337 1338 1339 1340 1341 1342 1343 1344 1345
 1346 1347 1348 1349 1350 1351 1352 1353 1354 1355 1356 1357 1358 1359
 1360 1361 1362 1363 1364]"
6,14,52,47,0,517,"[1331 1332 1333 1334 1335 1336 1337 1338 1339 1340 1341 1342 1343 1344
 1345 1346 1347 1348 1349 1350 1351 1352 1353 1354 1355 1356 1357 1358
 1359 1360 1361 1362 1363 1364]"
6,14,52,48,0,299,"[1330 1331 1332 1333 1334 1335 1336 1337 1338 1339 1340 1341 1342 1343
 1344 1345 1346 1347 1348 1349 1350 1351 1352 1353 1354 1355 1356 1357
 1358 1359 1360 1361 1362 1363 1364]"
6,14,52,49,0,197,"[1329 1330 1331 1332 1333 1334 1335 1336 1337 1338 1339 1340 1341 1342
 1343 1344 1345 1346 1347 1348 1349 1350 1351 1352 1353 1354 1355 1356
 1357 1358 1359 1360 1361 1362 1363 1364]"
6,14,52,50,0,751,"[1328 1329 1330 1331 1332 1333 1334 1335 1336 1337 1338 1339 1340 1341
 1342 1343 1344 1345 1346 1347 1348 1349 1350 1351 1352 1353 1354 1355
 1356 1357 1358 1359 1360 1361 1362 1363 1364]"
6,14,52,51,0,285,"[1327 1328 1329 1330 1331 1332 1333 1334 1335 1336 1337 1338 1339 1340
 1341 1342 1343 1344 1345 1346 1347 1348 1349 1350 1351 1352 1353 1354
 1355 1356 1357 1358 1359 1360 1361 1362 1363 1364]"
6,14,52,52,0,760,"[1326 1327 1328 1329 1330 1331 1332 1333 1334 1335 1336 1337 1338 1339
 1340 1341 1342 1343 1344 1345 1346 1347 1348 1349 1350 1351 1352 1353
 1354 1355 1356 1357 1358 1359 1360 1361 1362 1363 1364]"
7,12,52,0,0,441,[1378 1379 1380 1381 1382 1383 1384 1385]
7,12,52,1,0,643,[1377 1378 1379 1380 1381 1382 1383 1384 1385]
7,12,52,2,0,394,[1376 1377 1378 1379 1380 1381 1382 1383 1384 1385]
7,12,52,3,0,244,[1375 1376 1377 1378 1379 1380 1381 1382 1383 1384 1385]
7,12,52,4,0,757,[1374 1375 1376 1377 1378 1379 1380 1381 1382 1383 1384 1385]
7,12,52,5,0,675,[1373 1374 1375 1376 1377 1378 1379 1380 1381 1382 1383 1384 1385]
7,12,52,6,0,422,[1372 1373 1374 1375 1376 1377 1378 1379 1380 1381 1382 1383 1384 1385]
7,12,52,7,0,492,"[1371 1372 1373 1374 1375 1376 1377 1378 1379 1380 1381 1382 1383 1384
 1385]"
7,12,52,8,0,69,"[1370 1371 1372 1373 1374 1375 1376 1377 1378 1379 1380 1381 1382 1383
 1384 1385]"
7,12,52,9,0,729,"[1369 1370 1371 1372 1373 1374 1375 1376 1377 1378 1379 1380 1381 1382
 1383 1384 1385]"
7,12,52,10,0,572,"[1368 1369 1370 1371 1372 1373 1374 1375 1376 1377 1378 1379 1380 1381
 1382 1383 1384 1385]"
7,12,52,11,0,991,"[1367 1368 1369 1370 1371 1372 1373 1374 1375 1376 1377 1378 1379 1380
 1381 1382 1383 1384 1385]"
7,12,52,12,0,248,"[1366 1367 1368 1369 1370 1371 1372 1373 1374 1375 1376 1377 1378 1379
 1380 1381 1382 1383 1384 1385]"
7,12,52,13,0,636,"[1365 1366 1367 1368 1369 1370 1371 1372 1373 1374 1375 1376 1377 1378
 1379 1380 1381 1382 1383 1384 1385]"
7,12,52,14,0,250,"[1364 1365 1366 1367 1368 1369 1370 1371 1372 1373 1374 1375 1376 1377
 1378 1379 1380 1381 1382 1383 1384 1385]"
7,12,52,15,0,391,"[1363 1364 1365 1366 1367 1368 1369 1370 1371 1372 1373 1374 1375 1376
 1377 1378 1379 1380 1381 1382 1383 1384 1385]"
7,12,52,16,0,654,"[1362 1363 1364 1365 1366 1367 1368 1369 1370 1371 1372 1373 1374 1375
 1376 1377 1378 1379 1380 1381 1382 1383 1384 1385]"
7,12,52,17,0,269,"[1361 1362 1363 1364 1365 1366 1367 1368 1369 1370 1371 1372 1373 1374
 1375 1376 1377 1378 1379 1380 1381 1382 1383 1384 1385]"
7,12,52,18,0,765,"[1360 1361 1362 1363 1364 1365 1366 1367 1368 1369 1370 1371 1372 1373
 1374 1375 1376 1377 1378 1379 1380 1381 1382 1383 1384 1385]"
7,12,52,19,0,7,"[1359 1360 1361 1362 1363 1364 1365 1366 1367 1368 1369 1370 1371 1372
 1373 1374 1375 1376 1377 1378 1379 1380 1381 1382 1383 1384 1385]"
7,12,52,20,0,900,"[1358 1359 1360 1361 1362 1363 1364 1365 1366 1367 1368 1369 1370 1371
 1372 1373 1374 1375 1376 1377 1378 1379 1380 1381 1382 1383 1384 1385]"
7,12,52,21,0,199,"[1357 1358 1359 1360 1361 1362 1363 1364 1365 1366 1367 1368 1369 1370
 1371 1372 1373 1374 1375 1376 1377 1378 1379 1380 1381 1382 1383 1384
 1385]"
7,12,52,22,0,197,"[1356 1357 1358 1359 1360 1361 1362 1363 1364 1365 1366 1367 1368 1369
 1370 1371 1372 1373 1374 1375 1376 1377 1378 1379 1380 1381 1382 1383
 1384 1385]"
7,12,52,23,0,864,"[1355 1356 1357 1358 1359 1360 1361 1362 1363 1364 1365 1366 1367 1368
 1369 1370 1371 1372 1373 1374 1375 1376 1377 1378 1379 1380 1381 1382
 1383 1384 1385]"
7,12,52,24,0,366,"[1354 1355 1356 1357 1358 1359 1360 1361 1362 1363 1364 1365 1366 1367
 1368 1369 1370 1371 1372 1373 1374 1375 1376 1377 1378 1379 1380 1381
 1382 1383 1384 1385]"
7,12,52,25,0,822,"[1353 1354 1355 1356 1357 1358 1359 1360 1361 1362 1363 1364 1365 1366
 1367 1368 1369 1370 1371 1372 1373 1374 1375 1376 1377 1378 1379 1380
 1381 1382 1383 1384 1385]"
7,12,52,26,0,253,"[1352 1353 1354 1355 1356 1357 1358 1359 1360 1361 1362 1363 1364 1365
 1366 1367 1368 1369 1370 1371 1372 1373 1374 1375 1376 1377 1378 1379
 1380 1381 1382 1383 1384 1385]"
7,12,52,27,0,318,"[1351 1352 1353 1354 1355 1356 1357 1358 1359 1360 1361 1362 1363 1364
 1365 1366 1367 1368 1369 1370 1371 1372 1373 1374 1375 1376 1377 1378
 1379 1380 1381 1382 1383 1384 1385]"
7,12,52,28,0,705,"[1350 1351 1352 1353 1354 1355 1356 1357 1358 1359 1360 1361 1362 1363
 1364 1365 1366 1367 1368 1369 1370 1371 1372 1373 1374 1375 1376 1377
 1378 1379 1380 1381 1382 1383 1384 1385]"
7,12,52,29,0,643,"[1349 1350 1351 1352 1353 1354 1355 1356 1357 1358 1359 1360 1361 1362
 1363 1364 1365 1366 1367 1368 1369 1370 1371 1372 1373 1374 1375 1376
 1377 1378 1379 1380 1381 1382 1383 1384 1385]"
7,12,52,30,0,83,"[1348 1349 1350 1351 1352 1353 1354 1355 1356 1357 1358 1359 1360 1361
 1362 1363 1364 1365 1366 1367 1368 1369 1370 1371 1372 1373 1374 1375
 1376 1377 1378 1379 1380 1381 1382 1383 1384 1385]"
7,12,52,31,0,960,"[1347 1348 1349 1350 1351 1352 1353 1354 1355 1356 1357 1358 1359 1360
 1361 1362 1363 1364 1365 1366 1367 1368 1369 1370 1371 1372 1373 1374
 1375 1376 1377 1378 1379 1380 1381 1382 1383 1384 1385]"
7,12,52,32,0,644,"[1346 1347 1348 1349 1350 1351 1352 1353 1354 1355 1356 1357 1358 1359
 1360 1361 1362 1363 1364 1365 1366 1367 1368 1369 1370 1371 1372 1373
 1374 1375 1376 1377 1378 1379 1380 1381 1382 1383 1384 1385]"
7,12,52,33,0,545,"[1345 1346 1347 1348 1349 1350 1351 1352 1353 1354 1355 1356 1357 1358
 1359 1360 1361 1362 1363 1364 1365 1366 1367 1368 1369 1370 1371 1372
 1373 1374 1375 1376 1377 1378 1379 1380 1381 1382 1383 1384 1385]"
7,12,52,34,0,586,"[1344 1345 1346 1347 1348 1349 1350 1351 1352 1353 1354 1355 1356 1357
 1358 1359 1360 1361 1362 1363 1364 1365 1366 1367 1368 1369 1370 1371
 1372 1373 1374 1375 1376 1377 1378 1379 1380 1381 1382 1383 1384 1385]"
7,12,52,35,0,18,"[1343 1344 1345 1346 1347 1348 1349 1350 1351 1352 1353 1354 1355 1356
 1357 1358 1359 1360 1361 1362 1363 1364 1365 1366 1367 1368 1369 1370
 1371 1372 1373 1374 1375 1376 1377 1378 1379 1380 1381 1382 1383 1384
 1385]"
7,12,52,36,0,442,"[1342 1343 1344 1345 1346 1347 1348 1349 1350 1351 1352 1353 1354 1355
 1356 1357 1358 1359 1360 1361 1362 1363 1364 1365 1366 1367 1368 1369
 1370 1371 1372 1373 1374 1375 1376 1377 1378 1379 1380 1381 1382 1383
 1384 1385]"
7,12,52,37,0,972,"[1341 1342 1343 1344 1345 1346 1347 1348 1349 1350 1351 1352 1353 1354
 1355 1356 1357 1358 1359 1360 1361 1362 1363 1364 1365 1366 1367 1368
 1369 1370 1371 1372 1373 1374 1375 1376 1377 1378 1379 1380 1381 1382
 1383 1384 1385]"
7,12,52,38,0,189,"[1340 1341 1342 1343 1344 1345 1346 1347 1348 1349 1350 1351 1352 1353
 1354 1355 1356 1357 1358 1359 1360 1361 1362 1363 1364 1365 1366 1367
 1368 1369 1370 1371 1372 1373 1374 1375 1376 1377 1378 1379 1380 1381
 1382 1383 1384 1385]"
7,12,52,39,0,700,"[1339 1340 1341 1342 1343 1344 1345 1346 1347 1348 1349 1350 1351 1352
 1353 1354 1355 1356 1357 1358 1359 1360 1361 1362 1363 1364 1365 1366
 1367 1368 1369 1370 1371 1372 1373 1374 1375 1376 1377 1378 1379 1380
 1381 1382 1383 1384 1385]"
7,12,52,40,0,278,"[1338 1339 1340 1341 1342 1343 1344 1345 1346 1347 1348 1349 1350 1351
 1352 1353 1354 1355 1356 1357 1358 1359 1360 1361 1362 1363 1364 1365
 1366 1367 1368 1369 1370 1371 1372 1373 1374 1375 1376 1377 1378 1379
 1380 1381 1382 1383 1384 1385]"
7,12,52,41,0,923,"[1337 1338 1339 1340 1341 1342 1343 1344 1345 1346 1347 1348 1349 1350
 1351 1352 1353 1354 1355 1356 1357 1358 1359 1360 1361 1362 1363 1364
 1365 1366 1367 1368 1369 1370 1371 1372 1373 1374 1375 1376 1377 1378
 1379 1380 1381 1382 1383 1384 1385]"
7,12,52,42,0,764,"[1336 1337 1338 1339 1340 1341 1342 1343 1344 1345 1346 1347 1348 1349
 1350 1351 1352 1353 1354 1355 1356 1357 1358 1359 1360 1361 1362 1363
 1364 1365 1366 1367 1368 1369 1370 1371 1372 1373 1374 1375 1376 1377
 1378 1379 1380 1381 1382 1383 1384 1385]"
7,12,52,43,0,447,"[1335 1336 1337 1338 1339 1340 1341 1342 1343 1344 1345 1346 1347 1348
 1349 1350 1351 1352 1353 1354 1355 1356 1357 1358 1359 1360 1361 1362
 1363 1364 1365 1366 1367 1368 1369 1370 1371 1372 1373 1374 1375 1376
 1377 1378 1379 1380 1381 1382 1383 1384 1385]"
7,12,52,44,0,821,"[1334 1335 1336 1337 1338 1339 1340 1341 1342 1343 1344 1345 1346 1347
 1348 1349 1350 1351 1352 1353 1354 1355 1356 1357 1358 1359 1360 1361
 1362 1363 1364 1365 1366 1367 1368 1369 1370 1371 1372 1373 1374 1375
 1376 1377 1378 1379 1380 1381 1382 1383 1384 1385]"
7,12,53,45,0,96,[]
7,12,53,46,0,573,[1385]
7,12,53,47,0,390,[1384 1385]
7,12,53,48,0,951,[1383 1384 1385]
7,12,53,49,0,938,[1382 1383 1384 1385]
7,12,53,50,0,784,[1381 1382 1383 1384 1385]
7,12,53,51,0,443,[1380 1381 1382 1383 1384 1385]
7,12,53,52,0,706,[1379 1380 1381 1382 1383 1384 1385]
7,12,53,53,0,402,[1378 1379 1380 1381 1382 1383 1384 1385]
