m,n,R,s,seed,ker_dim,s_val,decomp_error,w
2,2,1,0,0,0,0.21520904025307797,,
2,2,1,1,0,1,,0.0,0.0
2,2,2,2,0,2,0.3981052890768444,4.20934145542537e-16,0.0
2,3,2,0,0,0,0.08893856365708647,,
2,3,2,1,0,1,0.08298649274483921,2.391491706461784e-16,0.0
2,3,2,2,0,2,0.39040979293636474,5.095836946117502e-16,0.0
2,3,3,3,0,3,0.008604736035185292,1.6751582494232166e-15,0.0
2,4,3,0,0,0,0.004000681607466717,,
2,4,3,1,0,1,0.016165981939904095,2.1627167506803379e-16,2.220446049250313e-16
2,4,3,2,0,2,0.1973180375481434,8.182682864422665e-16,0.0
2,4,3,3,0,3,0.04655827161388727,8.849474650807495e-16,1.1102230246251565e-16
2,4,4,4,0,4,0.04136780014396094,4.383953754010209e-15,1.1102230246251565e-16
3,3,3,0,0,0,0.12797675954124207,,
3,3,4,1,0,1,0.009861421899314975,4.5297214202438e-16,0.0
3,3,4,2,0,2,0.041948650623310005,1.2895192712969016e-15,0.0
3,3,4,3,0,3,0.1929510635462156,1.605252030143354e-15,0.0
3,3,4,4,0,4,0.1650903776159129,3.0087732287821585e-15,1.1102230246251565e-16
2,5,4,0,0,0,0.11002297437385711,,
2,5,4,1,0,1,0.02628991655742067,1.2645530782779137e-15,0.0
2,5,4,2,0,2,0.08700957394489915,9.950398090167621e-16,1.1102230246251565e-16
2,5,4,3,0,3,0.0007672771263988054,4.043348528788077e-14,0.0
2,5,4,4,0,4,0.053172082798863686,1.4990799582694275e-14,1.1102230246251565e-16
2,5,5,5,0,5,0.0020112972632137494,1.3776437121662407e-13,0.0
2,6,5,0,0,0,0.02628769261342079,,
2,6,5,1,0,1,0.015318387068108116,1.915103252899806e-15,0.0
2,6,5,2,0,2,0.01755070393886756,2.442963024279815e-15,1.1102230246251565e-16
2,6,5,3,0,3,0.025139070973667493,1.5833639457176997e-14,1.1102230246251565e-16
2,6,5,4,0,4,0.03496652363554626,4.687434621905447e-15,0.0
2,6,5,5,0,5,0.011950512740396697,8.062595192636893e-15,2.220446049250313e-16
2,6,6,6,0,6,0.006035479604825613,1.5323261565899278e-13,0.0
3,4,5,0,0,0,0.06884637361044413,,
3,4,5,1,0,1,0.05743776594744887,4.2077682908999056e-16,1.1102230246251565e-16
3,4,5,2,0,2,0.02729132349571128,3.4028907432626587e-15,1.1102230246251565e-16
3,4,6,3,0,3,0.01502202994234567,4.208772920742818e-15,1.1102230246251565e-16
3,4,6,4,0,4,0.03634223625262701,6.08446640648741e-14,0.0
3,4,6,5,0,5,0.03841637764167166,4.626465863026928e-15,1.1102230246251565e-16
3,4,6,6,0,6,0.030788039374018195,9.247083377738703e-15,1.1102230246251565e-16
2,7,6,0,0,0,0.009301905494050569,,
2,7,6,1,0,1,0.015410870912523713,1.6481398965690513e-15,1.1102230246251565e-16
2,7,6,2,0,2,0.01534049958355712,3.0998591146963927e-15,1.1102230246251565e-16
2,7,6,3,0,3,0.022623499517677427,4.188456251938447e-15,0.0
2,7,6,4,0,4,0.056448197476596136,2.2922249423845107e-14,2.220446049250313e-16
2,7,6,5,0,5,0.05679776217896726,8.954986648319747e-15,1.1102230246251565e-16
2,7,6,6,0,6,0.010810811624820896,5.5000349627673884e-14,1.1102230246251565e-16
2,7,7,7,0,7,0.0016130952916665038,1.081276630914212e-13,1.1102230246251565e-16
2,8,7,0,0,0,0.011800795313002484,,
2,8,7,1,0,1,0.01725263313634979,2.4601869761413405e-15,0.0
2,8,7,2,0,2,0.013345245633054842,9.661254539925738e-15,0.0
2,8,7,3,0,3,0.0010450467235085326,4.2684149484176544e-14,1.1102230246251565e-16
2,8,7,4,0,4,0.023504582592850976,3.3417885259139425e-14,0.0
2,8,7,5,0,5,0.019607637716934974,8.152362988687772e-15,1.1102230246251565e-16
2,8,7,6,0,6,0.029012606754112217,4.806601063768823e-14,2.220446049250313e-16
2,8,7,7,0,7,0.001334067531691294,5.585575763122278e-14,1.1102230246251565e-16
2,8,8,8,0,8,8.459230736663401e-05,1.0944208796828807e-12,1.1102230246251565e-16
3,5,7,0,0,0,0.012929874915116036,,
3,5,7,1,0,1,0.025185009938341586,7.344128326001869e-16,0.0
3,5,7,2,0,2,0.009363766545276177,3.549072097414472e-15,0.0
3,5,7,3,0,3,0.06622698232132972,3.4717278201362403e-15,0.0
3,5,7,4,0,4,0.011388508223795675,8.423950055766699e-15,0.0
3,5,7,5,0,5,0.031968930873796056,3.4968508300402864e-14,0.0
3,5,8,6,0,6,0.002935357500268108,5.587858190265616e-13,2.220446049250313e-16
3,5,8,7,0,7,0.012874852612976174,5.96553016278372e-14,2.220446049250313e-16
3,5,8,8,0,8,0.00382537137549374,3.9569930211536506e-14,0.0
4,4,8,0,0,0,0.006497037379993542,,
4,4,8,1,0,1,0.014540541296632322,1.216491457983258e-15,0.0
4,4,8,2,0,2,0.028729416005323024,2.6447247612383543e-15,0.0
4,4,8,3,0,3,0.005712604243987379,9.648783025687321e-15,0.0
4,4,8,4,0,4,0.02858369384495695,1.0793303947533725e-14,0.0
4,4,8,5,0,5,0.02090982737134329,5.371923194503361e-15,2.220446049250313e-16
4,4,8,6,0,6,0.011743488571432458,5.3202112485956135e-14,2.220446049250313e-16
4,4,8,7,0,7,0.0168661763327155,4.354423860580322e-14,0.0
4,4,8,8,0,8,0.00514855223959632,9.830056674715394e-14,0.0
4,4,9,9,0,9,0.002882614447018591,1.657027715918917e-12,2.220446049250313e-16
2,9,8,0,0,0,0.01584500187397812,,
2,9,8,1,0,1,0.0017866917902802596,1.1266744926943216e-14,0.0
2,9,8,2,0,2,0.0002208510855638536,7.729463496397374e-15,1.1102230246251565e-16
2,9,8,3,0,3,0.008291087134220247,7.883350612250129e-15,3.3306690738754696e-16
2,9,8,4,0,4,6.699543496376287e-05,3.074813654618043e-13,1.1102230246251565e-16
2,9,8,5,0,5,0.006974948917936572,2.2416148436708973e-14,0.0
2,9,8,6,0,6,0.011767143073664301,8.219958290179786e-14,2.220446049250313e-16
2,9,8,7,0,7,0.0005539143556636987,1.2417706838258343e-13,1.1102230246251565e-16
2,9,8,8,0,8,0.00010595420930679928,3.2382542239018184e-13,2.220446049250313e-16
2,9,9,9,0,9,0.0006609248319022048,1.428307033685729e-13,1.1102230246251565e-16
3,6,9,0,0,0,0.00033454636415229303,,
3,6,9,1,0,1,0.00856308052830414,1.1095736686741798e-15,1.1102230246251565e-16
3,6,9,2,0,2,0.011294710115236813,1.8570744480560576e-14,2.220446049250313e-16
3,6,9,3,0,3,0.007920892395801559,4.594522137904728e-15,0.0
3,6,9,4,0,4,0.013343586498648407,6.994124475793721e-13,1.1102230246251565e-16
3,6,9,5,0,5,0.025727406331319872,4.371405199688144e-13,1.1102230246251565e-16
3,6,9,6,0,6,0.008964869131277782,2.3545127010123384e-14,1.1102230246251565e-16
3,6,9,7,0,7,0.01169950930658545,4.6243625869797344e-14,2.220446049250313e-16
3,6,9,8,0,8,0.023220551017721344,7.452398877788851e-14,3.3306690738754696e-16
3,6,9,9,0,9,0.013461058951411765,1.371099363430006e-13,2.220446049250313e-16
3,6,10,10,0,10,0.0005088122847681224,6.772871008080526e-13,1.1102230246251565e-16
2,10,9,0,0,0,0.011505802876086466,,
2,10,9,1,0,1,0.003582070963291085,3.314469562853107e-15,1.1102230246251565e-16
2,10,9,2,0,2,0.006226017821131493,6.775516441233153e-14,0.0
2,10,9,3,0,3,0.0041069624189201655,1.370829636617731e-14,0.0
2,10,9,4,0,4,0.0040273455657157215,2.779638404552627e-14,3.3306690738754696e-16
2,10,9,5,0,5,0.002552928850081045,4.446344662574628e-14,0.0
2,10,9,6,0,6,0.007671285408989109,1.5246032846000495e-14,0.0
2,10,9,7,0,7,0.0020851404277062446,5.296473529960513e-14,3.3306690738754696e-16
2,10,9,8,0,8,0.007853315067220583,6.107197637078156e-14,1.1102230246251565e-16
2,10,9,9,0,9,0.0010185079788424516,2.0592760419380474e-13,2.220446049250313e-16
2,10,10,10,0,10,0.00031036896617865726,1.991893516565379e-12,1.1102230246251565e-16
2,11,10,0,0,0,0.0004253796719603217,,
2,11,10,1,0,1,0.0017164237228036313,6.219646796678926e-15,0.0
2,11,10,2,0,2,0.014964181374032857,3.100329831004086e-15,0.0
2,11,10,3,0,3,0.002152805918810765,2.1566812489703134e-14,0.0
2,11,10,4,0,4,0.016027643900794083,2.31810732546341e-14,1.1102230246251565e-16
2,11,10,5,0,5,0.012711723269420138,1.2010447391463579e-13,0.0
2,11,10,6,0,6,0.005798221284224087,2.4966332148473396e-14,3.3306690738754696e-16
2,11,10,7,0,7,0.0009980750670015425,1.3796748492632798e-12,2.220446049250313e-16
2,11,10,8,0,8,0.0036799547093458256,4.0101724761983896e-14,3.3306690738754696e-16
2,11,10,9,0,9,0.0012702592276630552,2.8431005267192086e-13,3.3306690738754696e-16
2,11,10,10,0,10,0.0007821593013465079,2.080584958662185e-13,3.3306690738754696e-16
2,11,11,11,0,11,0.0002706516730542549,4.734057024872658e-13,1.1102230246251565e-16
4,5,10,0,0,0,0.014592137244097416,,
4,5,10,1,0,1,0.019046718997435885,2.26005664795221e-15,0.0
4,5,10,2,0,2,0.024885197041048353,5.585741335314572e-15,0.0
4,5,10,3,0,3,0.02936996302513093,5.08933902660233e-15,0.0
4,5,10,4,0,4,0.043315806308086825,3.274309387214206e-13,0.0
4,5,10,5,0,5,0.026046610375394547,2.0356726040802988e-14,2.220446049250313e-16
4,5,11,6,0,6,0.003150010283716958,8.251670982280997e-14,1.1102230246251565e-16
4,5,11,7,0,7,0.003307803829014936,1.7896184613933468e-13,1.1102230246251565e-16
4,5,11,8,0,8,0.006208506135664696,3.1402292093808854e-13,2.220446049250313e-16
4,5,11,9,0,9,0.004885014809085819,5.036593759778173e-13,2.220446049250313e-16
4,5,11,10,0,10,0.0027033156352202015,5.380344668308224e-13,2.220446049250313e-16
4,5,11,11,0,11,0.0030780737999496436,4.991931765609953e-13,3.3306690738754696e-16
3,7,10,0,0,0,0.03306150073114051,,
3,7,10,1,0,1,0.03442271646865872,8.730070152037962e-16,0.0
3,7,10,2,0,2,0.02046404428923677,3.8593033980512166e-15,0.0
3,7,11,3,0,3,0.002363644740949058,1.242551266196567e-13,1.1102230246251565e-16
3,7,11,4,0,4,0.003174856181236348,1.1003351242581955e-13,1.1102230246251565e-16
3,7,11,5,0,5,0.008332029817945969,1.3465354151414682e-13,1.1102230246251565e-16
3,7,11,6,0,6,0.01531224527855625,7.908238823531145e-13,1.1102230246251565e-16
3,7,11,7,0,7,0.009268365266992814,2.7637548441348243e-13,1.1102230246251565e-16
3,7,11,8,0,8,0.007847654928662923,4.6431098138384165e-14,3.3306690738754696e-16
3,7,11,9,0,9,0.016891431867659512,1.7133178524662163e-11,0.0
3,7,11,10,0,10,0.0028000555052219048,8.11919919674999e-14,2.220446049250313e-16
3,7,11,11,0,11,0.008295220282580626,1.7780177757078058e-13,2.220446049250313e-16
2,12,11,0,0,0,0.0018628248245942105,,
2,12,11,1,0,1,0.0007125809509914699,7.799373253549031e-15,0.0
2,12,11,2,0,2,0.00027495835143818346,1.9646086788916237e-13,1.1102230246251565e-16
2,12,11,3,0,3,0.005644500217324062,9.479773945266551e-15,2.220446049250313e-16
2,12,11,4,0,4,0.0003629199762016427,9.934087689527247e-13,1.1102230246251565e-16
2,12,11,5,0,5,0.011487567607603,3.727525003446338e-13,1.1102230246251565e-16
2,12,11,6,0,6,4.286826669512842e-05,1.1707973105863456e-12,2.220446049250313e-16
2,12,11,7,0,7,0.0020701016351749955,5.6800416167661495e-14,3.3306690738754696e-16
2,12,11,8,0,8,0.0017309486291195325,3.938652938324513e-13,3.3306690738754696e-16
2,12,11,9,0,9,0.00013003251588212608,7.304392155899722e-13,1.1102230246251565e-16
2,12,11,10,0,10,0.002924496487577021,1.5576778590281702e-13,0.0
2,12,11,11,0,11,0.0007292827968449549,2.3032864707510134e-13,2.220446049250313e-16
2,12,12,12,0,12,5.436351474169996e-05,1.62291639695907e-12,2.220446049250313e-16
2,13,12,0,0,0,0.0012207874431650904,,
2,13,12,1,0,1,0.010184349589729124,2.5009543608316138e-15,1.1102230246251565e-16
2,13,12,2,0,2,0.00207169761811099,8.540048427179183e-15,0.0
2,13,12,3,0,3,0.004569748047069488,5.061293417962371e-14,0.0
2,13,12,4,0,4,0.002112217996977308,2.742647543864684e-14,0.0
2,13,12,5,0,5,0.004767436733329433,6.259923130579828e-14,0.0
2,13,12,6,0,6,0.0009594278746177336,2.642964042581047e-13,4.440892098500626e-16
2,13,12,7,0,7,0.0008618027440085898,2.9806679727256533e-13,2.220446049250313e-16
2,13,12,8,0,8,0.006093439070511549,5.51623306418018e-14,3.3306690738754696e-16
2,13,12,9,0,9,0.00010140597677065653,7.959570261081738e-13,2.220446049250313e-16
2,13,12,10,0,10,0.0009883716336550477,1.0433799907303643e-13,1.1102230246251565e-16
2,13,12,11,0,11,0.00040739818561192715,3.960821694184957e-12,1.1102230246251565e-16
2,13,12,12,0,12,0.00017052789154073066,9.371728034104424e-13,1.1102230246251565e-16
2,13,13,13,0,13,0.0022563899132687477,1.8221438454612543e-12,2.220446049250313e-16
3,8,12,0,0,0,0.011350855055384888,,
3,8,12,1,0,1,0.013200744681542333,1.613588979199631e-15,0.0
3,8,12,2,0,2,0.016614055862885193,1.179326412631526e-14,1.1102230246251565e-16
3,8,12,3,0,3,0.03677566827839279,4.706196823802281e-15,0.0
3,8,12,4,0,4,0.020910951970075965,3.005202247712798e-14,0.0
3,8,12,5,0,5,0.028425027717516562,2.085870050475474e-14,0.0
3,8,12,6,0,6,0.024396187602018744,2.1940480297491779e-13,0.0
3,8,13,7,0,7,0.001039279661810348,4.572011035355255e-12,1.1102230246251565e-16
3,8,13,8,0,8,9.2118409589009e-05,1.1594406120372164e-12,1.1102230246251565e-16
3,8,13,9,0,9,0.002996052690498111,6.9714331904793924e-12,2.220446049250313e-16
3,8,13,10,0,10,0.002456043864978099,3.961444311674329e-12,2.220446049250313e-16
3,8,13,11,0,11,0.0033852645747987882,2.1871918085888376e-13,1.1102230246251565e-16
3,8,13,12,0,12,0.002093646209057233,1.800394799330283e-11,1.1102230246251565e-16
3,8,13,13,0,13,0.003950156346180787,2.049083985712152e-12,3.3306690738754696e-16
4,6,12,0,0,0,0.028485691441718725,,
4,6,13,1,0,1,0.0022131063954921445,4.140431597585765e-15,0.0
4,6,13,2,0,2,0.00022653771355560614,1.0605863787897212e-13,1.1102230246251565e-16
4,6,13,3,0,3,0.010292183696570421,5.223146042845511e-14,0.0
4,6,13,4,0,4,0.007766943420943705,1.1134055701482805e-13,1.1102230246251565e-16
4,6,13,5,0,5,0.013855627482598542,8.000438826847267e-14,1.1102230246251565e-16
4,6,13,6,0,6,0.012748684693471374,1.110179021949475e-11,0.0
4,6,13,7,0,7,0.007145744667032349,2.2968352670907694e-12,2.220446049250313e-16
4,6,13,8,0,8,0.006678494360570864,8.586355054682778e-13,1.1102230246251565e-16
4,6,13,9,0,9,0.01228823630418685,8.088795041061178e-13,0.0
4,6,13,10,0,10,0.01763269518416259,4.652997381849737e-13,2.220446049250313e-16
4,6,13,11,0,11,0.020224133664809896,2.5125480919607697e-12,1.1102230246251565e-16
4,6,13,12,0,12,0.019895198037923986,6.823488053177771e-14,2.220446049250313e-16
4,6,13,13,0,13,0.024680655948309756,4.4512418976888556e-13,1.1102230246251565e-16
2,14,13,0,0,0,0.006530562168537457,,
2,14,13,1,0,1,0.00032230637269461775,8.562897272874418e-14,0.0
2,14,13,2,0,2,0.0016848999047921862,7.676446133433009e-15,1.1102230246251565e-16
2,14,13,3,0,3,0.004304005481432545,2.534314251707227e-14,1.1102230246251565e-16
2,14,13,4,0,4,0.0012480145705921926,2.743160148033652e-13,2.220446049250313e-16
2,14,13,5,0,5,0.012808058721237867,9.087955137663183e-14,0.0
2,14,13,6,0,6,0.010755947557388004,3.406946183207625e-14,0.0
2,14,13,7,0,7,0.0002652737708985725,1.1062219530141983e-12,3.3306690738754696e-16
2,14,13,8,0,8,0.00030242318698056874,4.2856326045648297e-13,2.220446049250313e-16
2,14,13,9,0,9,0.0010250088533096877,6.102978497831463e-12,1.1102230246251565e-16
2,14,13,10,0,10,0.0019748273421911237,1.0545696898175281e-13,4.440892098500626e-16
2,14,13,11,0,11,0.002441401396655115,1.2022932326845243e-13,2.220446049250313e-16
2,14,13,12,0,12,0.0002114732370234244,3.6690244572757986e-13,1.1102230246251565e-16
2,14,13,13,0,13,0.0025956282484098994,3.6236405010539717e-13,2.220446049250313e-16
2,14,14,14,0,14,0.0009497782177039971,1.1154879533040463e-12,2.220446049250313e-16
5,5,13,0,0,0,0.02071918028162507,,
5,5,13,1,0,1,0.0261919027728379,1.4510770373942262e-15,1.1102230246251565e-16
5,5,13,2,0,2,0.029819529163088297,1.3010683378046865e-14,0.0
5,5,13,3,0,3,0.02336732040861735,3.305091664207722e-12,4.440892098500626e-16
5,5,13,4,0,4,0.03381010606467417,1.806715113411652e-14,2.220446049250313e-16
5,5,14,5,0,5,0.006034023871814134,4.3580127625382746e-14,1.1102230246251565e-16
5,5,14,6,0,6,0.00866469734023453,8.033749035601855e-13,1.1102230246251565e-16
5,5,14,7,0,7,0.003533488223134739,3.2561104509838407e-12,1.1102230246251565e-16
5,5,14,8,0,8,0.0073503097390320085,3.506567761074238e-13,1.1102230246251565e-16
5,5,14,9,0,9,0.0012090068613039853,1.6166032976495034e-12,2.220446049250313e-16
5,5,14,10,0,10,0.011622545949357216,1.2866389426655552e-12,2.220446049250313e-16
5,5,14,11,0,11,0.004411424747469482,1.3354231177948871e-11,1.1102230246251565e-16
5,5,14,12,0,12,0.007261773361807645,8.50189647179593e-13,3.3306690738754696e-16
5,5,14,13,0,13,0.006337784768705718,1.4062760009207743e-12,1.1102230246251565e-16
5,5,14,14,0,14,0.0032538799817636837,4.488020529429093e-13,1.1102230246251565e-16
2,15,14,0,0,0,0.0005140245090855106,,
2,15,14,1,0,1,0.0022552238117386123,8.790865039364336e-15,0.0
2,15,14,2,0,2,0.0031961401681740447,3.358707583171003e-14,2.220446049250313e-16
2,15,14,3,0,3,0.005413034374806043,1.2488655952814258e-14,1.1102230246251565e-16
2,15,14,4,0,4,0.0028399645032275234,3.524594541693212e-14,2.220446049250313e-16
2,15,14,5,0,5,0.0003819460469608969,2.859755274174468e-13,0.0
2,15,14,6,0,6,0.0009670822861806646,1.090830174694453e-12,4.440892098500626e-16
2,15,14,7,0,7,0.0022184971484304236,1.4219651843665652e-13,1.1102230246251565e-16
2,15,14,8,0,8,0.0016348118135318752,2.045006254610705e-13,2.220446049250313e-16
2,15,14,9,0,9,0.005566852538090277,1.7705282992547132e-13,1.1102230246251565e-16
2,15,14,10,0,10,0.0014431973474164296,2.2557973289326735e-13,1.1102230246251565e-16
2,15,14,11,0,11,4.247277954268214e-05,1.5642007912099394e-12,3.3306690738754696e-16
2,15,14,12,0,12,0.00023380841729446586,5.877281287101537e-13,3.3306690738754696e-16
2,15,14,13,0,13,0.0018880338744148917,1.4704359418069153e-13,0.0
2,15,14,14,0,14,0.002258050778935646,1.2647348303243402e-13,3.3306690738754696e-16
2,15,15,15,0,15,0.00012032881977602899,1.5971413574137488e-12,2.220446049250313e-16
3,9,14,0,0,0,0.004941107136809106,,
3,9,14,1,0,1,0.011358231244139951,2.3794503543543402e-15,0.0
3,9,14,2,0,2,0.011909529238428057,4.56140801942962e-14,0.0
3,9,14,3,0,3,0.015709943348469254,3.502691387819921e-14,1.1102230246251565e-16
3,9,14,4,0,4,0.006135494164638264,7.372696730275017e-13,1.1102230246251565e-16
3,9,14,5,0,5,0.010934901875105022,2.7360733994803824e-14,4.440892098500626e-16
3,9,14,6,0,6,0.010486766940537115,3.1042684436824036e-14,3.3306690738754696e-16
3,9,14,7,0,7,0.009560684601922532,2.052439414158987e-13,1.1102230246251565e-16
3,9,14,8,0,8,0.009084101578021952,8.702284292842018e-14,2.220446049250313e-16
3,9,14,9,0,9,0.013657270194219,4.0172604602886187e-13,4.440892098500626e-16
3,9,14,10,0,10,0.009323414301523215,1.4640283815770788e-13,1.1102230246251565e-16
3,9,14,11,0,11,0.009777556359373246,1.6499161131771256e-12,2.220446049250313e-16
3,9,15,12,0,12,0.0009166944436812791,8.289973142633667e-13,2.220446049250313e-16
3,9,15,13,0,13,0.00045328007795914687,5.784575289426518e-12,2.220446049250313e-16
3,9,15,14,0,14,0.0024125402497336777,5.468129405333799e-13,2.220446049250313e-16
3,9,15,15,0,15,0.0010485251861249588,1.8138190945095945e-12,2.220446049250313e-16
2,16,15,0,0,0,0.003939258030521686,,
2,16,15,1,0,1,0.004315196701705068,4.867600742552984e-15,1.1102230246251565e-16
2,16,15,2,0,2,0.002082668069588286,2.2924108242511582e-14,1.1102230246251565e-16
2,16,15,3,0,3,0.0030545885894503054,1.88442223817592e-13,1.1102230246251565e-16
2,16,15,4,0,4,0.0024263186218322925,5.89997229798663e-13,6.661338147750939e-16
2,16,15,5,0,5,0.00020105531716901794,5.099031045345821e-13,1.1102230246251565e-16
2,16,15,6,0,6,0.004191976960243113,8.455972235803978e-14,2.220446049250313e-16
2,16,15,7,0,7,0.005161775603593826,1.1301410627740434e-12,2.220446049250313e-16
2,16,15,8,0,8,0.0013357702902279459,2.3405742423401297e-13,2.220446049250313e-16
2,16,15,9,0,9,0.0018028740777024013,1.2625952395065178e-13,1.1102230246251565e-16
2,16,15,10,0,10,0.0014092201354599524,1.141006236338912e-13,1.1102230246251565e-16
2,16,15,11,0,11,0.0020442439736294182,1.027133177614958e-12,1.1102230246251565e-16
2,16,15,12,0,12,0.0017957609510352818,2.7079465977141587e-13,4.440892098500626e-16
2,16,15,13,0,13,5.504847801831108e-05,9.386562351365025e-13,4.440892098500626e-16
2,16,15,14,0,14,0.0008279619595458794,6.805922845585643e-13,2.220446049250313e-16
2,16,15,15,0,15,0.0003675775061280953,1.559193827782494e-12,1.1102230246251565e-16
2,16,16,16,0,16,0.0009332541245553973,8.566273655435388e-13,1.1102230246251565e-16
4,7,15,0,0,0,0.008093667965561418,,
4,7,15,1,0,1,0.008526301672268224,3.635330724038158e-15,1.1102230246251565e-16
4,7,15,2,0,2,0.01311976821377094,7.686600509959234e-14,0.0
4,7,15,3,0,3,0.01388170887785362,6.660176742816792e-14,2.220446049250313e-16
4,7,15,4,0,4,0.0115802278474181,4.43496437680693e-14,1.1102230246251565e-16
4,7,15,5,0,5,0.018248103488921846,2.5075732462727156e-14,1.1102230246251565e-16
4,7,15,6,0,6,0.012853924049176272,2.8078726628552563e-13,2.220446049250313e-16
4,7,15,7,0,7,0.01635608603489005,3.827774130622294e-12,1.1102230246251565e-16
4,7,15,8,0,8,0.014056389129368645,5.274448079605819e-13,3.3306690738754696e-16
4,7,15,9,0,9,0.012192119844667627,1.2975017264784496e-13,3.3306690738754696e-16
4,7,16,10,0,10,0.00031011587769601805,1.2891487595369043e-11,2.220446049250313e-16
4,7,16,11,0,11,0.0014038366053382185,1.1650501172715851e-11,1.1102230246251565e-16
4,7,16,12,0,12,0.0014965862785199637,6.269416847006326e-12,1.1102230246251565e-16
4,7,16,13,0,13,0.0028216745598284056,3.819838153591555e-12,4.440892098500626e-16
4,7,16,14,0,14,0.004338857839588455,3.600664731579684e-12,2.220446049250313e-16
4,7,16,15,0,15,0.004278731550775399,1.102680210494696e-11,2.220446049250313e-16
4,7,16,16,0,16,0.009194097691469174,3.895199533303158e-13,2.220446049250313e-16
3,10,15,0,0,0,0.019429841237730654,,
3,10,16,1,0,1,0.0012064821721100444,3.2339818378849505e-15,0.0
3,10,16,2,0,2,0.001974655711392206,1.5603362700931766e-14,0.0
3,10,16,3,0,3,0.004003587476763869,1.555776608304069e-14,0.0
3,10,16,4,0,4,0.002626376726907745,1.077152830905744e-13,0.0
3,10,16,5,0,5,0.0023585911169816953,5.241493007569719e-13,1.1102230246251565e-16
3,10,16,6,0,6,0.0028344858208272116,1.380218138197608e-13,3.3306690738754696e-16
3,10,16,7,0,7,0.00490489220635388,4.675419779307236e-13,4.440892098500626e-16
3,10,16,8,0,8,0.010832988090663832,5.526103674810547e-13,1.1102230246251565e-16
3,10,16,9,0,9,0.002324865623525565,1.3240512937320802e-13,1.1102230246251565e-16
3,10,16,10,0,10,0.005888155363236171,3.7558554488350125e-13,4.440892098500626e-16
3,10,16,11,0,11,0.014234393728362804,9.10056406941157e-14,2.220446049250313e-16
3,10,16,12,0,12,0.016569657503404483,4.5369143904200424e-13,2.220446049250313e-16
3,10,16,13,0,13,0.006614899136818278,1.1629960427964943e-12,3.3306690738754696e-16
3,10,16,14,0,14,0.007813746414140555,6.447129072233348e-13,3.3306690738754696e-16
3,10,16,15,0,15,0.006232435401466302,1.2204254316506693e-12,2.220446049250313e-16
3,10,16,16,0,16,0.006379832100467517,5.82592829888734e-13,2.220446049250313e-16
2,17,16,0,0,0,0.006877633812758051,,
2,17,16,1,0,1,0.0012674464471442888,1.266326180797948e-14,0.0
2,17,16,2,0,2,0.0010660716886529687,3.1287455251858115e-14,0.0
2,17,16,3,0,3,0.0035571678865295754,2.733237651789699e-14,2.220446049250313e-16
2,17,16,4,0,4,0.0005054184075320725,1.0714892563827736e-13,1.1102230246251565e-16
2,17,16,5,0,5,0.0012810603350630635,6.586359020721892e-13,3.3306690738754696e-16
2,17,16,6,0,6,0.00782373718001215,2.9719726045861934e-14,1.1102230246251565e-16
2,17,16,7,0,7,0.0004362023751453499,2.755488648796128e-13,1.1102230246251565e-16
2,17,16,8,0,8,0.0033708243057175937,2.0640501292159748e-13,2.220446049250313e-16
2,17,16,9,0,9,0.00039365293432893223,6.165157361340215e-12,2.220446049250313e-16
2,17,16,10,0,10,0.0020030042200639498,2.9471180983723205e-13,2.220446049250313e-16
2,17,16,11,0,11,0.0004824700479955322,1.691612914938934e-11,0.0
2,17,16,12,0,12,3.174799647671757e-05,3.141293957125728e-12,1.1102230246251565e-16
2,17,16,13,0,13,0.0012466526115838673,3.524283601854135e-13,1.1102230246251565e-16
2,17,16,14,0,14,0.0022225550644538812,2.643997523690192e-13,3.3306690738754696e-16
2,17,16,15,0,15,0.0020661690113140735,6.299811852492489e-13,2.220446049250313e-16
2,17,16,16,0,16,0.0008869991292666244,1.4358993018110237e-12,3.3306690738754696e-16
2,17,17,17,0,17,2.2084467449231006e-05,2.045577649257013e-11,2.220446049250313e-16
5,6,16,0,0,0,0.013852621944933979,,
5,6,16,1,0,1,0.026355856185128146,1.88863446630988e-15,2.220446049250313e-16
5,6,16,2,0,2,0.02109585508191397,7.441393946944425e-15,1.1102230246251565e-16
5,6,17,3,0,3,0.00043137869663610005,5.719639315263412e-13,3.3306690738754696e-16
5,6,17,4,0,4,0.0023446991979034324,1.6077385980108227e-12,0.0
5,6,17,5,0,5,0.0013042644265893193,2.6134965178209626e-12,2.220446049250313e-16
5,6,17,6,0,6,0.004735184871920287,4.090705146266545e-13,4.440892098500626e-16
5,6,17,7,0,7,0.007576668151609922,8.697732446562543e-14,0.0
5,6,17,8,0,8,0.005360107184670455,2.200604436930521e-13,3.3306690738754696e-16
5,6,17,9,0,9,0.01283362381988482,7.30201554550176e-14,1.1102230246251565e-16
5,6,17,10,0,10,0.010033786632272312,2.0098228350056498e-13,1.1102230246251565e-16
5,6,17,11,0,11,0.005999677098335648,3.3041177991410106e-13,2.220446049250313e-16
5,6,17,12,0,12,0.004372698572427869,1.236175853427532e-12,2.220446049250313e-16
5,6,17,13,0,13,0.010750928114901298,2.00998590591469e-12,3.3306690738754696e-16
5,6,17,14,0,14,0.01391492687413212,1.0253439217086115e-13,3.3306690738754696e-16
5,6,17,15,0,15,0.017294647032095448,9.431543495951431e-13,4.440892098500626e-16
5,6,17,16,0,16,0.009253317031895835,2.74410415979211e-13,3.3306690738754696e-16
5,6,17,17,0,17,0.00792238983105245,1.0022819615641313e-12,1.1102230246251565e-16
2,18,17,0,0,0,0.0006838714467373672,,
2,18,17,1,0,1,3.337311609383444e-05,1.1440203901414322e-13,0.0
2,18,17,2,0,2,0.0014435379366620914,3.3248208001649967e-14,0.0
2,18,17,3,0,3,0.0016607013894973722,3.8277221557698934e-14,2.220446049250313e-16
2,18,17,4,0,4,9.232394565250626e-05,4.590671064654543e-13,0.0
2,18,17,5,0,5,0.0005311364656237873,1.48951206563223e-13,1.1102230246251565e-16
2,18,17,6,0,6,0.0009044624276909847,2.788307098172237e-12,2.220446049250313e-16
2,18,17,7,0,7,0.0003310545494736723,1.870945606887564e-12,4.440892098500626e-16
2,18,17,8,0,8,0.0011833149071866721,2.126919664898837e-13,1.1102230246251565e-16
2,18,17,9,0,9,0.0014119592420361966,4.560735841064449e-12,2.220446049250313e-16
2,18,17,10,0,10,0.0006170209555487475,7.940355253271162e-13,1.1102230246251565e-16
2,18,17,11,0,11,0.00017271438925694832,1.289181437009135e-11,1.1102230246251565e-16
2,18,17,12,0,12,0.0026234532393236225,2.4734584124306964e-13,2.220446049250313e-16
2,18,17,13,0,13,0.0003133872353638886,3.99026942643607e-13,2.220446049250313e-16
2,18,17,14,0,14,0.001096254427786318,4.824891573178977e-12,1.1102230246251565e-16
2,18,17,15,0,15,0.00019312582330482456,5.7463489419425026e-12,3.3306690738754696e-16
2,18,17,16,0,16,0.0002126587830428761,8.508462423977694e-13,4.440892098500626e-16
2,18,17,17,0,17,0.0008578297955721799,4.915614391687976e-13,2.220446049250313e-16
2,18,18,18,0,18,3.251176187219445e-05,3.418348895755354e-12,2.220446049250313e-16
3,11,17,0,0,0,0.013599882142343592,,
3,11,17,1,0,1,0.012743759688917815,2.0384443861856114e-15,0.0
3,11,17,2,0,2,0.014272085352878765,3.2570308039162854e-13,0.0
3,11,17,3,0,3,0.013526550160691335,2.9644154906949076e-14,2.220446049250313e-16
3,11,17,4,0,4,0.009513763409157773,6.937441743186837e-14,1.1102230246251565e-16
3,11,17,5,0,5,0.012450043183989021,2.8233787231862713e-14,1.1102230246251565e-16
3,11,18,6,0,6,0.0004040639290144557,3.944145449948788e-13,3.3306690738754696e-16
3,11,18,7,0,7,0.0015540121209417126,5.756435392927541e-13,2.220446049250313e-16
3,11,18,8,0,8,0.0015783586113645302,3.799686765383522e-10,0.0
3,11,18,9,0,9,0.001431031718595075,4.102924467379968e-12,3.3306690738754696e-16
3,11,18,10,0,10,0.0029836571698149974,3.457825711275149e-13,2.220446049250313e-16
3,11,18,11,0,11,0.0030841420178019645,4.924601573145747e-13,3.3306690738754696e-16
3,11,18,12,0,12,0.005258159551426949,3.3698055650367546e-13,3.3306690738754696e-16
3,11,18,13,0,13,0.0010665679879425425,4.161393788909933e-12,1.1102230246251565e-16
3,11,18,14,0,14,0.0027759391425321244,1.7887204167460266e-12,3.3306690738754696e-16
3,11,18,15,0,15,0.0014430641515880932,3.820179474112188e-12,4.440892098500626e-16
3,11,18,16,0,16,0.003835050709397562,1.6287465087642598e-12,3.3306690738754696e-16
3,11,18,17,0,17,0.004879463080128426,4.804200854503628e-13,4.440892098500626e-16
3,11,18,18,0,18,0.002149779858048518,5.399085403591416e-13,2.220446049250313e-16
4,8,17,0,0,0,0.01699416716557563,,
4,8,17,1,0,1,0.022636377554336142,1.8690293846781117e-15,0.0
4,8,17,2,0,2,0.023602617010101523,1.426860304201014e-14,0.0
4,8,18,3,0,3,0.0010853708841854588,8.017812348786721e-13,0.0
4,8,18,4,0,4,0.0019310938653901123,1.171856097515072e-13,0.0
4,8,18,5,0,5,0.0015642352564850105,3.0443443641744316e-13,2.220446049250313e-16
4,8,18,6,0,6,0.004831433090779313,6.197579985679316e-13,2.220446049250313e-16
4,8,18,7,0,7,0.005832021019366914,1.1493964450577008e-13,2.220446049250313e-16
4,8,18,8,0,8,0.004699237117144238,5.1693497622573605e-11,2.220446049250313e-16
4,8,18,9,0,9,0.008060342753606231,6.209280802528588e-13,1.1102230246251565e-16
4,8,18,10,0,10,0.009109545329492425,1.4715923631662697e-12,2.220446049250313e-16
4,8,18,11,0,11,0.006581417311325885,6.075445744610179e-12,3.3306690738754696e-16
4,8,18,12,0,12,0.0074566760306209404,2.996304519639275e-13,3.3306690738754696e-16
4,8,18,13,0,13,0.0026740956894294923,5.087002038054115e-13,1.1102230246251565e-16
4,8,18,14,0,14,0.010952870549884487,3.4963503135169527e-13,2.220446049250313e-16
4,8,18,15,0,15,0.010719378963678267,9.27152287095553e-13,1.1102230246251565e-16
4,8,18,16,0,16,0.011813885725202351,6.359747027919451e-12,2.220446049250313e-16
4,8,18,17,0,17,0.005676322272881657,1.5411127871412925e-12,3.3306690738754696e-16
4,8,18,18,0,18,0.004085780011076264,3.692635387296477e-13,2.220446049250313e-16
2,19,18,0,0,0,0.0018211173565877935,,
2,19,18,1,0,1,0.0017748535891746531,1.3790870045064689e-14,0.0
2,19,18,2,0,2,0.00033493892125751094,2.7564891376105736e-13,2.220446049250313e-16
2,19,18,3,0,3,0.0015373779523475456,8.929700505594393e-14,1.1102230246251565e-16
2,19,18,4,0,4,0.0006428051467181294,1.13768244845013e-13,1.1102230246251565e-16
2,19,18,5,0,5,9.904644221790172e-05,9.203663648882558e-13,0.0
2,19,18,6,0,6,0.0017559329803244837,4.156392285050187e-11,0.0
2,19,18,7,0,7,0.0025359986856486488,1.4567604101066138e-13,2.220446049250313e-16
2,19,18,8,0,8,0.0047769850447906695,1.6336199088850343e-13,0.0
2,19,18,9,0,9,0.000498102859974711,1.9173976824527444e-12,4.440892098500626e-16
2,19,18,10,0,10,0.0021469015129154056,5.638811416771745e-12,2.220446049250313e-16
2,19,18,11,0,11,0.00021945017241690518,6.31327630948304e-12,3.3306690738754696e-16
2,19,18,12,0,12,0.00039511778442890904,6.403532725253581e-12,2.220446049250313e-16
2,19,18,13,0,13,0.002166935692997279,2.241722889537603e-12,2.220446049250313e-16
2,19,18,14,0,14,0.00043345924688303905,3.315471068270025e-12,3.3306690738754696e-16
2,19,18,15,0,15,9.701078597610566e-05,9.848781872094612e-13,3.3306690738754696e-16
2,19,18,16,0,16,0.00086897885804744,1.8107425351578069e-12,2.220446049250313e-16
2,19,18,17,0,17,0.00011890021496202731,1.2818433826930158e-12,2.220446049250313e-16
2,19,18,18,0,18,7.516972542700185e-05,2.1494371281397415e-12,3.3306690738754696e-16
2,19,19,19,0,19,9.17939578549657e-05,1.0269158382280963e-11,6.661338147750939e-16
2,20,19,0,0,0,0.0006932757915138785,,
2,20,19,1,0,1,0.0009485180914900856,2.4158024410020124e-14,0.0
2,20,19,2,0,2,0.0009735161753529036,4.364845205564739e-14,0.0
2,20,19,3,0,3,0.0014346906300308291,1.238415503598607e-13,1.1102230246251565e-16
2,20,19,4,0,4,0.0019317060003754217,1.2266206957443274e-13,0.0
2,20,19,5,0,5,0.0002611237231060706,2.0240008924619865e-13,3.3306690738754696e-16
2,20,19,6,0,6,6.00763107319545e-05,7.450595639287126e-13,3.3306690738754696e-16
2,20,19,7,0,7,0.0005395939733454997,7.734475049719467e-13,4.440892098500626e-16
2,20,19,8,0,8,0.0005615110499003798,4.638027260716877e-12,0.0
2,20,19,9,0,9,2.7852950565298484e-06,2.7717258057028277e-11,3.3306690738754696e-16
2,20,19,10,0,10,0.0009434474488571161,1.8990060876863166e-10,3.3306690738754696e-16
2,20,19,11,0,11,0.0011226623023734383,4.633268195122278e-12,2.220446049250313e-16
2,20,19,12,0,12,0.00025570958857458085,1.248116353463406e-12,4.440892098500626e-16
2,20,19,13,0,13,9.777921499359853e-05,1.0528710152002746e-11,3.3306690738754696e-16
2,20,19,14,0,14,0.004584885057077765,5.5855426516547594e-12,2.220446049250313e-16
2,20,19,15,0,15,0.0011036019380839565,3.088890686305133e-13,3.3306690738754696e-16
2,20,19,16,0,16,0.0006469727389704293,8.705404512694668e-12,3.3306690738754696e-16
2,20,19,17,0,17,0.0015448959298969744,7.900595947849946e-13,2.220446049250313e-16
2,20,19,18,0,18,0.00029915814640926356,1.549028686320935e-12,2.220446049250313e-16
2,20,19,19,0,19,0.0001365091318347625,4.105483967159982e-11,3.3306690738754696e-16
2,20,20,20,0,20,1.2706802227037919e-05,1.636388432342958e-11,2.220446049250313e-16
3,12,19,0,0,0,0.006701571330538535,,
3,12,19,1,0,1,0.010190833561396665,2.8242768780696554e-15,1.1102230246251565e-16
3,12,19,2,0,2,0.008475046281922818,1.224412167635888e-14,0.0
3,12,19,3,0,3,0.0056219356524498595,5.942075743983236e-14,1.1102230246251565e-16
3,12,19,4,0,4,0.016792175692254746,5.387843588874121e-13,2.220446049250313e-16
3,12,19,5,0,5,0.008722022753368978,1.9061346987366846e-13,0.0
3,12,19,6,0,6,0.008059155037164221,9.180525992430564e-14,0.0
3,12,19,7,0,7,0.0034076461818993192,2.6430781949887635e-13,1.1102230246251565e-16
3,12,19,8,0,8,0.00652436733262394,3.733238037052439e-12,3.3306690738754696e-16
3,12,19,9,0,9,0.0049334345286143775,4.431511996080859e-12,3.3306690738754696e-16
3,12,19,10,0,10,0.01062394435854297,4.0523903509897837e-13,3.3306690738754696e-16
3,12,19,11,0,11,0.010490606722836963,7.502761596576551e-13,3.3306690738754696e-16
3,12,20,12,0,12,0.0001451154541359438,2.4921976868696846e-11,2.220446049250313e-16
3,12,20,13,0,13,0.0014815050427174265,1.0547355270079592e-12,4.440892098500626e-16
3,12,20,14,0,14,0.0005678510310126581,4.849919394213883e-12,1.1102230246251565e-16
3,12,20,15,0,15,0.0007398326164237175,1.7492327550381745e-10,3.3306690738754696e-16
3,12,20,16,0,16,0.0010645347864020895,1.2668303885538347e-10,1.1102230246251565e-16
3,12,20,17,0,17,0.0010604501386568526,1.5988141144821134e-11,4.440892098500626e-16
3,12,20,18,0,18,0.0008186913815135191,3.149117669320369e-11,5.551115123125783e-16
3,12,20,19,0,19,0.002399818574447865,1.5375600443953501e-12,4.440892098500626e-16
3,12,20,20,0,20,0.0010031853730314854,2.2191186600918102e-12,3.3306690738754696e-16
5,7,20,0,0,0,0.00014958382665292212,,
5,7,20,1,0,1,0.0004004745524070396,2.363292950721064e-14,0.0
5,7,20,2,0,2,0.0032174413460519698,2.5352015843122975e-14,3.3306690738754696e-16
5,7,20,3,0,3,0.001686345252395025,5.84344614663946e-13,1.1102230246251565e-16
5,7,20,4,0,4,0.00757379183882483,1.3233377010262787e-13,0.0
5,7,20,5,0,5,0.007421137882802475,3.3657720844587445e-13,2.220446049250313e-16
5,7,20,6,0,6,0.004754644114317815,5.062232980669071e-13,2.220446049250313e-16
5,7,20,7,0,7,0.0037612769156047817,1.5977802014149772e-13,1.1102230246251565e-16
5,7,20,8,0,8,0.010480702913509637,8.961038601586858e-14,2.220446049250313e-16
5,7,20,9,0,9,0.008660864162792386,1.6434317814247876e-12,0.0
5,7,20,10,0,10,0.009473636077933747,2.5655751737100707e-13,1.1102230246251565e-16
5,7,20,11,0,11,0.011767005337619551,1.6078030865885001e-12,2.220446049250313e-16
5,7,20,12,0,12,0.009730517186710464,1.1747784275182014e-12,4.440892098500626e-16
5,7,20,13,0,13,0.009709010731295365,2.4483803132270408e-12,2.220446049250313e-16
5,7,20,14,0,14,0.006246638679431743,1.6478584804894067e-11,2.220446049250313e-16
5,7,20,15,0,15,0.01084694840551795,8.946654682135196e-12,1.1102230246251565e-16
5,7,20,16,0,16,0.017073952569126118,6.21349966407636e-13,0.0
5,7,20,17,0,17,0.012631237317519533,7.094256858335411e-11,3.3306690738754696e-16
5,7,20,18,0,18,0.013688588993974904,1.220060206265637e-11,4.440892098500626e-16
5,7,20,19,0,19,0.01083581056660034,2.5472882722366117e-12,2.220446049250313e-16
5,7,20,20,0,20,0.006727488533683626,7.030928852058768e-12,2.220446049250313e-16
5,7,21,21,0,21,0.00032530901932038706,9.202541595581771e-12,3.3306690738754696e-16
2,21,20,0,0,0,8.332518930192448e-05,,
2,21,20,1,0,1,0.0012707904155390747,1.0141438057732001e-14,1.1102230246251565e-16
2,21,20,2,0,2,0.0016207139328736845,9.856176655666274e-14,0.0
2,21,20,3,0,3,0.0023343590056257475,4.374497576249866e-14,2.220446049250313e-16
2,21,20,4,0,4,0.0006859686911942392,6.029204995266385e-13,2.220446049250313e-16
2,21,20,5,0,5,0.0012023093205164074,2.60773420659467e-13,1.1102230246251565e-16
2,21,20,6,0,6,0.00010251732112634895,9.771950066974108e-12,3.3306690738754696e-16
2,21,20,7,0,7,0.0003858412895401008,1.650601212455035e-12,0.0
2,21,20,8,0,8,0.00024122455954246535,9.191855719383296e-13,1.1102230246251565e-16
2,21,20,9,0,9,0.00036026439599353923,6.454268041615178e-13,2.220446049250313e-16
2,21,20,10,0,10,0.0005424884721445025,6.575462326044673e-13,2.220446049250313e-16
2,21,20,11,0,11,0.0003161280126729969,1.0262967119107123e-12,1.1102230246251565e-16
2,21,20,12,0,12,0.00020614067483372737,6.522277714601173e-12,4.440892098500626e-16
2,21,20,13,0,13,0.0013655380141873604,8.644389061565994e-13,3.3306690738754696e-16
2,21,20,14,0,14,0.0001980448916648083,1.1314983057323048e-11,3.3306690738754696e-16
2,21,20,15,0,15,0.0017049342152700468,3.2268726329726546e-12,2.220446049250313e-16
2,21,20,16,0,16,0.00010782681108733778,9.077042392499904e-13,2.220446049250313e-16
2,21,20,17,0,17,5.53480538433538e-05,2.848893032769802e-12,3.3306690738754696e-16
2,21,20,18,0,18,0.0005481165017726787,8.90587123087171e-12,2.220446049250313e-16
2,21,20,19,0,19,5.077313228801677e-05,4.245069535588889e-12,5.551115123125783e-16
2,21,20,20,0,20,1.5496317569503763e-05,1.8476780999655105e-11,3.3306690738754696e-16
2,21,21,21,0,21,0.0012039627999467564,9.04003911642549e-13,3.3306690738754696e-16
4,9,20,0,0,0,0.009004597027325123,,
4,9,20,1,0,1,0.004746814332948569,6.873982096210663e-15,1.1102230246251565e-16
4,9,20,2,0,2,0.008472076928095738,1.8107326218119876e-14,1.1102230246251565e-16
4,9,20,3,0,3,0.0072018854104833885,2.2603543813508165e-13,1.1102230246251565e-16
4,9,20,4,0,4,0.010966595583990978,2.607638746343482e-13,2.220446049250313e-16
4,9,20,5,0,5,0.0082130536154096,2.2215993535821157e-13,1.1102230246251565e-16
4,9,20,6,0,6,0.012399637245658244,8.416193286123359e-13,2.220446049250313e-16
4,9,20,7,0,7,0.010545006991278374,6.825818885849322e-13,0.0
4,9,20,8,0,8,0.012885220152785405,7.800636791813921e-14,3.3306690738754696e-16
4,9,20,9,0,9,0.009093746403928375,1.8413533365955124e-13,2.220446049250313e-16
4,9,20,10,0,10,0.013402596737361234,5.886023474117156e-13,2.220446049250313e-16
4,9,20,11,0,11,0.014630174447484373,1.0127066020598381e-12,0.0
4,9,20,12,0,12,0.006862077067022019,6.75478954949604e-12,5.551115123125783e-16
4,9,20,13,0,13,0.011345327107046154,3.0196620559932047e-13,3.3306690738754696e-16
4,9,20,14,0,14,0.009416468890595275,3.246414248925564e-13,2.220446049250313e-16
4,9,21,15,0,15,0.0005576402504028756,1.2517939909458035e-12,2.220446049250313e-16
4,9,21,16,0,16,0.000257734378942335,4.900668748559927e-11,4.440892098500626e-16
4,9,21,17,0,17,0.002442730809545212,2.5697768802949213e-10,3.3306690738754696e-16
4,9,21,18,0,18,0.0019934910241350638,8.297906593058717e-12,2.220446049250313e-16
4,9,21,19,0,19,0.00333106585663897,6.6582800917093976e-12,4.440892098500626e-16
4,9,21,20,0,20,0.004356960350491683,1.6460495688363697e-12,2.220446049250313e-16
4,9,21,21,0,21,0.0019711637061690596,2.199583429624046e-12,4.440892098500626e-16
6,6,20,0,0,0,0.01351439407068774,,
6,6,20,1,0,1,0.010929283148828994,1.9500803174721274e-15,0.0
6,6,20,2,0,2,0.023078088248889055,4.561083903586969e-13,1.1102230246251565e-16
6,6,20,3,0,3,0.016374940636214235,2.6244095190320457e-14,3.3306690738754696e-16
6,6,20,4,0,4,0.018415903369539535,2.895677946906666e-14,0.0
6,6,20,5,0,5,0.021541324784474167,1.5493358230856578e-14,1.1102230246251565e-16
6,6,21,6,0,6,0.001528215061888467,3.957484693931232e-13,2.220446049250313e-16
6,6,21,7,0,7,0.0032107485823679874,9.850606883366395e-14,1.1102230246251565e-16
6,6,21,8,0,8,0.001915590083871332,4.821967325344426e-12,1.1102230246251565e-16
6,6,21,9,0,9,0.0019605476240808005,4.359065841409154e-11,2.220446049250313e-16
6,6,21,10,0,10,0.0027950876235332853,1.7139462879260106e-12,3.3306690738754696e-16
6,6,21,11,0,11,0.002792114243830089,2.5991035607534414e-12,3.3306690738754696e-16
6,6,21,12,0,12,0.0040085482012935745,5.290750893886065e-12,1.1102230246251565e-16
6,6,21,13,0,13,0.00790616839086369,1.9618971920923427e-12,1.1102230246251565e-16
6,6,21,14,0,14,0.0053192102614193285,2.484331333038843e-12,3.3306690738754696e-16
6,6,21,15,0,15,0.007508258947263414,6.364944256796419e-13,3.3306690738754696e-16
6,6,21,16,0,16,0.006002601227420177,2.7379563715503598e-11,3.3306690738754696e-16
6,6,21,17,0,17,0.00839375768188211,1.3048054862164981e-11,1.1102230246251565e-16
6,6,21,18,0,18,0.009735778584938916,2.5430626471725882e-12,2.220446049250313e-16
6,6,21,19,0,19,0.005014456053495871,2.988163204846455e-12,3.3306690738754696e-16
6,6,21,20,0,20,0.012545856530255178,1.9297510068305181e-13,3.3306690738754696e-16
6,6,21,21,0,21,0.006142467896031931,3.4146573495172133e-12,4.440892098500626e-16
2,22,21,0,0,0,7.86693913731758e-05,,
2,22,21,1,0,1,0.00016699904413107757,3.846959236354459e-14,1.1102230246251565e-16
2,22,21,2,0,2,5.6085380972926514e-05,4.0958247567628247e-13,0.0
2,22,21,3,0,3,0.00018045997922431844,7.186497310074349e-13,0.0
2,22,21,4,0,4,0.00031175972909897786,2.6181471197359755e-13,0.0
2,22,21,5,0,5,0.002151116415198645,1.2281067969566135e-11,3.3306690738754696e-16
2,22,21,6,0,6,0.001521223081129814,1.9893687170398308e-13,2.220446049250313e-16
2,22,21,7,0,7,0.00030399231398923007,9.026298310034591e-13,1.1102230246251565e-16
2,22,21,8,0,8,9.359506908160615e-05,6.87683736539695e-13,2.220446049250313e-16
2,22,21,9,0,9,0.000807420208312774,6.10091766649464e-11,3.3306690738754696e-16
2,22,21,10,0,10,0.00028524666980296126,1.4180319127261823e-12,1.1102230246251565e-16
2,22,21,11,0,11,0.000284040256778119,3.3606045293747998e-12,1.1102230246251565e-16
2,22,21,12,0,12,0.0007944255931200876,4.101636816992594e-12,1.1102230246251565e-16
2,22,21,13,0,13,0.0004962530775730324,3.59818055550802e-11,2.220446049250313e-16
2,22,21,14,0,14,2.9407718688756105e-07,4.824256946676171e-10,3.3306690738754696e-16
2,22,21,15,0,15,0.0007339166891552828,8.737698570581038e-13,0.0
2,22,21,16,0,16,0.00024389985625078336,3.129548376970408e-12,7.771561172376096e-16
2,22,21,17,0,17,0.00046769549612008193,1.4057415370589212e-12,4.440892098500626e-16
2,22,21,18,0,18,0.0004030265928137205,1.561416432806343e-11,3.3306690738754696e-16
2,22,21,19,0,19,0.00010134157683328809,7.871660537840154e-12,4.440892098500626e-16
2,22,21,20,0,20,0.0003858898396248131,2.0794360498306776e-12,3.3306690738754696e-16
2,22,21,21,0,21,0.001922548295646122,3.4419772395901867e-12,7.771561172376096e-16
2,22,22,22,0,22,4.0647522541765506e-05,1.3941770056776032e-11,4.440892098500626e-16
3,13,21,0,0,0,0.0020592008350702956,,
3,13,21,1,0,1,0.0031107847639832973,5.891533871166694e-15,1.1102230246251565e-16
3,13,21,2,0,2,0.00476349048282119,2.0282379593970178e-14,0.0
3,13,21,3,0,3,0.007380112986252151,1.0650591443323009e-13,0.0
3,13,21,4,0,4,0.0013927059989197368,1.947768808623118e-13,3.3306690738754696e-16
3,13,21,5,0,5,0.006681002648662639,1.1138872362141066e-13,2.220446049250313e-16
3,13,21,6,0,6,0.006592560926115582,1.051553907273951e-12,2.220446049250313e-16
3,13,21,7,0,7,0.005302181933398786,8.912201937620311e-14,2.220446049250313e-16
3,13,21,8,0,8,0.0031500711724712243,2.1032572945338095e-11,3.3306690738754696e-16
3,13,21,9,0,9,0.007749572908022694,2.025999915902397e-13,4.440892098500626e-16
3,13,21,10,0,10,0.0030944008935675053,9.00009446294013e-12,1.1102230246251565e-16
3,13,21,11,0,11,0.00931801083330327,5.537809806451029e-13,2.220446049250313e-16
3,13,21,12,0,12,0.00351799968058002,3.710238999839974e-12,2.220446049250313e-16
3,13,21,13,0,13,0.004862190229800552,1.0009581306728109e-10,3.3306690738754696e-16
3,13,21,14,0,14,0.0027288085732638805,4.398969131287387e-13,4.440892098500626e-16
3,13,21,15,0,15,0.004477733574248253,1.1450411371314733e-12,4.440892098500626e-16
3,13,21,16,0,16,0.0013038531785633637,1.1472244601646021e-12,3.3306690738754696e-16
3,13,21,17,0,17,0.005819424917152409,5.268592185004053e-13,4.440892098500626e-16
3,13,21,18,0,18,0.004227052540969331,3.4753919775983435e-10,3.3306690738754696e-16
3,13,22,19,0,19,0.00024011715351287557,2.5705003229683827e-11,2.220446049250313e-16
3,13,22,20,0,20,0.00018979758944049943,3.797883299268262e-11,3.3306690738754696e-16
3,13,22,21,0,21,0.00026467786647470335,2.6029414265759772e-12,5.551115123125783e-16
3,13,22,22,0,22,0.001125982678706796,1.1900879703797411e-11,3.3306690738754696e-16
2,23,22,0,0,0,0.001635045454508374,,
2,23,22,1,0,1,0.0005997771446160383,2.498949719696807e-14,0.0
2,23,22,2,0,2,0.00032823276474108515,9.224913426594493e-14,1.1102230246251565e-16
2,23,22,3,0,3,0.00019860510036565668,2.115142707890925e-13,0.0
2,23,22,4,0,4,0.00042749702180843146,1.3699472991481054e-13,3.3306690738754696e-16
2,23,22,5,0,5,0.0008083204034931368,9.437510107146561e-14,1.1102230246251565e-16
2,23,22,6,0,6,0.0003867091343825355,2.4723355450873164e-12,4.440892098500626e-16
2,23,22,7,0,7,0.00011891234999432103,2.0695854338626325e-12,0.0
2,23,22,8,0,8,0.0012595521187451066,1.1525664590252103e-12,3.3306690738754696e-16
2,23,22,9,0,9,0.00010926220415514259,3.1378917198819666e-11,2.220446049250313e-16
2,23,22,10,0,10,0.00039771172284493563,8.112857584228227e-13,2.220446049250313e-16
2,23,22,11,0,11,0.0003325267198399601,6.175230825149579e-13,5.551115123125783e-16
2,23,22,12,0,12,9.392820150569813e-05,2.3206115710541157e-12,4.440892098500626e-16
2,23,22,13,0,13,0.0007945169021198278,6.091618519303039e-12,4.440892098500626e-16
2,23,22,14,0,14,0.00044135469202644806,1.1517373818272846e-12,6.661338147750939e-16
2,23,22,15,0,15,0.0010691069373362436,6.499779560218475e-13,2.220446049250313e-16
2,23,22,16,0,16,5.3849797954810516e-05,1.1945548694697912e-10,4.440892098500626e-16
2,23,22,17,0,17,2.390764274400278e-05,6.150168966218393e-12,2.220446049250313e-16
2,23,22,18,0,18,0.0002092214554225636,3.288032625299533e-12,3.3306690738754696e-16
2,23,22,19,0,19,0.0002690826469883854,7.452977444105734e-13,2.220446049250313e-16
2,23,22,20,0,20,0.0021498509186501772,6.215845716350943e-13,4.440892098500626e-16
2,23,22,21,0,21,5.444225481630956e-06,3.979254537451649e-10,5.551115123125783e-16
2,23,22,22,0,22,0.00021169034280940784,1.8164936059715016e-11,5.551115123125783e-16
2,23,23,23,0,23,0.00012028744137455338,7.765138900603042e-12,3.3306690738754696e-16
4,10,22,0,0,0,0.01476094921362571,,
4,10,22,1,0,1,0.012809236657041515,3.2197284389269995e-15,0.0
4,10,22,2,0,2,0.008317971702697602,6.022121339316964e-15,2.220446049250313e-16
4,10,22,3,0,3,0.01748511131986318,2.7064105434655477e-13,1.1102230246251565e-16
4,10,22,4,0,4,0.01615617752779665,1.0033626998485735e-13,1.1102230246251565e-16
4,10,22,5,0,5,0.016774464208972835,3.4258919646153705e-14,3.3306690738754696e-16
4,10,23,6,0,6,0.0005635589108510187,7.056842310725256e-13,1.1102230246251565e-16
4,10,23,7,0,7,0.0006787422454803693,4.874020335804233e-12,2.220446049250313e-16
4,10,23,8,0,8,0.00177574912598063,5.832622340879422e-12,2.220446049250313e-16
4,10,23,9,0,9,0.0022464005015362908,1.385124073847531e-12,2.220446049250313e-16
4,10,23,10,0,10,0.0031151995820802108,1.5774095849055222e-12,5.551115123125783e-16
4,10,23,11,0,11,0.0036381688812564712,2.7060956746274087e-12,2.220446049250313e-16
4,10,23,12,0,12,0.0047329595222595925,1.32259005302386e-12,1.1102230246251565e-16
4,10,23,13,0,13,0.003169594534960233,2.4152656734764512e-12,3.3306690738754696e-16
4,10,23,14,0,14,0.0020757835891377164,8.09123499550518e-12,2.220446049250313e-16
4,10,23,15,0,15,0.004450891030360711,4.187638501253782e-12,3.3306690738754696e-16
4,10,23,16,0,16,0.0044201232439885045,6.184537824082882e-12,3.3306690738754696e-16
4,10,23,17,0,17,0.006302296485015355,2.296098138670589e-11,3.3306690738754696e-16
4,10,23,18,0,18,0.004990663030114572,5.719683272841409e-12,4.440892098500626e-16
4,10,23,19,0,19,0.0030623235597797096,2.131970455222456e-12,2.220446049250313e-16
4,10,23,20,0,20,0.005629385627773942,5.272332546851244e-12,5.551115123125783e-16
4,10,23,21,0,21,0.007947665730013116,7.0808656943866185e-12,3.3306690738754696e-16
4,10,23,22,0,22,0.006021957218649926,6.57887515282452e-13,3.3306690738754696e-16
4,10,23,23,0,23,0.005224377969106076,5.5262971735240884e-12,3.3306690738754696e-16
3,14,22,0,0,0,0.012177178344559532,,
3,14,22,1,0,1,0.006537299113141106,3.1482019646027685e-15,0.0
3,14,22,2,0,2,0.005373820539851279,8.434217825160218e-14,2.220446049250313e-16
3,14,23,3,0,3,0.0005861413469128539,1.212898309200317e-13,1.1102230246251565e-16
3,14,23,4,0,4,0.000790009372890903,4.4573012786450887e-13,4.440892098500626e-16
3,14,23,5,0,5,0.0025671080502066026,6.929509548097414e-13,0.0
3,14,23,6,0,6,0.0015382437034367007,6.141668136335457e-13,3.3306690738754696e-16
3,14,23,7,0,7,0.0018542853466968167,3.0390833121522912e-12,3.3306690738754696e-16
3,14,23,8,0,8,0.002787033879000537,1.4429660803899065e-12,3.3306690738754696e-16
3,14,23,9,0,9,0.0032185226448430172,9.782462212743586e-13,0.0
3,14,23,10,0,10,0.0025604772480976477,3.4559019664761273e-12,1.1102230246251565e-16
3,14,23,11,0,11,0.0018592877762165776,3.4233830546727332e-12,2.220446049250313e-16
3,14,23,12,0,12,0.0035943719698100086,3.1480007302833326e-12,1.1102230246251565e-16
3,14,23,13,0,13,0.0025831385849151302,5.641207320774675e-12,2.220446049250313e-16
3,14,23,14,0,14,0.0020594797916603526,1.9512968156739385e-11,2.220446049250313e-16
3,14,23,15,0,15,0.0028208702694588034,1.9002700642988137e-12,2.220446049250313e-16
3,14,23,16,0,16,0.003290676007039657,2.4579617125650915e-11,3.3306690738754696e-16
3,14,23,17,0,17,0.006523681053018906,4.2744875286105255e-12,2.220446049250313e-16
3,14,23,18,0,18,0.0022722642540477954,1.996563434006581e-11,2.220446049250313e-16
3,14,23,19,0,19,0.002189897645106876,3.962937217442157e-12,3.3306690738754696e-16
3,14,23,20,0,20,0.0021874663765460195,2.7455012362199855e-12,4.440892098500626e-16
3,14,23,21,0,21,0.0016648840666189635,1.3083907822158016e-11,4.440892098500626e-16
3,14,23,22,0,22,0.004016818045619487,1.6383176805342251e-12,3.3306690738754696e-16
3,14,23,23,0,23,0.0011588729772635357,2.9170822103889127e-12,4.440892098500626e-16
2,24,23,0,0,0,0.0036910206297630474,,
2,24,23,1,0,1,0.0009804902153471681,2.0867040535591328e-14,0.0
2,24,23,2,0,2,0.001014916481277315,9.747777835463583e-14,3.3306690738754696e-16
2,24,23,3,0,3,0.00010438814613508506,3.956875436699577e-13,2.220446049250313e-16
2,24,23,4,0,4,0.00028655591410170993,1.8272036238106346e-13,0.0
2,24,23,5,0,5,0.0024640551949984433,1.0352731869048996e-13,3.3306690738754696e-16
2,24,23,6,0,6,0.0009968008815893837,1.7768979391996386e-13,1.1102230246251565e-16
2,24,23,7,0,7,0.0006296111597077593,4.3945218286618183e-13,1.1102230246251565e-16
2,24,23,8,0,8,0.00039816985688968364,2.3314145265043994e-12,2.220446049250313e-16
2,24,23,9,0,9,0.00013724019757296144,1.2137563306789602e-12,3.3306690738754696e-16
2,24,23,10,0,10,0.00045550901769619796,1.073699845294259e-11,4.440892098500626e-16
2,24,23,11,0,11,1.2054609413370956e-05,5.521960435788698e-11,0.0
2,24,23,12,0,12,0.00025890655600280634,1.7362030043435102e-12,4.440892098500626e-16
2,24,23,13,0,13,0.0009478314122918702,1.0612624618060158e-11,5.551115123125783e-16
2,24,23,14,0,14,0.0004505844198969392,1.292941123170017e-12,4.440892098500626e-16
2,24,23,15,0,15,0.00015967385570679366,4.934203516911144e-12,3.3306690738754696e-16
2,24,23,16,0,16,0.00023811153695176395,1.0329417475031706e-11,4.440892098500626e-16
2,24,23,17,0,17,0.0003442010315449435,4.718449401458609e-12,4.440892098500626e-16
2,24,23,18,0,18,0.00014075406153727198,2.1319672828385076e-11,3.3306690738754696e-16
2,24,23,19,0,19,0.0009423433078673753,3.2841743495778893e-12,4.440892098500626e-16
2,24,23,20,0,20,2.4789672626324507e-05,5.9850462442307804e-12,4.440892098500626e-16
2,24,23,21,0,21,0.00024929159164820385,2.198335055052462e-12,3.3306690738754696e-16
2,24,23,22,0,22,9.296518173124057e-05,9.699876324703111e-11,3.3306690738754696e-16
2,24,23,23,0,23,0.000123510038091358,6.901274390214927e-12,3.3306690738754696e-16
2,24,24,24,0,24,3.94069203029927e-05,1.3672557422298984e-11,6.661338147750939e-16
5,8,23,0,0,0,0.0029001930318666375,,
5,8,23,1,0,1,0.002639667165483457,9.435477772543102e-15,0.0
5,8,23,2,0,2,0.004770922891897085,2.900642861945518e-14,1.1102230246251565e-16
5,8,23,3,0,3,0.0043056573700090625,5.550181220662627e-13,0.0
5,8,23,4,0,4,0.004934457985533137,7.059628872698899e-14,0.0
5,8,23,5,0,5,0.007296006808472548,7.892342145178436e-12,1.1102230246251565e-16
5,8,23,6,0,6,0.010007133833430092,1.0226574219811477e-12,3.3306690738754696e-16
5,8,23,7,0,7,0.009885670457836547,2.6948162685917027e-13,2.220446049250313e-16
5,8,23,8,0,8,0.011870099835719869,1.2984396075920148e-13,4.440892098500626e-16
5,8,23,9,0,9,0.009834590923879397,6.89366929598351e-13,4.440892098500626e-16
5,8,23,10,0,10,0.011571402826703336,1.5334530115904552e-12,4.440892098500626e-16
5,8,23,11,0,11,0.011636551278061543,2.282530110371466e-12,2.220446049250313e-16
5,8,23,12,0,12,0.013451353754397526,2.487531974280194e-13,0.0
5,8,23,13,0,13,0.011260791742546454,1.3408038213707441e-11,2.220446049250313e-16
5,8,23,14,0,14,0.009036189545839256,2.917326537604215e-13,2.220446049250313e-16
5,8,23,15,0,15,0.014595703254365452,1.4438830186863062e-11,2.220446049250313e-16
5,8,23,16,0,16,0.016458716970142343,3.0194040271502178e-12,3.3306690738754696e-16
5,8,23,17,0,17,0.016372148057692798,1.2833719327729212e-12,4.440892098500626e-16
5,8,23,18,0,18,0.009516829916653131,1.0545517336776377e-12,4.440892098500626e-16
5,8,23,19,0,19,0.011343249472003087,1.3222422634145588e-12,2.220446049250313e-16
5,8,24,20,0,20,0.00014094122788288585,1.0188947142523716e-09,4.440892098500626e-16
5,8,24,21,0,21,0.0012742434896718324,2.3080322055228472e-11,2.220446049250313e-16
5,8,24,22,0,22,0.0029103014603021424,1.8630556244231308e-11,3.3306690738754696e-16
5,8,24,23,0,23,0.0009851313476611674,7.286106915882276e-12,2.220446049250313e-16
5,8,24,24,0,24,0.002506744486148905,5.436595414086307e-13,6.661338147750939e-16
2,25,24,0,0,0,0.0007801682780031907,,
2,25,24,1,0,1,0.002697171138399609,1.0534854257733909e-14,2.220446049250313e-16
2,25,24,2,0,2,0.000634298864472308,6.97820765077806e-14,2.220446049250313e-16
2,25,24,3,0,3,0.0004564857782227018,7.79885684614254e-14,1.1102230246251565e-16
2,25,24,4,0,4,0.0014637402145668322,4.587451373173255e-14,1.1102230246251565e-16
2,25,24,5,0,5,0.00046459600924569114,1.6931422264811658e-13,3.3306690738754696e-16
2,25,24,6,0,6,0.00022139354708875831,2.5131336301326483e-12,1.1102230246251565e-16
2,25,24,7,0,7,0.000687294229430665,1.914594542012327e-12,0.0
2,25,24,8,0,8,3.636782753773493e-05,3.0347035521707077e-12,4.440892098500626e-16
2,25,24,9,0,9,0.0007237506106342631,1.828229114160364e-12,5.551115123125783e-16
2,25,24,10,0,10,0.00034435099509806487,3.296489553804487e-12,2.220446049250313e-16
2,25,24,11,0,11,0.00037427261301535954,1.995694788761685e-11,2.220446049250313e-16
2,25,24,12,0,12,0.0006184367526188586,2.77703483363431e-12,1.1102230246251565e-16
2,25,24,13,0,13,0.00038053249301561254,3.9960544044560044e-12,2.220446049250313e-16
2,25,24,14,0,14,0.00040016995374964775,6.883295548785272e-13,2.220446049250313e-16
2,25,24,15,0,15,1.2546645293480724e-05,6.888771688647302e-11,5.551115123125783e-16
2,25,24,16,0,16,3.0262522145562528e-05,3.500087748355305e-12,3.3306690738754696e-16
2,25,24,17,0,17,0.0003924527528868023,1.1505548734193695e-11,1.1102230246251565e-16
2,25,24,18,0,18,2.130279927292201e-05,2.855346101947838e-10,3.3306690738754696e-16
2,25,24,19,0,19,0.0006184971504979059,2.0270586995009396e-12,2.220446049250313e-16
2,25,24,20,0,20,8.730585612291788e-05,2.5594290300822704e-12,2.220446049250313e-16
2,25,24,21,0,21,0.00021368589111765894,4.7135523414965215e-12,2.220446049250313e-16
2,25,24,22,0,22,3.3687329404844945e-05,1.61301124136694e-11,4.440892098500626e-16
2,25,24,23,0,23,2.2805243030835873e-05,2.3354237357001622e-11,4.440892098500626e-16
2,25,24,24,0,24,0.0001589525474629122,2.7471475167841423e-12,3.3306690738754696e-16
2,25,25,25,0,25,1.2669470474732664e-05,1.110048928345583e-10,4.440892098500626e-16
3,15,24,0,0,0,0.01226113417656098,,
3,15,24,1,0,1,0.006736430509576031,2.3130920491631723e-15,1.1102230246251565e-16
3,15,24,2,0,2,0.010386018077511277,8.78730459759958e-15,1.1102230246251565e-16
3,15,24,3,0,3,0.011286397280813562,2.3349825966940808e-14,1.1102230246251565e-16
3,15,24,4,0,4,0.00638557594906403,9.46305758970118e-13,2.220446049250313e-16
3,15,24,5,0,5,0.011572178073086943,5.324525242115355e-12,4.440892098500626e-16
3,15,24,6,0,6,0.006253445540308206,1.7646958680517535e-13,2.220446049250313e-16
3,15,24,7,0,7,0.006433476649534838,5.747954810867362e-13,1.1102230246251565e-16
3,15,24,8,0,8,0.005386323748759646,1.1819611580875274e-13,5.551115123125783e-16
3,15,24,9,0,9,0.007760045869473005,1.2562051679108608e-12,3.3306690738754696e-16
3,15,25,10,0,10,0.00034837257119287946,1.179894846118359e-10,1.1102230246251565e-16
3,15,25,11,0,11,0.0012174538350294547,6.614722598789418e-12,1.1102230246251565e-16
3,15,25,12,0,12,0.001210634210366812,4.119231143952712e-12,3.3306690738754696e-16
3,15,25,13,0,13,0.0011988044038386922,1.2772507004745968e-11,1.1102230246251565e-16
3,15,25,14,0,14,0.00043724942114488233,2.6922249256956967e-11,3.3306690738754696e-16
3,15,25,15,0,15,0.0013206171933486065,4.709339245355136e-11,1.1102230246251565e-16
3,15,25,16,0,16,0.0007709738041561397,7.43585934623304e-12,3.3306690738754696e-16
3,15,25,17,0,17,0.002378976330336671,4.440252875040317e-12,3.3306690738754696e-16
3,15,25,18,0,18,0.0009571686450851793,8.555686292503561e-12,2.220446049250313e-16
3,15,25,19,0,19,0.0007184511742823492,6.218159756095334e-12,3.3306690738754696e-16
3,15,25,20,0,20,0.0012393559809752495,1.0786640816840958e-11,3.3306690738754696e-16
3,15,25,21,0,21,0.0014560459391146736,1.424915049017723e-11,3.3306690738754696e-16
3,15,25,22,0,22,0.0009567255317063283,1.3826925097752635e-11,3.3306690738754696e-16
3,15,25,23,0,23,0.0022900545944857776,4.675561337175304e-12,3.3306690738754696e-16
3,15,25,24,0,24,0.0010668888506626375,1.8914676239680547e-12,4.440892098500626e-16
3,15,25,25,0,25,0.001876782387852881,1.2182675392528943e-12,4.440892098500626e-16
6,7,24,0,0,0,0.011077959629352678,,
6,7,24,1,0,1,0.01035642804747945,2.5030589030225465e-15,0.0
6,7,24,2,0,2,0.014113770254333724,1.5400414899737685e-14,1.1102230246251565e-16
6,7,24,3,0,3,0.016467284878837724,1.6995158564911802e-14,0.0
6,7,24,4,0,4,0.011719402932281998,2.2140056705294446e-14,0.0
6,7,24,5,0,5,0.009899384406744835,1.7776971630366673e-13,3.3306690738754696e-16
6,7,24,6,0,6,0.015593581582884979,4.953271827046276e-14,1.1102230246251565e-16
6,7,24,7,0,7,0.008556594292542335,3.329499769024202e-12,1.1102230246251565e-16
6,7,24,8,0,8,0.00880206096184105,2.2406740893983867e-13,1.1102230246251565e-16
6,7,24,9,0,9,0.014009427475130556,4.87725846011456e-12,1.1102230246251565e-16
6,7,25,10,0,10,0.0012340824737122544,3.0012682126412594e-13,3.3306690738754696e-16
6,7,25,11,0,11,0.000953851098421749,1.194537061599052e-12,2.220446049250313e-16
6,7,25,12,0,12,0.0013590173031162282,1.1721237708684564e-10,1.1102230246251565e-16
6,7,25,13,0,13,0.002184611218443638,7.47205349400003e-12,4.440892098500626e-16
6,7,25,14,0,14,0.004462969964549913,4.396366986539873e-12,2.220446049250313e-16
6,7,25,15,0,15,0.0035600421052359318,1.1262975185371772e-12,2.220446049250313e-16
6,7,25,16,0,16,0.004608092152906137,2.9207535498764396e-12,4.440892098500626e-16
6,7,25,17,0,17,0.006072588298680073,8.754664468466725e-12,1.1102230246251565e-16
6,7,25,18,0,18,0.002725237817911383,5.2348370148873e-12,2.220446049250313e-16
6,7,25,19,0,19,0.004648591395293598,1.9762474446195638e-11,4.440892098500626e-16
6,7,25,20,0,20,0.006483571570600542,5.2980453788215724e-11,4.440892098500626e-16
6,7,25,21,0,21,0.004579948212225565,1.0327693152066634e-11,2.220446049250313e-16
6,7,25,22,0,22,0.008381094912131402,1.658081628030428e-12,3.3306690738754696e-16
6,7,25,23,0,23,0.004109331774293392,9.108388731235078e-12,3.3306690738754696e-16
6,7,25,24,0,24,0.0045886884888811435,3.693791368564806e-12,4.440892098500626e-16
6,7,25,25,0,25,0.0025207663677355046,1.8430455311298467e-12,3.3306690738754696e-16
2,26,25,0,0,0,0.0014998647336598074,,
2,26,25,1,0,1,0.00023096979135329185,4.409121868934931e-14,3.3306690738754696e-16
2,26,25,2,0,2,0.0004563964561238062,8.402443646744421e-14,0.0
2,26,25,3,0,3,5.823874480984354e-05,9.37605998807108e-13,0.0
2,26,25,4,0,4,0.00011604807059700769,4.5206559992428364e-13,1.1102230246251565e-16
2,26,25,5,0,5,6.535008880177883e-05,1.4488400465030212e-12,2.220446049250313e-16
2,26,25,6,0,6,0.00016634125707021738,4.993357994038065e-13,2.220446049250313e-16
2,26,25,7,0,7,0.0003055918739617847,1.2897848183712447e-12,0.0
2,26,25,8,0,8,0.000153489739422686,1.854568330817328e-12,2.220446049250313e-16
2,26,25,9,0,9,0.00043434209466164104,8.765617807482796e-13,4.440892098500626e-16
2,26,25,10,0,10,0.00031439814177136306,2.3274190024070576e-12,2.220446049250313e-16
2,26,25,11,0,11,0.00023086316193557567,1.7139555048877955e-10,3.3306690738754696e-16
2,26,25,12,0,12,9.080587423439886e-05,4.758195388773715e-11,2.220446049250313e-16
2,26,25,13,0,13,0.00018595069169472636,3.8646381489230695e-12,2.220446049250313e-16
2,26,25,14,0,14,0.0003401652003255502,8.701690396272491e-11,3.3306690738754696e-16
2,26,25,15,0,15,0.0003531379669742601,9.17017399001962e-12,4.440892098500626e-16
2,26,25,16,0,16,0.00018925550606947044,1.9029108987247464e-11,4.440892098500626e-16
2,26,25,17,0,17,7.889171684286614e-05,9.018220335590843e-11,2.220446049250313e-16
2,26,25,18,0,18,0.00020487498255115948,4.5191237111309984e-11,2.220446049250313e-16
2,26,25,19,0,19,4.354754395698535e-05,7.747008297606945e-11,7.771561172376096e-16
2,26,25,20,0,20,4.256655437118449e-05,3.310912436509895e-11,5.551115123125783e-16
2,26,25,21,0,21,2.2803534817717583e-06,5.893863084405413e-11,7.771561172376096e-16
2,26,25,22,0,22,0.00017787959086779733,1.215261115474919e-11,3.3306690738754696e-16
2,26,25,23,0,23,0.00021002470180653436,4.5061829932329104e-11,2.220446049250313e-16
2,26,25,24,0,24,7.707612753401874e-06,1.4725730223017442e-11,5.551115123125783e-16
2,26,25,25,0,25,5.543566551437869e-05,6.067428593601037e-12,5.551115123125783e-16
2,26,26,26,0,26,7.581964442577565e-07,7.863238524615996e-10,4.440892098500626e-16
4,11,25,0,0,0,0.005496316111604105,,
4,11,25,1,0,1,0.0026343333102104823,6.52428818482687e-15,2.220446049250313e-16
4,11,25,2,0,2,0.0065548514682150566,1.838113827596922e-14,1.1102230246251565e-16
4,11,25,3,0,3,0.005655010499255339,2.3647193163194425e-14,0.0
4,11,25,4,0,4,0.005523128838360913,1.2717740018857752e-13,2.220446049250313e-16
4,11,25,5,0,5,0.0058879303714625434,1.0720795436617731e-13,0.0
4,11,25,6,0,6,0.005906434983385312,7.910005908648229e-13,3.3306690738754696e-16
4,11,25,7,0,7,0.003491862765964747,3.124357815328724e-12,2.220446049250313e-16
4,11,25,8,0,8,0.010556819497284617,9.466508620459612e-13,2.220446049250313e-16
4,11,25,9,0,9,0.010573685822770304,1.570372756398683e-12,1.1102230246251565e-16
4,11,25,10,0,10,0.007634614442593123,2.481661177189383e-12,2.220446049250313e-16
4,11,25,11,0,11,0.007304317161900401,2.143519935395618e-13,5.551115123125783e-16
4,11,25,12,0,12,0.009587384675708762,2.9389419811452576e-12,3.3306690738754696e-16
4,11,25,13,0,13,0.010235332646496977,9.840702440712565e-13,3.3306690738754696e-16
4,11,25,14,0,14,0.00798169525510406,3.5284023996219425e-12,2.220446049250313e-16
4,11,25,15,0,15,0.011516019457973094,3.7042269031295584e-11,2.220446049250313e-16
4,11,25,16,0,16,0.0062112233470417244,6.9658585091107384e-12,2.220446049250313e-16
4,11,25,17,0,17,0.005560153275457023,2.0183241088332862e-12,3.3306690738754696e-16
4,11,25,18,0,18,0.0044780845828709505,2.0027933974129798e-11,1.1102230246251565e-16
4,11,25,19,0,19,0.007534375632065367,5.790217833323383e-12,5.551115123125783e-16
4,11,25,20,0,20,0.004587893492721251,4.251095871692636e-11,1.1102230246251565e-16
4,11,26,21,0,21,0.0009820607911628432,5.267906334193732e-12,0.0
4,11,26,22,0,22,0.0004805260779716908,1.602286038499252e-11,3.3306690738754696e-16
4,11,26,23,0,23,0.0008483600301317293,2.8056547655212437e-11,3.3306690738754696e-16
4,11,26,24,0,24,0.001731606237143753,5.236925226748675e-12,5.551115123125783e-16
4,11,26,25,0,25,0.0013911770764265363,2.616186564280883e-10,3.3306690738754696e-16
4,11,26,26,0,26,0.0006299037597588568,1.9341966502161764e-11,3.3306690738754696e-16
2,27,26,0,0,0,0.00040714065091056965,,
2,27,26,1,0,1,5.3037747499509096e-05,9.586678412380344e-14,2.220446049250313e-16
2,27,26,2,0,2,6.032746781267664e-05,6.998945387068304e-13,1.1102230246251565e-16
2,27,26,3,0,3,0.002333361081836724,4.021786160123424e-14,0.0
2,27,26,4,0,4,0.00018428043212408485,4.0162619743641517e-13,1.1102230246251565e-16
2,27,26,5,0,5,0.0006706278468832924,1.97214284205215e-13,0.0
2,27,26,6,0,6,0.00011670759853533367,2.573275020729246e-12,0.0
2,27,26,7,0,7,0.00013895057141539676,2.7302146321103858e-12,3.3306690738754696e-16
2,27,26,8,0,8,0.00011194455810343281,7.526335230482805e-13,1.1102230246251565e-16
2,27,26,9,0,9,0.0001137389382867939,7.599668227495576e-12,2.220446049250313e-16
2,27,26,10,0,10,0.00020256993123051153,2.164789700933038e-12,3.3306690738754696e-16
2,27,26,11,0,11,1.7958154436237348e-05,1.5651411201977853e-11,2.220446049250313e-16
2,27,26,12,0,12,5.188594217386715e-05,9.34625539476583e-12,3.3306690738754696e-16
2,27,26,13,0,13,7.685847778559039e-05,5.623919617330798e-12,6.661338147750939e-16
2,27,26,14,0,14,7.218234995814553e-05,6.392884493670137e-12,1.1102230246251565e-16
2,27,26,15,0,15,0.0004750204176286954,2.3589824610068036e-12,4.440892098500626e-16
2,27,26,16,0,16,2.0816075831757843e-05,6.35021814055171e-12,1.1102230246251565e-16
2,27,26,17,0,17,0.00027905292869428793,2.666302407540169e-12,5.551115123125783e-16
2,27,26,18,0,18,1.5607365871845886e-05,9.61051207733179e-12,4.440892098500626e-16
2,27,26,19,0,19,1.9964019115347614e-05,2.841279230334079e-10,5.551115123125783e-16
2,27,26,20,0,20,0.00021072654353179786,9.0062734077942e-11,4.440892098500626e-16
2,27,26,21,0,21,0.0004053275736785177,1.449111687308792e-11,3.3306690738754696e-16
2,27,26,22,0,22,5.307470287637782e-05,2.8039589834620077e-11,5.551115123125783e-16
2,27,26,23,0,23,8.133090039060662e-05,1.4610798661315003e-11,3.3306690738754696e-16
2,27,26,24,0,24,0.000289401947801313,1.609407022224925e-11,7.771561172376096e-16
2,27,26,25,0,25,0.00018924183961986426,2.0213315712114356e-11,4.440892098500626e-16
2,27,26,26,0,26,2.394886915483377e-06,4.376633171845607e-11,4.440892098500626e-16
2,27,27,27,0,27,0.00033218380631973836,3.050906674944516e-11,6.661338147750939e-16
5,9,26,0,0,0,0.006451180985538984,,
5,9,26,1,0,1,0.008413136492921693,3.5033331531692553e-15,1.1102230246251565e-16
5,9,26,2,0,2,0.0054636253416454365,1.3036722401174668e-13,1.1102230246251565e-16
5,9,26,3,0,3,0.01170120370057159,5.5583212947003375e-14,0.0
5,9,26,4,0,4,0.00501765271845809,7.369843988114985e-13,2.220446049250313e-16
5,9,26,5,0,5,0.007546530080570737,5.204292343102266e-13,1.1102230246251565e-16
5,9,26,6,0,6,0.007840191973121713,6.783590937152659e-13,3.3306690738754696e-16
5,9,26,7,0,7,0.01342046488871869,9.498254679297102e-12,2.220446049250313e-16
5,9,26,8,0,8,0.008969645291749928,2.709788065074922e-13,1.1102230246251565e-16
5,9,26,9,0,9,0.00935600182261767,1.3850005889827464e-13,2.220446049250313e-16
5,9,26,10,0,10,0.010766459456350927,2.6497964006413632e-11,2.220446049250313e-16
5,9,26,11,0,11,0.01021146679778279,6.402009761476189e-13,0.0
5,9,26,12,0,12,0.008232011264109133,2.687289112119053e-13,2.220446049250313e-16
5,9,26,13,0,13,0.010373789419631756,2.204782021850044e-12,2.220446049250313e-16
5,9,26,14,0,14,0.01007590551350439,2.4264307433540497e-11,4.440892098500626e-16
5,9,26,15,0,15,0.007847325455020811,7.421114567117439e-12,4.440892098500626e-16
5,9,26,16,0,16,0.009697554571260694,9.237459682180486e-13,4.440892098500626e-16
5,9,26,17,0,17,0.010928929622909428,1.1793277215217267e-10,2.220446049250313e-16
5,9,27,18,0,18,0.0008834035080597236,9.256736978791067e-11,4.440892098500626e-16
5,9,27,19,0,19,0.0005687232070474699,1.6905978790962206e-10,4.440892098500626e-16
5,9,27,20,0,20,0.002421978207846159,5.500230065382366e-12,1.1102230246251565e-16
5,9,27,21,0,21,0.0012887520494762363,1.9870077378007294e-12,2.220446049250313e-16
5,9,27,22,0,22,0.0020351987194879963,8.572046043749165e-12,6.661338147750939e-16
5,9,27,23,0,23,0.0028473586720917173,3.385522665416604e-12,3.3306690738754696e-16
5,9,27,24,0,24,0.0025903347949937593,1.2172412633929026e-12,5.551115123125783e-16
5,9,27,25,0,25,0.0033405993874024856,9.611268881109305e-12,3.3306690738754696e-16
5,9,27,26,0,26,0.0013624484219686328,4.135087972568768e-11,3.3306690738754696e-16
5,9,27,27,0,27,0.0028698794916964094,2.4650663664651763e-12,2.220446049250313e-16
3,16,26,0,0,0,0.004589800129820264,,
3,16,26,1,0,1,0.005316565700353641,6.87035168960868e-15,0.0
3,16,26,2,0,2,0.00446182620008524,2.665124458725107e-14,1.1102230246251565e-16
3,16,26,3,0,3,0.005304420282287694,1.7180796964249185e-13,1.1102230246251565e-16
3,16,26,4,0,4,0.007498911322978609,4.463823859464177e-13,2.220446049250313e-16
3,16,26,5,0,5,0.005038570859777873,4.1375295225218e-13,1.1102230246251565e-16
3,16,26,6,0,6,0.006853493011106921,2.0173413601992784e-13,2.220446049250313e-16
3,16,26,7,0,7,0.006333872861303131,2.660488996931277e-13,4.440892098500626e-16
3,16,26,8,0,8,0.006037161693510604,1.2476649743243436e-13,2.220446049250313e-16
3,16,26,9,0,9,0.00233276364946777,1.8759223561241615e-11,2.220446049250313e-16
3,16,26,10,0,10,0.004942737977906901,6.577483918714981e-11,2.220446049250313e-16
3,16,26,11,0,11,0.005967339386887438,4.91691388460222e-12,2.220446049250313e-16
3,16,26,12,0,12,0.0045142708524528825,1.6618242847712803e-12,1.1102230246251565e-16
3,16,26,13,0,13,0.004641137119304527,1.3063707599598106e-12,4.440892098500626e-16
3,16,26,14,0,14,0.00338225824866604,7.112056879494256e-13,6.661338147750939e-16
3,16,26,15,0,15,0.005893395336205675,8.227170623416957e-13,3.3306690738754696e-16
3,16,26,16,0,16,0.004909189479973937,1.5882303166223561e-12,4.440892098500626e-16
3,16,26,17,0,17,0.005386127205235242,2.1658830695181426e-12,4.440892098500626e-16
3,16,27,18,0,18,0.000250375432866498,3.655734450071485e-11,5.551115123125783e-16
3,16,27,19,0,19,0.00017911040680186678,1.214070464714462e-10,3.3306690738754696e-16
3,16,27,20,0,20,0.00037069746910273476,9.950295686554299e-11,3.3306690738754696e-16
3,16,27,21,0,21,0.0005651807228095703,4.682906967326283e-12,2.220446049250313e-16
3,16,27,22,0,22,0.00048695417759237467,3.009497266521427e-11,1.1102230246251565e-16
3,16,27,23,0,23,0.000741557094617089,1.1441524364966874e-11,2.220446049250313e-16
3,16,27,24,0,24,0.0007148089036741787,1.0857403406933147e-11,3.3306690738754696e-16
3,16,27,25,0,25,0.0016473333508910115,1.3984964807267471e-11,2.220446049250313e-16
3,16,27,26,0,26,0.0005619572126939552,3.686670272891397e-11,4.440892098500626e-16
3,16,27,27,0,27,0.0012580379097233041,6.0246102412600325e-12,2.220446049250313e-16
2,28,27,0,0,0,0.00019825300785316418,,
2,28,27,1,0,1,0.0012047446086935127,2.898179137841587e-14,0.0
2,28,27,2,0,2,0.00016391113079170747,1.9599544871729717e-13,3.3306690738754696e-16
2,28,27,3,0,3,2.033588548892634e-05,1.5998286750586138e-12,4.440892098500626e-16
2,28,27,4,0,4,0.00033864102465004913,2.032247210625145e-13,3.3306690738754696e-16
2,28,27,5,0,5,0.00036621069846155195,6.318885797460614e-13,0.0
2,28,27,6,0,6,0.0008533516904219515,5.711893812705108e-13,1.1102230246251565e-16
2,28,27,7,0,7,0.0002928752942631592,2.272908306214024e-12,2.220446049250313e-16
2,28,27,8,0,8,1.3062060910146077e-05,1.403874620708144e-11,2.220446049250313e-16
2,28,27,9,0,9,0.0001259333080804442,3.34881417295906e-12,3.3306690738754696e-16
2,28,27,10,0,10,0.00019663603354869245,6.382583239441098e-12,2.220446049250313e-16
2,28,27,11,0,11,0.0005072521845515829,6.1618977012199804e-12,3.3306690738754696e-16
2,28,27,12,0,12,5.621844063657342e-05,2.7294868630783358e-11,2.220446049250313e-16
2,28,27,13,0,13,0.00020395402198135118,4.910809944636476e-11,2.220446049250313e-16
2,28,27,14,0,14,0.00035680513828879044,2.493566507564253e-11,4.440892098500626e-16
2,28,27,15,0,15,7.95377362677594e-05,2.577708569206079e-11,3.3306690738754696e-16
2,28,27,16,0,16,0.0001891341253728997,2.136900061111787e-12,2.220446049250313e-16
2,28,27,17,0,17,0.00043322811400937347,4.6936525402035624e-12,4.440892098500626e-16
2,28,27,18,0,18,0.00013781962338200573,5.8157520104136e-12,3.3306690738754696e-16
2,28,27,19,0,19,0.00016003789409664267,3.0176570601459635e-11,2.220446049250313e-16
2,28,27,20,0,20,0.0001326132837323276,1.287554286073539e-10,4.440892098500626e-16
2,28,27,21,0,21,0.00014139695065453384,5.135606892670448e-12,2.220446049250313e-16
2,28,27,22,0,22,0.0002292864455659364,2.8735802094252e-11,3.3306690738754696e-16
2,28,27,23,0,23,1.6886716118408138e-05,4.901118812177533e-11,5.551115123125783e-16
2,28,27,24,0,24,0.00015633072944523,4.91888128825974e-12,2.220446049250313e-16
2,28,27,25,0,25,0.0006138932384760011,2.509549652500972e-12,3.3306690738754696e-16
2,28,27,26,0,26,6.125980898103058e-05,1.0742176079372776e-10,4.440892098500626e-16
2,28,27,27,1,27,6.327803930110507e-06,1.3321554743078227e-10,3.3306690738754696e-16
2,28,28,28,0,28,3.1894446714496215e-05,1.378191957983244e-11,5.551115123125783e-16
4,12,27,0,0,0,0.0154214843855346,,
4,12,27,1,0,1,0.012159565571512447,3.4948083739548958e-15,1.1102230246251565e-16
4,12,27,2,0,2,0.013177693687917364,1.81373284411285e-14,2.220446049250313e-16
4,12,27,3,0,3,0.013777578162409439,4.2274172426347196e-13,3.3306690738754696e-16
4,12,27,4,0,4,0.010756666534674896,3.1634927690101276e-13,1.1102230246251565e-16
4,12,27,5,0,5,0.0074406760103483995,2.7105982629642906e-13,3.3306690738754696e-16
4,12,27,6,0,6,0.011817086490728034,1.6543826157946706e-12,1.1102230246251565e-16
4,12,27,7,0,7,0.011658637820675779,1.7357798455089334e-13,4.440892098500626e-16
4,12,27,8,0,8,0.010274360973013558,7.154856323447753e-13,1.1102230246251565e-16
4,12,27,9,0,9,0.009517591971490907,6.034542894228657e-12,2.220446049250313e-16
4,12,28,10,0,10,0.0004951169706228137,3.789709829035431e-12,2.220446049250313e-16
4,12,28,11,0,11,0.0005814285156595612,3.1614886993943105e-12,5.551115123125783e-16
4,12,28,12,0,12,0.001938017918044182,3.924715725239294e-12,3.3306690738754696e-16
4,12,28,13,0,13,0.0018446419203230397,1.7472540604216002e-11,3.3306690738754696e-16
4,12,28,14,0,14,0.0009943470816180047,1.0560168680779199e-11,1.1102230246251565e-16
4,12,28,15,0,15,0.0013550437833043257,2.0285650502613246e-11,4.440892098500626e-16
4,12,28,16,0,16,0.002722978769832853,3.33948418540043e-11,2.220446049250313e-16
4,12,28,17,0,17,0.0043015138772378395,2.3890422808353466e-12,4.440892098500626e-16
4,12,28,18,0,18,0.0024572927326128595,1.7927435051882302e-12,3.3306690738754696e-16
4,12,28,19,0,19,0.0036754641967445293,1.6512970995597767e-12,4.440892098500626e-16
4,12,28,20,0,20,0.0031427464150109146,1.5423533053859152e-10,3.3306690738754696e-16
4,12,28,21,0,21,0.0020913288155271475,1.7676768624940694e-11,3.3306690738754696e-16
4,12,28,22,0,22,0.0032507004237878707,1.6524951571450517e-11,3.3306690738754696e-16
4,12,28,23,0,23,0.003402023037857092,1.3180484998592562e-11,5.551115123125783e-16
4,12,28,24,0,24,0.003244060582031251,4.1112705260684686e-12,2.220446049250313e-16
4,12,28,25,0,25,0.002232725351361187,9.173641762446664e-11,3.3306690738754696e-16
4,12,28,26,0,26,0.003402146232199379,5.308970358388685e-11,4.440892098500626e-16
4,12,28,27,0,27,0.004165172450419248,3.419450529711639e-12,4.440892098500626e-16
4,12,28,28,0,28,0.0024677832149116573,1.1924656813941209e-12,2.220446049250313e-16
2,29,28,0,0,0,0.00024543016964165244,,
2,29,28,1,0,1,0.0006888995968586379,2.5003659728357307e-14,0.0
2,29,28,2,0,2,0.0004002248231784781,1.0723096349639147e-13,0.0
2,29,28,3,0,3,0.0001837178501397641,2.2050241520376766e-13,1.1102230246251565e-16
2,29,28,4,0,4,0.0011720015150322508,6.036330223239954e-13,0.0
2,29,28,5,0,5,0.00043419389026929284,2.330173366256812e-13,4.440892098500626e-16
2,29,28,6,0,6,0.00015489910968895378,7.814945196518471e-12,2.220446049250313e-16
2,29,28,7,0,7,0.0001597204449434824,7.770262967018804e-13,5.551115123125783e-16
2,29,28,8,0,8,0.00042428912746234504,1.0428859130849677e-11,4.440892098500626e-16
2,29,28,9,0,9,0.00043563807364018154,4.912296578711693e-12,2.220446049250313e-16
2,29,28,10,0,10,8.429582250111141e-05,8.679146564425598e-12,2.220446049250313e-16
2,29,28,11,0,11,0.0007051758792660565,1.786969316282411e-12,4.440892098500626e-16
2,29,28,12,0,12,4.7975639014271226e-05,5.530004109671506e-12,5.551115123125783e-16
2,29,28,13,0,13,5.831260033655016e-05,9.235567059700304e-12,2.220446049250313e-16
2,29,28,14,0,14,0.00012709583283258816,6.911697043448791e-12,3.3306690738754696e-16
2,29,28,15,0,15,0.0005054860094851811,1.7189668639093965e-10,2.220446049250313e-16
2,29,28,16,0,16,0.00012927656753636198,7.1905116267883875e-12,2.220446049250313e-16
2,29,28,17,0,17,0.00013109384300085796,3.030469452120111e-12,3.3306690738754696e-16
2,29,28,18,0,18,0.0001257091540581466,8.10001599245163e-12,3.3306690738754696e-16
2,29,28,19,0,19,6.367437299730595e-05,7.79875787556754e-11,3.3306690738754696e-16
2,29,28,20,0,20,0.0002960939600835564,1.3897658816183883e-09,3.3306690738754696e-16
2,29,28,21,0,21,0.00046474971515187124,6.358685309854201e-12,4.440892098500626e-16
2,29,28,22,0,22,2.0906490560236983e-05,1.5043357566442863e-11,6.661338147750939e-16
2,29,28,23,0,23,0.00016605839811547284,2.0353026978761273e-10,5.551115123125783e-16
2,29,28,24,0,24,0.00021920056017860821,1.933697601750854e-11,4.440892098500626e-16
2,29,28,25,0,25,0.00011666233735295756,4.9570503595025224e-12,2.220446049250313e-16
2,29,28,26,0,26,5.673871520358073e-05,6.7792217933716964e-12,2.220446049250313e-16
2,29,28,27,0,27,1.811531694194393e-05,5.857532243269612e-12,2.220446049250313e-16
2,29,28,28,0,28,4.3957192287399775e-05,2.097903220334374e-11,2.220446049250313e-16
2,29,29,29,0,29,2.2712608522976118e-05,1.0957943893941867e-11,4.440892098500626e-16
3,17,28,0,0,0,0.0015665935424026775,,
3,17,28,1,0,1,0.000714467433509229,1.547090194327054e-14,0.0
3,17,28,2,0,2,0.0020710637184631208,1.0100501494098638e-12,0.0
3,17,28,3,0,3,0.00345658913862054,5.2061562282131714e-14,1.1102230246251565e-16
3,17,28,4,0,4,0.0013895771550639538,2.5726718975627766e-13,1.1102230246251565e-16
3,17,28,5,0,5,0.0028508354363315073,4.985326225577698e-13,2.220446049250313e-16
3,17,28,6,0,6,0.001322758562728685,3.7575470697638104e-12,2.220446049250313e-16
3,17,28,7,0,7,0.00563070628403961,3.65919851321628e-13,3.3306690738754696e-16
3,17,28,8,0,8,0.00416098137848546,3.272718798923149e-13,2.220446049250313e-16
3,17,28,9,0,9,0.0034848821952996505,1.6869459831582048e-12,1.1102230246251565e-16
3,17,28,10,0,10,0.0041342922954902125,6.021256488349917e-13,1.1102230246251565e-16
3,17,28,11,0,11,0.004598787109820151,3.702079132868704e-12,2.220446049250313e-16
3,17,28,12,0,12,0.0010810894405358902,2.6814472470447915e-12,6.661338147750939e-16
3,17,28,13,0,13,0.001656762690975373,4.865926366619295e-11,3.3306690738754696e-16
3,17,28,14,0,14,0.002523770328945221,1.2247676346941063e-12,4.440892098500626e-16
3,17,28,15,0,15,0.002315753799080897,5.739827654670843e-12,3.3306690738754696e-16
3,17,28,16,0,16,0.005461641790496683,7.078899947871178e-10,3.3306690738754696e-16
3,17,28,17,0,17,0.0050744881457164565,3.0606430362827855e-12,4.440892098500626e-16
3,17,28,18,0,18,0.0018577922460159373,1.1040997849233509e-10,3.3306690738754696e-16
3,17,28,19,0,19,0.0037029997639988414,2.5410365595768542e-11,6.661338147750939e-16
3,17,28,20,0,20,0.005905407942850765,6.721302644997147e-08,3.219646771412954e-15
3,17,28,21,0,21,0.004335468779804744,7.364668604641632e-11,4.440892098500626e-16
3,17,28,22,0,22,0.0026604646676047393,2.1596222078858505e-12,5.551115123125783e-16
3,17,28,23,0,23,0.0013999620080129497,4.715985433767229e-12,3.3306690738754696e-16
3,17,28,24,0,24,0.0038011891530163222,1.4320170022834893e-11,3.3306690738754696e-16
3,17,28,25,0,25,0.0037875807589114415,6.897446024134659e-13,5.551115123125783e-16
3,17,28,26,0,26,0.0015304906322107749,1.4106497175413612e-12,4.440892098500626e-16
3,17,29,27,0,27,0.00015305796679158896,4.111966271416915e-10,4.440892098500626e-16
3,17,29,28,0,28,0.00018808316531076984,8.024029318361916e-12,5.551115123125783e-16
3,17,29,29,0,29,0.0002997610051887011,4.431963010854927e-11,5.551115123125783e-16
6,8,28,0,0,0,0.006263394810550343,,
6,8,28,1,0,1,0.00687184156552943,4.4473251630451164e-15,0.0
6,8,28,2,0,2,0.00819811547110115,4.515853459477308e-14,1.1102230246251565e-16
6,8,28,3,0,3,0.008671846070610409,6.573231724704193e-14,1.1102230246251565e-16
6,8,28,4,0,4,0.009758823352753104,7.022703940784352e-14,2.220446049250313e-16
6,8,28,5,0,5,0.00870277114098878,1.6486410196233188e-13,0.0
6,8,28,6,0,6,0.009819045616175125,1.8497336619064383e-13,2.220446049250313e-16
6,8,28,7,0,7,0.009382688383426766,3.534842819130145e-13,1.1102230246251565e-16
6,8,28,8,0,8,0.010564867711725674,1.4413986952433734e-13,2.220446049250313e-16
6,8,28,9,0,9,0.01271441141216866,2.5979577837883864e-12,1.1102230246251565e-16
6,8,28,10,0,10,0.013761294790069135,5.642648564264229e-13,3.3306690738754696e-16
6,8,28,11,0,11,0.013688905591505847,2.5771454845646373e-13,3.3306690738754696e-16
6,8,28,12,0,12,0.009540033339128232,1.6530807946156953e-12,5.551115123125783e-16
6,8,28,13,0,13,0.01284474937545239,7.212164685677563e-13,2.220446049250313e-16
6,8,28,14,0,14,0.009486113966787727,1.5648318489425212e-12,3.3306690738754696e-16
6,8,29,15,0,15,0.0005130839028171207,5.207485760150852e-12,3.3306690738754696e-16
6,8,29,16,0,16,0.0009991127550662165,6.623023139339111e-12,2.220446049250313e-16
6,8,29,17,0,17,0.00157789438015756,4.2335142900480946e-12,2.220446049250313e-16
6,8,29,18,0,18,0.0009512749575430464,8.4529173915043e-11,1.1102230246251565e-16
6,8,29,19,0,19,0.002048694054519547,8.56887259285966e-12,2.220446049250313e-16
6,8,29,20,0,20,0.0022892325849825624,2.829762620495623e-11,5.551115123125783e-16
6,8,29,21,0,21,0.0023619693874793123,2.197867344881677e-11,3.3306690738754696e-16
6,8,29,22,0,22,0.002342625060736391,1.4214605486014334e-11,4.440892098500626e-16
6,8,29,23,0,23,0.0034193139418943136,3.553653369706665e-12,5.551115123125783e-16
6,8,29,24,0,24,0.0036311341547453626,1.786160064795655e-11,2.220446049250313e-16
6,8,29,25,0,25,0.0030748050497007543,3.238736429236674e-12,4.440892098500626e-16
6,8,29,26,0,26,0.003720649174402417,3.4341555698340887e-11,5.551115123125783e-16
6,8,29,27,0,27,0.005545600002800522,1.1317268878436385e-11,4.440892098500626e-16
6,8,29,28,0,28,0.0047877671955801,4.160640993283379e-12,4.440892098500626e-16
6,8,29,29,0,29,0.004287956049471433,2.365228913876449e-12,3.3306690738754696e-16
2,30,29,0,0,0,0.001608529595830501,,
2,30,29,1,0,1,0.00032183517974949185,1.6695678838961448e-14,0.0
2,30,29,2,0,2,0.00020540108660751678,6.909758386475568e-14,2.220446049250313e-16
2,30,29,3,0,3,0.0003877116311652717,9.1779712854369e-13,3.3306690738754696e-16
2,30,29,4,0,4,0.0006867216925277515,2.1333737415411775e-12,1.1102230246251565e-16
2,30,29,5,0,5,2.3340233367809106e-05,1.3656839117443424e-12,3.3306690738754696e-16
2,30,29,6,0,6,2.0259388455004935e-05,1.9432736750104776e-12,2.220446049250313e-16
2,30,29,7,0,7,0.0002527221308830597,1.5134751452126184e-12,2.220446049250313e-16
2,30,29,8,0,8,0.00012261213727837917,1.9708116254463734e-11,5.551115123125783e-16
2,30,29,9,0,9,0.0004114808516701291,2.1801647749300744e-12,4.440892098500626e-16
2,30,29,10,0,10,0.000732960592789455,3.6549913063475375e-12,5.551115123125783e-16
2,30,29,11,0,11,0.0006563935931562597,8.612851430071832e-13,3.3306690738754696e-16
2,30,29,12,0,12,0.0005745383891855558,5.3830326050914875e-12,3.3306690738754696e-16
2,30,29,13,0,13,1.8211609015443103e-05,1.0850897230990332e-11,4.440892098500626e-16
2,30,29,14,0,14,2.6493528012382693e-05,1.963825535229896e-10,5.551115123125783e-16
2,30,29,15,0,15,0.0003494947611853147,1.4785537842379922e-10,2.220446049250313e-16
2,30,29,16,0,16,9.992562732012109e-05,6.415379506490299e-12,5.551115123125783e-16
2,30,29,17,0,17,0.0003703480725160904,1.702328542001421e-09,1.1102230246251565e-16
2,30,29,18,0,18,0.00018957634280724657,2.6096323616652044e-11,3.3306690738754696e-16
2,30,29,19,0,19,3.447475215070113e-05,1.2125249871688288e-10,4.440892098500626e-16
2,30,29,20,0,20,0.00012996927451641968,5.473721075243e-11,2.220446049250313e-16
2,30,29,21,0,21,0.000170501581316673,1.2175118374421758e-11,3.3306690738754696e-16
2,30,29,22,0,22,1.1376932794419303e-05,2.5471336375781618e-11,4.440892098500626e-16
2,30,29,23,0,23,1.8706018065874314e-05,2.6308358424145693e-11,5.551115123125783e-16
2,30,29,24,0,24,5.190610852122445e-05,4.551519570366053e-11,3.3306690738754696e-16
2,30,29,25,0,25,9.28675182416908e-06,1.78214354476293e-11,3.3306690738754696e-16
2,30,29,26,0,26,1.8200503820559876e-05,1.203564563158711e-11,5.551115123125783e-16
2,30,29,27,0,27,4.733901246798807e-05,2.82881731968119e-11,4.440892098500626e-16
2,30,29,28,0,28,5.6888022321973725e-05,5.273912247133563e-12,3.3306690738754696e-16
2,30,29,29,0,29,3.510795547088834e-05,3.218972614232024e-12,4.440892098500626e-16
2,30,30,30,0,30,5.268090861833005e-06,1.165101196840904e-10,4.440892098500626e-16
7,7,29,0,0,0,0.0024589829589022833,,
7,7,29,1,0,1,0.006508537914635198,5.403886181070244e-15,0.0
7,7,29,2,0,2,0.004510263075334095,3.238034863826843e-13,1.1102230246251565e-16
7,7,29,3,0,3,0.005564541535658004,1.305091087353314e-13,0.0
7,7,29,4,0,4,0.0033567952574291527,5.908925937554703e-14,3.3306690738754696e-16
7,7,29,5,0,5,0.007976966091358341,5.883378729117853e-14,1.1102230246251565e-16
7,7,29,6,0,6,0.007338954886272542,3.8204381895444174e-13,3.3306690738754696e-16
7,7,29,7,0,7,0.006193296704754271,1.0513151485874997e-11,1.1102230246251565e-16
7,7,29,8,0,8,0.007868971700738706,1.4359302950929755e-12,1.1102230246251565e-16
7,7,29,9,0,9,0.009160599278172702,4.3426779645747555e-13,0.0
7,7,29,10,0,10,0.009187932615913512,2.750796048549376e-13,3.3306690738754696e-16
7,7,29,11,0,11,0.00893383865470228,6.64777453464129e-13,9.992007221626409e-16
7,7,29,12,0,12,0.007525618192631842,5.741448468497923e-12,2.220446049250313e-16
7,7,29,13,0,13,0.01075875162891651,2.895849024091006e-12,2.220446049250313e-16
7,7,29,14,0,14,0.008576874892374008,7.147024223340668e-12,4.440892098500626e-16
7,7,29,15,0,15,0.008415593886456336,7.153942056503583e-13,4.440892098500626e-16
7,7,29,16,0,16,0.011888720789739333,1.7378886369326355e-11,1.1102230246251565e-16
7,7,29,17,0,17,0.008179106108651184,3.514508755199995e-12,4.440892098500626e-16
7,7,29,18,0,18,0.011157219792458772,8.705033658450707e-12,4.440892098500626e-16
7,7,29,19,0,19,0.010809343764073482,3.1197650343951753e-12,2.220446049250313e-16
7,7,29,20,0,20,0.011576022417218666,1.1233799743455902e-11,4.440892098500626e-16
7,7,29,21,0,21,0.011719603259243901,3.670264371374622e-12,5.551115123125783e-16
7,7,29,22,0,22,0.007256331945509057,1.7700325570034795e-12,3.3306690738754696e-16
7,7,29,23,0,23,0.006014605610939665,7.265876316115675e-12,4.440892098500626e-16
7,7,30,24,0,24,0.000134111002331794,3.619266920134208e-10,3.3306690738754696e-16
7,7,30,25,0,25,0.0007365723536088913,2.5556594189879174e-10,5.551115123125783e-16
7,7,30,26,0,26,0.0009147103395453789,8.528589531992682e-11,3.3306690738754696e-16
7,7,30,27,0,27,0.0006924847228540666,4.7047096018029415e-11,5.551115123125783e-16
7,7,30,28,0,28,0.0022066026944468423,1.0506230782638676e-11,4.440892098500626e-16
7,7,30,29,0,29,0.0023027672431699237,1.685225745247906e-11,3.3306690738754696e-16
7,7,30,30,0,30,0.003039867090238315,8.795495523147236e-12,3.3306690738754696e-16
5,10,29,0,0,0,0.0066180299034765706,,
5,10,29,1,0,1,0.009811031453855291,5.5696950707868894e-15,0.0
5,10,29,2,0,2,0.01195752198917749,2.1250277847724786e-14,1.1102230246251565e-16
5,10,29,3,0,3,0.009195319679586075,1.944980732480593e-14,0.0
5,10,29,4,0,4,0.010060689897485408,6.630725297664214e-14,1.1102230246251565e-16
5,10,29,5,0,5,0.009671887774489019,1.4860994502462782e-13,0.0
5,10,29,6,0,6,0.011417039904727111,2.6068347936540614e-13,2.220446049250313e-16
5,10,29,7,0,7,0.010943598865507704,3.8292730515004585e-13,4.440892098500626e-16
5,10,29,8,0,8,0.010942145983793542,8.091622470701585e-13,3.3306690738754696e-16
5,10,29,9,0,9,0.012767691937611984,3.081573655940683e-12,1.1102230246251565e-16
5,10,29,10,0,10,0.01019732907602088,1.987394940990843e-12,1.1102230246251565e-16
5,10,29,11,0,11,0.013588568327962796,4.708549540381337e-13,1.1102230246251565e-16
5,10,29,12,0,12,0.01200784239304844,1.2784643012416367e-12,4.440892098500626e-16
5,10,29,13,0,13,0.011882468468176234,8.2047862050841e-12,2.220446049250313e-16
5,10,29,14,0,14,0.009355840611970366,3.916493554065618e-11,2.220446049250313e-16
5,10,30,15,0,15,0.0005462406218744436,4.6693496297675953e-11,5.551115123125783e-16
5,10,30,16,0,16,0.001825060145921131,7.852604321878622e-12,3.3306690738754696e-16
5,10,30,17,0,17,0.0007531487095391538,2.2115954206977297e-10,2.220446049250313e-16
5,10,30,18,0,18,0.0012789050236060252,3.0533561844246904e-10,3.3306690738754696e-16
5,10,30,19,0,19,0.0020468094014855147,3.911686962974007e-11,4.440892098500626e-16
5,10,30,20,0,20,0.0025361916954894873,1.208026671795527e-11,4.440892098500626e-16
5,10,30,21,0,21,0.0023046296842748164,2.3411253244418968e-11,4.440892098500626e-16
5,10,30,22,0,22,0.003144835018729797,6.912193411192699e-11,3.3306690738754696e-16
5,10,30,23,0,23,0.001960239438907153,7.044284645072168e-12,4.440892098500626e-16
5,10,30,24,0,24,0.004618270052406651,1.2580950379902338e-11,3.3306690738754696e-16
5,10,30,25,0,25,0.00387850432219478,1.8718268988795396e-11,4.440892098500626e-16
5,10,30,26,0,26,0.0019995954682474415,3.4674738170741914e-11,3.3306690738754696e-16
5,10,30,27,0,27,0.004382465131107677,8.037230127554415e-12,4.440892098500626e-16
5,10,30,28,0,28,0.004132266519259636,1.7506332525840995e-11,3.3306690738754696e-16
5,10,30,29,0,29,0.005795649582045243,1.987261464212018e-12,4.440892098500626e-16
5,10,30,30,0,30,0.0033146707799699107,1.5252220921609284e-11,5.551115123125783e-16
3,18,29,0,0,0,0.00584078446622465,,
3,18,29,1,0,1,0.010754768565973441,4.226397605408858e-15,0.0
3,18,29,2,0,2,0.009094677061566572,1.7697127473803235e-14,0.0
3,18,29,3,0,3,0.008939807475417448,1.9539581162830506e-14,1.1102230246251565e-16
3,18,29,4,0,4,0.006330885498593759,7.1375191084532e-14,0.0
3,18,29,5,0,5,0.013104069805638026,6.757809638103073e-14,1.1102230246251565e-16
3,18,30,6,0,6,0.0006538117512591385,1.255705197544922e-12,3.3306690738754696e-16
3,18,30,7,0,7,0.0006421803368722178,5.846044034532226e-13,0.0
3,18,30,8,0,8,0.0015013039312305806,3.8970806233184934e-12,2.220446049250313e-16
3,18,30,9,0,9,0.0015406942258276257,8.161092869415826e-12,3.3306690738754696e-16
3,18,30,10,0,10,0.0010972727279650826,1.0340570522027747e-11,2.220446049250313e-16
3,18,30,11,0,11,0.0019753402399638486,3.0895692836146346e-12,1.1102230246251565e-16
3,18,30,12,0,12,0.001328325319056994,2.514057394999781e-11,2.220446049250313e-16
3,18,30,13,0,13,0.0019054749235660686,8.317565983964189e-13,1.1102230246251565e-16
3,18,30,14,0,14,0.0008792451943052721,1.9164494993325594e-12,3.3306690738754696e-16
3,18,30,15,0,15,0.0015359937372527923,4.735798634714536e-12,4.440892098500626e-16
3,18,30,16,0,16,0.0017251696789633466,2.7733206942326884e-11,2.220446049250313e-16
3,18,30,17,0,17,0.0024060606543594844,1.990927461407281e-11,3.3306690738754696e-16
3,18,30,18,0,18,0.0014361665929347898,1.4625370806976598e-11,2.220446049250313e-16
3,18,30,19,0,19,0.001620510460372551,1.0008848175973326e-11,5.551115123125783e-16
3,18,30,20,0,20,0.002583266756531647,1.1162160280201272e-11,2.220446049250313e-16
3,18,30,21,0,21,0.002603367553039875,2.2485218218995234e-10,3.3306690738754696e-16
3,18,30,22,0,22,0.002670097090103887,8.230435619366971e-11,2.220446049250313e-16
3,18,30,23,0,23,0.0014630754892223851,8.583948520174658e-11,3.3306690738754696e-16
3,18,30,24,0,24,0.0034928768745936846,6.1594747524639175e-12,3.3306690738754696e-16
3,18,30,25,0,25,0.0033675520774759243,4.947453948028459e-11,3.3306690738754696e-16
3,18,30,26,0,26,0.0011670478862217146,6.512429834087737e-11,4.440892098500626e-16
3,18,30,27,0,27,0.0033505110727369055,8.407336045642618e-12,3.3306690738754696e-16
3,18,30,28,0,28,0.0016666890639670008,7.340062996531506e-11,4.440892098500626e-16
3,18,30,29,0,29,0.0009982590011972283,1.978471083110181e-12,3.3306690738754696e-16
3,18,30,30,0,30,0.0027449432225069965,1.50848048402578e-12,3.3306690738754696e-16
2,31,30,0,0,0,0.00013918555220888181,,
2,31,30,1,0,1,0.0010894232918789422,6.235412414575431e-15,1.1102230246251565e-16
2,31,30,2,0,2,0.00048517507688892515,9.135050675897608e-14,0.0
2,31,30,3,0,3,0.001643759446314597,4.863408090338428e-14,1.1102230246251565e-16
2,31,30,4,0,4,0.0002914893538494352,1.4505583971048175e-12,6.661338147750939e-16
2,31,30,5,0,5,0.0002505433214580806,1.0634136372847471e-12,3.3306690738754696e-16
2,31,30,6,0,6,0.00031922808551274956,3.6353642977385737e-13,4.440892098500626e-16
2,31,30,7,0,7,0.0002452597725052685,1.0542865076975806e-12,2.220446049250313e-16
2,31,30,8,0,8,0.0013120677526580902,4.03354504608333e-13,2.220446049250313e-16
2,31,30,9,0,9,0.0001340423216072434,2.427683832872352e-12,1.1102230246251565e-16
2,31,30,10,0,10,0.001067613420688602,2.2445720284311064e-12,0.0
2,31,30,11,0,11,0.00016372029658435087,9.507003172637609e-12,4.440892098500626e-16
2,31,30,12,0,12,0.0002897116436151932,4.417902187014334e-12,5.551115123125783e-16
2,31,30,13,0,13,0.00030783336172098116,1.8603599735114873e-11,6.661338147750939e-16
2,31,30,14,0,14,2.1585412948220467e-05,6.899774330334109e-12,3.3306690738754696e-16
2,31,30,15,0,15,0.00023042996710257707,2.014926720819387e-12,5.551115123125783e-16
2,31,30,16,0,16,0.00028609479661751927,1.4735066647970932e-11,2.220446049250313e-16
2,31,30,17,1,17,0.0006443196899036724,1.9108688740172058e-10,5.551115123125783e-16
2,31,30,18,0,18,0.00046286103509926454,2.659330711714689e-11,2.220446049250313e-16
2,31,30,19,0,19,3.2026838203464185e-05,1.091323475835981e-10,5.551115123125783e-16
2,31,30,20,0,20,0.00038990175933077074,1.4625467508144498e-11,4.440892098500626e-16
2,31,30,21,0,21,3.323889592661579e-06,9.7433667071569e-11,3.3306690738754696e-16
2,31,30,22,0,22,5.4991808881344036e-05,6.908521190484937e-11,5.551115123125783e-16
2,31,30,23,0,23,0.000125674908247754,4.356848047885909e-11,3.3306690738754696e-16
2,31,30,24,0,24,1.0249842800252203e-07,1.7053282725532945e-09,3.3306690738754696e-16
2,31,30,25,0,25,2.0467861289147833e-05,6.121440192302355e-11,3.3306690738754696e-16
2,31,30,26,0,26,3.646232896063856e-05,1.1611263323918367e-11,2.220446049250313e-16
2,31,30,27,0,27,0.00020627305378942906,2.3501113279481206e-10,4.440892098500626e-16
2,31,30,28,0,28,1.2518361645131039e-05,2.377187503633886e-11,2.220446049250313e-16
2,31,30,29,0,29,5.320746712413416e-05,5.8621084800290605e-12,3.3306690738754696e-16
2,31,30,30,0,30,2.6220298613817514e-05,3.176515815898831e-11,3.3306690738754696e-16
2,31,31,31,0,31,0.00013412240249090405,2.3286199356802258e-11,7.771561172376096e-16
4,13,30,0,0,0,0.001786688501402623,,
4,13,30,1,0,1,0.004368662963694645,6.7791259257522666e-15,1.1102230246251565e-16
4,13,30,2,0,2,0.0036395165911058394,1.2293318251507137e-12,0.0
4,13,30,3,0,3,0.0025690199093977516,1.2758514403346715e-12,1.1102230246251565e-16
4,13,30,4,0,4,0.00429861990660704,2.2956385811174046e-12,0.0
4,13,30,5,0,5,0.005729505467409606,1.9782777651969976e-12,1.1102230246251565e-16
4,13,30,6,0,6,0.0031313797334108356,6.989667548834265e-13,3.3306690738754696e-16
4,13,30,7,0,7,0.004686886704598144,3.514861590998333e-13,4.440892098500626e-16
4,13,30,8,0,8,0.004430925628001403,3.78794517538584e-12,2.220446049250313e-16
4,13,30,9,0,9,0.0035049854970819715,1.0318098025031949e-12,2.220446049250313e-16
4,13,30,10,0,10,0.0029818032378585583,3.475994846472236e-11,3.3306690738754696e-16
4,13,30,11,0,11,0.005148614935839723,4.641416436142688e-13,3.3306690738754696e-16
4,13,30,12,0,12,0.00585716800931705,1.3724395720254243e-12,3.3306690738754696e-16
4,13,30,13,0,13,0.005786259246527781,1.1589088506878486e-12,0.0
4,13,30,14,0,14,0.005461177945699522,1.0559654769585759e-12,3.3306690738754696e-16
4,13,30,15,0,15,0.006619751228584542,2.1066583091949595e-12,4.440892098500626e-16
4,13,30,16,0,16,0.003956526029636833,8.835786905225214e-12,2.220446049250313e-16
4,13,30,17,0,17,0.0073613407293263745,1.265123276431985e-12,3.3306690738754696e-16
4,13,30,18,0,18,0.006993136482428663,6.29472478731976e-10,5.551115123125783e-16
4,13,30,19,0,19,0.006412844526589516,8.068412385359062e-11,3.3306690738754696e-16
4,13,30,20,0,20,0.005027927252543366,3.1408150084263386e-11,4.440892098500626e-16
4,13,30,21,0,21,0.005537039620246079,6.8393615138862595e-12,3.3306690738754696e-16
4,13,30,22,0,22,0.004985738090524753,3.135805809418943e-12,3.3306690738754696e-16
4,13,30,23,0,23,0.004116824846549079,8.469255698645231e-12,5.551115123125783e-16
4,13,30,24,0,24,0.006105435548371796,8.391516345224086e-12,5.551115123125783e-16
4,13,30,25,0,25,0.00729096251090783,3.376679150196907e-12,4.440892098500626e-16
4,13,30,26,0,26,0.007597554049418346,6.663636923465833e-12,8.881784197001252e-16
4,13,30,27,0,27,0.010111677885899107,1.1532447516642498e-11,3.3306690738754696e-16
4,13,31,28,0,28,0.00042534350771394246,7.462048777373875e-11,2.220446049250313e-16
4,13,31,29,0,29,0.00018005881143645988,1.1837770661096471e-08,1.1102230246251565e-16
4,13,31,30,0,30,0.0008004838734230751,1.675779601640622e-10,4.440892098500626e-16
4,13,31,31,0,31,0.0005981172900997059,7.496336178159199e-12,5.551115123125783e-16
2,32,31,0,0,0,0.00013716306264444303,,
2,32,31,1,0,1,0.000430343687685596,7.909813290687572e-14,0.0
2,32,31,2,0,2,0.000945064609451889,3.781842372100987e-14,1.1102230246251565e-16
2,32,31,3,0,3,0.001369028514814781,1.9128087807908529e-13,0.0
2,32,31,4,0,4,0.000204228791408617,5.5331653829424284e-11,6.661338147750939e-16
2,32,31,5,0,5,0.0002076537957360956,8.8243149292392e-13,3.3306690738754696e-16
2,32,31,6,0,6,0.001025441095461781,6.22704946566166e-12,1.1102230246251565e-16
2,32,31,7,0,7,0.0002622184943043245,4.09912256093196e-13,1.1102230246251565e-16
2,32,31,8,0,8,1.3497839831164669e-05,4.868938479274851e-12,2.220446049250313e-16
2,32,31,9,0,9,0.00021524759589511714,1.2438600141160136e-11,2.220446049250313e-16
2,32,31,10,0,10,8.247845860487517e-06,2.247986672739682e-11,3.3306690738754696e-16
2,32,31,11,0,11,0.0003036682749742188,9.809573462080513e-12,1.1102230246251565e-16
2,32,31,12,0,12,0.00021321076805318063,6.256599615367549e-11,3.3306690738754696e-16
2,32,31,13,0,13,0.0007554467562410331,6.449640641871916e-12,5.551115123125783e-16
2,32,31,14,0,14,5.044093702607388e-05,4.4810153679385845e-11,2.220446049250313e-16
2,32,31,15,0,15,0.00014750388968943852,4.199227817939158e-12,3.3306690738754696e-16
2,32,31,16,0,16,0.00023111804276956365,4.1428503635493404e-11,3.3306690738754696e-16
2,32,31,17,1,17,6.144853540658989e-06,8.816078989507444e-10,3.3306690738754696e-16
2,32,31,18,0,18,2.0276539220012876e-05,7.558703919458095e-12,4.440892098500626e-16
2,32,31,19,0,19,0.00012706538989166322,8.309532758139239e-12,4.440892098500626e-16
2,32,31,20,0,20,3.286938422945447e-05,4.524115193367431e-10,4.440892098500626e-16
2,32,31,21,0,21,5.959389737891963e-05,3.561042968568002e-12,4.440892098500626e-16
2,32,31,22,0,22,0.00013886590389778603,6.205891524175483e-11,4.440892098500626e-16
2,32,31,23,0,23,0.00013267683306954933,1.971574893891121e-11,4.440892098500626e-16
2,32,31,24,0,24,5.933147273491477e-05,1.7033881459976876e-11,5.551115123125783e-16
2,32,31,25,0,25,0.0006244747314966413,4.318695844086533e-11,3.3306690738754696e-16
2,32,31,26,0,26,7.896406388289444e-05,2.2437882258882972e-11,4.440892098500626e-16
2,32,31,27,0,27,1.611987988652133e-05,3.6559467180512766e-11,2.220446049250313e-16
2,32,31,28,0,28,0.00013568106172896085,5.975819677594755e-11,3.3306690738754696e-16
2,32,31,29,0,29,2.148485629621446e-05,6.200048456211451e-10,3.3306690738754696e-16
2,32,31,30,0,30,1.6760835085622206e-05,8.461474394435828e-11,3.3306690738754696e-16
2,32,31,31,0,31,0.00013314019713419456,6.26512316143308e-12,3.3306690738754696e-16
2,32,32,32,0,32,1.8647078698714367e-05,1.4766664810560797e-11,3.3306690738754696e-16
3,19,31,0,0,0,0.007022884140152569,,
3,19,31,1,0,1,0.0037250196066968447,7.190482010413095e-15,1.1102230246251565e-16
3,19,31,2,0,2,0.005699784389578878,5.745430734479094e-14,0.0
3,19,31,3,0,3,0.005712761538385457,1.55174829336686e-13,1.1102230246251565e-16
3,19,31,4,0,4,0.007619945326798268,7.766345735982238e-14,1.1102230246251565e-16
3,19,31,5,0,5,0.004626467375075138,2.719167519943478e-13,2.220446049250313e-16
3,19,31,6,0,6,0.005275041579834615,2.2059738813659787e-13,2.220446049250313e-16
3,19,31,7,0,7,0.004256119743958728,3.859746422925477e-13,0.0
3,19,31,8,0,8,0.006569630881283189,3.948244162285418e-13,1.1102230246251565e-16
3,19,31,9,0,9,0.006330343758624516,1.3529568583671962e-11,4.440892098500626e-16
3,19,31,10,0,10,0.005026997211540303,2.459813449133855e-13,3.3306690738754696e-16
3,19,31,11,0,11,0.006206527397151465,1.3248799698480127e-12,2.220446049250313e-16
3,19,31,12,0,12,0.00501904649653679,1.05010435198171e-12,2.220446049250313e-16
3,19,31,13,0,13,0.00643508224347013,3.3011981042349263e-12,2.220446049250313e-16
3,19,31,14,0,14,0.008919855219623803,9.811864509038767e-13,2.220446049250313e-16
3,19,32,15,0,15,0.0003614320636539316,8.378028156439892e-12,5.551115123125783e-16
3,19,32,16,0,16,9.085737109740941e-05,1.1565627331484321e-11,1.1102230246251565e-16
3,19,32,17,0,17,0.00035443138800242196,6.255950499608157e-12,2.220446049250313e-16
3,19,32,18,0,18,0.00048480213067937905,1.3917599869506654e-10,3.3306690738754696e-16
3,19,32,19,0,19,0.0005201243916235325,2.1442598196289123e-10,4.440892098500626e-16
3,19,32,20,0,20,0.0011167293840268794,1.5121162652286953e-11,4.440892098500626e-16
3,19,32,21,0,21,0.00101011535740506,5.551643579678911e-10,4.440892098500626e-16
3,19,32,22,0,22,0.0007919024072259123,7.740629487583945e-12,2.220446049250313e-16
3,19,32,23,0,23,0.0008668115599676913,3.053362600523434e-11,5.551115123125783e-16
3,19,32,24,0,24,0.0005953373936806147,1.0149923391581696e-10,5.551115123125783e-16
3,19,32,25,0,25,0.0014160233512833247,1.8389379099262116e-12,3.3306690738754696e-16
3,19,32,26,0,26,0.0014735896157908838,5.3977246208681045e-11,4.440892098500626e-16
3,19,32,27,0,27,0.0011998981380490958,1.4088003980356059e-10,3.3306690738754696e-16
3,19,32,28,0,28,0.00048382160990240435,4.034361879382728e-11,4.440892098500626e-16
3,19,32,29,0,29,0.0012288595323007695,9.938904036230838e-12,5.551115123125783e-16
3,19,32,30,0,30,0.001458247885499582,1.250013372597396e-11,4.440892098500626e-16
3,19,32,31,0,31,0.0009916659817106983,7.204957061380843e-12,3.3306690738754696e-16
3,19,32,32,0,32,0.00014668226667666198,1.3386222582032373e-11,3.3306690738754696e-16
2,33,32,0,0,0,0.0008720948685849998,,
2,33,32,1,0,1,1.4999720916327321e-05,3.047377006729278e-12,0.0
2,33,32,2,0,2,7.2420582155802e-05,2.276520519842427e-13,2.220446049250313e-16
2,33,32,3,0,3,9.260452126497846e-05,3.3781505784915034e-13,0.0
2,33,32,4,0,4,0.0002623686321694451,1.3243115464007462e-12,3.3306690738754696e-16
2,33,32,5,0,5,0.00017169594278546764,3.3251380049222865e-11,1.1102230246251565e-16
2,33,32,6,0,6,5.0219191348143386e-05,3.0579573982637953e-12,2.220446049250313e-16
2,33,32,7,0,7,4.882288004735311e-06,2.9247221562753305e-11,3.3306690738754696e-16
2,33,32,8,0,8,9.780656089864402e-05,7.277607913532554e-12,9.992007221626409e-16
2,33,32,9,0,9,0.00040064513417266775,2.0182968090740527e-12,6.661338147750939e-16
2,33,32,10,0,10,0.0002812138948279483,1.4421177830352562e-11,2.220446049250313e-16
2,33,32,11,0,11,6.642084032710883e-05,3.4836912434314305e-10,4.440892098500626e-16
2,33,32,12,0,12,3.230799589298874e-05,9.694616335069918e-12,4.440892098500626e-16
2,33,32,13,0,13,0.00031924549869990674,6.970020448465341e-12,2.220446049250313e-16
2,33,32,14,0,14,0.00014438791705210995,8.262207737524706e-11,3.3306690738754696e-16
2,33,32,15,0,15,0.00017323072835973867,1.9533088402426455e-11,3.3306690738754696e-16
2,33,32,16,0,16,0.00012495827367188883,3.276520271780486e-11,2.220446049250313e-16
2,33,32,17,0,17,0.00022716274578124372,3.917371230484337e-12,3.3306690738754696e-16
2,33,32,18,0,18,6.613595463867887e-05,1.621135039561741e-11,7.771561172376096e-16
2,33,32,19,0,19,8.402748379207666e-05,8.379522820452803e-12,4.440892098500626e-16
2,33,32,20,0,20,1.3989308664948628e-05,8.757330298197739e-12,4.440892098500626e-16
2,33,32,21,0,21,0.0002689218425502683,1.0639490264814676e-10,6.661338147750939e-16
2,33,32,22,0,22,2.5772048494798292e-05,2.553783101630429e-10,4.440892098500626e-16
2,33,32,23,0,23,0.00012449550015120097,3.14490291162032e-11,3.3306690738754696e-16
2,33,32,24,0,24,6.210791365109328e-05,1.9351371250801265e-11,4.440892098500626e-16
2,33,32,25,0,25,3.348065403085813e-05,4.623919696247433e-11,4.440892098500626e-16
2,33,32,26,1,26,7.933364144139454e-05,7.333410325391643e-11,5.551115123125783e-16
2,33,32,27,0,27,0.00017610638039349785,3.3307305834682954e-11,4.440892098500626e-16
2,33,32,28,0,28,7.502442129370876e-05,4.27460655845762e-11,6.661338147750939e-16
2,33,32,29,0,29,0.00018714950427473886,5.508915119844318e-12,5.551115123125783e-16
2,33,32,30,0,30,0.00016812470090716167,3.634832263018224e-11,4.440892098500626e-16
2,33,32,31,0,31,0.00020075406021345324,1.909908729675425e-11,5.551115123125783e-16
2,33,32,32,0,32,4.112072891586549e-05,1.9829508476581032e-11,4.440892098500626e-16
2,33,33,33,0,33,2.5359214655111674e-06,7.320897759521646e-11,3.3306690738754696e-16
6,9,32,0,0,0,0.005694815627954861,,
6,9,32,1,0,1,0.009394351759288481,5.535856114957487e-15,1.1102230246251565e-16
6,9,32,2,0,2,0.00642202264212924,5.702432708281908e-14,0.0
6,9,32,3,0,3,0.010967854341048144,3.0360280912614996e-14,2.220446049250313e-16
6,9,32,4,0,4,0.008154038612068891,1.7769261007128162e-13,1.1102230246251565e-16
6,9,32,5,0,5,0.007550698101986575,1.7420359454720983e-12,3.3306690738754696e-16
6,9,32,6,0,6,0.009600084730075984,4.3335596728851986e-13,1.1102230246251565e-16
6,9,32,7,0,7,0.007428224786067682,2.1724521091409404e-10,3.3306690738754696e-16
6,9,32,8,0,8,0.01026943292343265,2.3898635509052043e-12,0.0
6,9,32,9,0,9,0.009816073305278788,1.5546021419374894e-11,4.440892098500626e-16
6,9,32,10,0,10,0.005655603034620766,5.432335693930047e-13,1.1102230246251565e-16
6,9,32,11,0,11,0.011178301448002128,1.0092005574649196e-12,2.220446049250313e-16
6,9,32,12,0,12,0.008041697830187275,5.311014975028899e-12,3.3306690738754696e-16
6,9,32,13,0,13,0.007149022981027691,7.716687125717946e-11,3.3306690738754696e-16
6,9,32,14,0,14,0.009178086573573802,1.6304385709317669e-12,4.440892098500626e-16
6,9,32,15,0,15,0.007588030822527674,2.912737555033644e-10,3.3306690738754696e-16
6,9,32,16,0,16,0.007960327695409095,8.992837244888837e-13,3.3306690738754696e-16
6,9,32,17,0,17,0.009361262387139122,4.706277421911212e-12,3.3306690738754696e-16
6,9,32,18,0,18,0.010918115352967871,7.300347464143543e-13,3.3306690738754696e-16
6,9,32,19,0,19,0.009631977866571398,5.216404700353274e-12,3.3306690738754696e-16
6,9,32,20,0,20,0.013168556260074146,4.359722996516997e-12,3.3306690738754696e-16
6,9,33,21,0,21,0.0005641483958230189,4.630319039465471e-11,3.3306690738754696e-16
6,9,33,22,0,22,0.0004544959995759071,6.42417545102414e-11,3.3306690738754696e-16
6,9,33,23,0,23,0.0003782710278224317,2.0421691663213093e-10,4.440892098500626e-16
6,9,33,24,0,24,0.0014527701234797893,1.4661360855651046e-11,3.3306690738754696e-16
6,9,33,25,0,25,0.0010944444241642879,1.3525159284579847e-10,4.440892098500626e-16
6,9,33,26,0,26,0.0022493377039771918,3.808802575760549e-11,4.440892098500626e-16
6,9,33,27,0,27,0.0028580251516229166,1.1897568526381193e-10,2.220446049250313e-16
6,9,33,28,0,28,0.0030496121313372533,2.2458288846364117e-09,4.440892098500626e-16
6,9,33,29,0,29,0.0033950327005234844,2.0189394820192212e-11,4.440892098500626e-16
6,9,33,30,0,30,0.003997699769463233,7.558119196953574e-12,3.3306690738754696e-16
6,9,33,31,0,31,0.003912708177846284,8.874705315205213e-12,3.3306690738754696e-16
6,9,33,32,0,32,0.0040228333394381624,9.482229113817194e-11,5.551115123125783e-16
6,9,33,33,0,33,0.003395667212785658,4.957191652970864e-12,4.440892098500626e-16
4,14,32,0,0,0,0.007817856196647006,,
4,14,32,1,0,1,0.007835361173100361,5.011892825960913e-15,0.0
4,14,32,2,0,2,0.007870239819498566,2.1346915106901086e-14,1.1102230246251565e-16
4,14,32,3,0,3,0.009180921941930457,6.786988946651016e-14,3.3306690738754696e-16
4,14,32,4,0,4,0.00843985549894867,1.8448952826297761e-13,3.3306690738754696e-16
4,14,32,5,0,5,0.008433361161959198,2.6348077068553397e-10,1.1102230246251565e-16
4,14,32,6,0,6,0.007802293896087161,3.041568807210487e-12,0.0
4,14,32,7,0,7,0.007384941684570938,2.1510263167828083e-12,1.1102230246251565e-16
4,14,32,8,0,8,0.010712223867438824,2.785893945083238e-12,1.1102230246251565e-16
4,14,32,9,0,9,0.0028557283305764088,6.458995359200839e-12,2.220446049250313e-16
4,14,32,10,0,10,0.006285580332458503,9.000931295921868e-12,3.3306690738754696e-16
4,14,32,11,0,11,0.009825120179507027,9.096053152583937e-12,3.3306690738754696e-16
4,14,32,12,0,12,0.009385577186638853,4.896311951625745e-13,2.220446049250313e-16
4,14,32,13,0,13,0.0107206981209479,7.812638351721572e-12,2.220446049250313e-16
4,14,32,14,0,14,0.009923520740468239,3.98159668511418e-12,4.440892098500626e-16
4,14,33,15,0,15,0.00045144880071511153,3.883277552706838e-11,5.551115123125783e-16
4,14,33,16,0,16,0.001110581237881145,6.222310238169957e-11,3.3306690738754696e-16
4,14,33,17,0,17,0.000662684185736671,8.967665465813136e-12,2.220446049250313e-16
4,14,33,18,0,18,0.0012506925308990021,1.264725738620034e-10,2.220446049250313e-16
4,14,33,19,0,19,0.0007975724162794015,5.577742350158119e-12,7.771561172376096e-16
4,14,33,20,0,20,0.001395325952828055,4.236671198884071e-11,4.440892098500626e-16
4,14,33,21,0,21,0.0010822447972350152,5.0855376688642464e-11,5.551115123125783e-16
4,14,33,22,0,22,0.0019399613965129802,5.4683145213416325e-12,5.551115123125783e-16
4,14,33,23,0,23,0.0014825570733012492,1.3654944075815887e-11,4.440892098500626e-16
4,14,33,24,0,24,0.0028928576511521647,1.260747572932532e-09,6.661338147750939e-16
4,14,33,25,0,25,0.0026667795496391625,6.534962919700796e-11,4.440892098500626e-16
4,14,33,26,0,26,0.0018030877176225119,2.5926466010385682e-11,3.3306690738754696e-16
4,14,33,27,0,27,0.004374866194461516,2.727265634070437e-11,4.440892098500626e-16
4,14,33,28,0,28,0.001772679698367751,1.350553214282802e-10,4.440892098500626e-16
4,14,33,29,0,29,0.0019631435688571863,7.601535547992567e-11,5.551115123125783e-16
4,14,33,30,0,30,0.0035932013723938123,4.6822103506956804e-11,4.440892098500626e-16
4,14,33,31,0,31,0.0036615413593010567,2.049011277917513e-10,2.220446049250313e-16
4,14,33,32,0,32,0.005199394891474355,6.841177861927634e-12,4.440892098500626e-16
4,14,33,33,0,33,0.0029579975905262893,3.7981366106234995e-12,6.661338147750939e-16
5,11,32,0,0,0,0.010885029665627662,,
5,11,32,1,0,1,0.009304307423852696,3.4219621572494563e-15,1.1102230246251565e-16
5,11,32,2,0,2,0.010446988722221703,7.906072320238188e-14,2.220446049250313e-16
5,11,32,3,0,3,0.010958365873794224,2.28495200640793e-13,0.0
5,11,32,4,0,4,0.01411399050154073,8.843754819114312e-14,0.0
5,11,32,5,0,5,0.0129607119725076,1.359909601487768e-13,5.551115123125783e-16
5,11,32,6,0,6,0.011538896671087798,1.2189154424778315e-13,4.440892098500626e-16
5,11,32,7,0,7,0.013485977551005912,4.951899229415765e-13,1.1102230246251565e-16
5,11,32,8,0,8,0.011297156044119013,2.1643258848993206e-13,0.0
5,11,32,9,0,9,0.012264128686453822,4.225727029350679e-12,2.220446049250313e-16
5,11,32,10,0,10,0.012367692585314156,6.327541872167258e-13,3.3306690738754696e-16
5,11,33,11,0,11,0.00040138427529614636,7.033855369528308e-12,1.1102230246251565e-16
5,11,33,12,0,12,0.001505024324147164,8.41517567962715e-12,5.551115123125783e-16
5,11,33,13,0,13,0.0010578027675951424,6.247966554181054e-12,1.1102230246251565e-16
5,11,33,14,0,14,0.0014720892801704055,9.113050759635273e-12,2.220446049250313e-16
5,11,33,15,0,15,0.002294023171065149,6.355385120015176e-11,3.3306690738754696e-16
5,11,33,16,0,16,0.002186494053244524,2.982211852718638e-11,3.3306690738754696e-16
5,11,33,17,0,17,0.0017428891589797036,4.1397262549771154e-11,3.3306690738754696e-16
5,11,33,18,0,18,0.0037033421093826797,1.506549159464006e-10,3.3306690738754696e-16
5,11,33,19,0,19,0.003159974398976545,6.524486215212406e-11,4.440892098500626e-16
5,11,33,20,0,20,0.0034997080641050167,2.0727300415276904e-12,6.661338147750939e-16
5,11,33,21,0,21,0.002606561601956198,1.4149749266153529e-11,4.440892098500626e-16
5,11,33,22,0,22,0.0035813312564014514,1.6200528305993648e-11,3.3306690738754696e-16
5,11,33,23,0,23,0.0030743363130537856,2.2074436459307745e-11,5.551115123125783e-16
5,11,33,24,0,24,0.004977258136597895,3.1248703367077617e-12,5.551115123125783e-16
5,11,33,25,0,25,0.0026897919027075662,4.082885878957785e-11,5.551115123125783e-16
5,11,33,26,0,26,0.004635528413992995,1.0293111453129777e-11,4.440892098500626e-16
5,11,33,27,0,27,0.004864026934977578,4.829334052177408e-12,5.551115123125783e-16
5,11,33,28,0,28,0.004374196669991774,1.1307969768023592e-11,3.3306690738754696e-16
5,11,33,29,0,29,0.0036280639183353435,1.6555750390448537e-11,5.551115123125783e-16
5,11,33,30,0,30,0.0056836421884598485,2.708629226083557e-10,3.3306690738754696e-16
5,11,33,31,0,31,0.002168763157210168,4.197229613283933e-12,3.3306690738754696e-16
5,11,33,32,0,32,0.007725154508190618,1.8891598165425977e-11,4.440892098500626e-16
5,11,33,33,0,33,0.005947693897700136,1.7013379277818146e-12,5.551115123125783e-16
2,34,33,0,0,0,0.0004773040240477671,,
2,34,33,1,0,1,0.00012124827966059572,2.613735721433353e-14,0.0
2,34,33,2,0,2,3.484569336849589e-05,6.667441059973186e-13,0.0
2,34,33,3,0,3,8.585096470535255e-05,4.4411584593964685e-13,1.1102230246251565e-16
2,34,33,4,0,4,0.0003209152005703967,2.37374686548538e-13,0.0
2,34,33,5,0,5,0.00011988181491154977,2.1408742798726406e-13,3.3306690738754696e-16
2,34,33,6,0,6,8.949183724751199e-05,1.6925909008838783e-12,3.3306690738754696e-16
2,34,33,7,0,7,0.00023238593463922234,4.680339743020714e-12,6.661338147750939e-16
2,34,33,8,0,8,0.0005942888828301582,7.909037416993884e-13,0.0
2,34,33,9,0,9,0.001222060112614088,1.604273046388306e-12,3.3306690738754696e-16
2,34,33,10,0,10,0.0004177033649402395,8.482430308379352e-13,5.551115123125783e-16
2,34,33,11,0,11,0.0002938118590573753,5.3401958760768715e-12,3.3306690738754696e-16
2,34,33,12,0,12,0.0001977894200602442,1.1975190221703771e-11,4.440892098500626e-16
2,34,33,13,0,13,0.00016728082802721535,1.0296640225585716e-12,1.1102230246251565e-16
2,34,33,14,0,14,2.8963085227852127e-05,7.151067218559269e-12,3.3306690738754696e-16
2,34,33,15,0,15,4.9909087178397963e-05,1.8836039347872137e-10,6.661338147750939e-16
2,34,33,16,0,16,0.00021507736163831005,2.732738696217159e-11,5.551115123125783e-16
2,34,33,17,0,17,2.4146192426176195e-05,1.5636547000262298e-11,3.3306690738754696e-16
2,34,33,18,0,18,8.257729222532365e-06,3.768276718752607e-11,3.3306690738754696e-16
2,34,33,19,0,19,1.841317431272235e-05,1.2159354398262848e-11,4.440892098500626e-16
2,34,33,20,0,20,6.186023860359018e-05,7.074190681500332e-11,3.3306690738754696e-16
2,34,33,21,0,21,6.580788835971812e-05,3.8364771116336444e-11,3.3306690738754696e-16
2,34,33,22,0,22,6.237162369476226e-05,1.1061220033679808e-09,3.3306690738754696e-16
2,34,33,23,0,23,0.00012310780499436797,9.338461288854256e-12,3.3306690738754696e-16
2,34,33,24,0,24,0.0002314966130776946,4.5358767242267666e-10,2.220446049250313e-16
2,34,33,25,0,25,8.458724724674257e-05,2.4154216511340555e-11,2.220446049250313e-16
2,34,33,26,0,26,4.172306149354772e-05,2.0344479197168908e-11,4.440892098500626e-16
2,34,33,27,1,27,2.274505447871663e-05,4.0338523131896094e-11,4.440892098500626e-16
2,34,33,28,0,28,5.38317295041126e-05,1.0701254487707576e-11,6.661338147750939e-16
2,34,33,29,0,29,1.8561083104659663e-05,1.8156565134473375e-11,6.661338147750939e-16
2,34,33,30,0,30,0.00013042872025528153,1.7513117995325906e-11,6.661338147750939e-16
2,34,33,31,0,31,3.8745117799400615e-05,7.259817637612987e-10,5.551115123125783e-16
2,34,33,32,0,32,0.000552867588263783,1.421436983152415e-12,4.440892098500626e-16
2,34,33,33,0,33,9.336086970314068e-06,1.8416560207041473e-11,6.661338147750939e-16
2,34,34,34,0,34,6.026443984454047e-05,9.64664859220344e-12,5.551115123125783e-16
3,20,33,0,0,0,0.0025868349265501865,,
3,20,33,1,0,1,0.002729996171444219,6.586134248210064e-15,1.1102230246251565e-16
3,20,33,2,0,2,0.003755215943213879,2.6526954539395617e-14,0.0
3,20,33,3,0,3,0.0029261686374690925,1.9179286252154423e-13,2.220446049250313e-16
3,20,33,4,0,4,0.004372580018588669,1.2534959215144644e-13,2.220446049250313e-16
3,20,33,5,0,5,0.005031360501855987,6.365435503801406e-12,4.440892098500626e-16
3,20,33,6,0,6,0.003879274482405105,2.4145118647670684e-12,1.1102230246251565e-16
3,20,33,7,0,7,0.0025462475393070055,3.502140421052983e-13,1.1102230246251565e-16
3,20,33,8,0,8,0.004177539128187246,3.425448418444124e-13,4.440892098500626e-16
3,20,33,9,0,9,0.003431413638971742,3.9045878696023585e-12,3.3306690738754696e-16
3,20,33,10,0,10,0.004553309251485898,7.122504443856494e-12,3.3306690738754696e-16
3,20,33,11,0,11,0.0038036697636007095,1.5190453220772594e-11,2.220446049250313e-16
3,20,33,12,0,12,0.003684985533255952,8.674635112833733e-13,2.220446049250313e-16
3,20,33,13,0,13,0.0032551430034873634,8.923407907546724e-12,5.551115123125783e-16
3,20,33,14,0,14,0.0016472903803820284,5.4759328207811635e-11,4.440892098500626e-16
3,20,33,15,0,15,0.0009405920512043198,3.1432748337165647e-11,5.551115123125783e-16
3,20,33,16,0,16,0.004273602361009596,8.355249229648289e-12,3.3306690738754696e-16
3,20,33,17,0,17,0.004526906708719581,5.3976454848802265e-12,2.220446049250313e-16
3,20,33,18,0,18,0.002675983439818239,1.4521430891402695e-12,4.440892098500626e-16
3,20,33,19,0,19,0.0039595334643836525,7.292086206141253e-12,5.551115123125783e-16
3,20,33,20,0,20,0.00337313336565746,8.18875328272988e-12,4.440892098500626e-16
3,20,33,21,0,21,0.0028496613709007254,4.267466395259779e-12,3.3306690738754696e-16
3,20,33,22,0,22,0.002639059337377565,2.2334266819092233e-11,4.440892098500626e-16
3,20,33,23,0,23,0.003527007309968271,3.7169234664177044e-11,6.661338147750939e-16
3,20,33,24,0,24,0.00303088105679174,8.176490615208588e-12,2.220446049250313e-16
3,20,34,25,0,25,0.00024604834320429025,8.647117217365605e-10,5.551115123125783e-16
3,20,34,26,0,26,0.00026086204698401206,2.0654785831474165e-11,4.440892098500626e-16
3,20,34,27,0,27,0.0005370640204271738,1.7053744286535463e-11,3.3306690738754696e-16
3,20,34,28,0,28,0.0004927702248518358,8.04476510879019e-10,4.440892098500626e-16
3,20,34,29,0,29,0.0003680000201909649,2.5833091355865352e-11,3.3306690738754696e-16
3,20,34,30,0,30,0.0006161673652249223,5.045743556456397e-11,5.551115123125783e-16
3,20,34,31,0,31,0.0005357589485751124,6.67523050958392e-11,5.551115123125783e-16
3,20,34,32,0,32,0.0006840847438910182,1.531603605449659e-11,4.440892098500626e-16
3,20,34,33,0,33,0.00011502062425718939,1.0464815261374045e-11,3.3306690738754696e-16
3,20,34,34,0,34,0.00046493388722063924,1.944524496047185e-11,2.220446049250313e-16
7,8,33,0,0,0,0.012233665978810475,,
7,8,33,1,0,1,0.014785518070717525,2.5537035328658494e-15,0.0
7,8,33,2,0,2,0.013050950460450718,2.5993603620398295e-14,1.1102230246251565e-16
7,8,33,3,0,3,0.015903015254985466,2.0541044850383763e-13,6.661338147750939e-16
7,8,33,4,0,4,0.01688160984366961,3.401617114153225e-14,2.220446049250313e-16
7,8,33,5,0,5,0.014966249595854674,1.7073973395953333e-13,0.0
7,8,33,6,0,6,0.014673886665241592,4.584045388959996e-13,2.220446049250313e-16
7,8,34,7,0,7,0.0003166536590058088,9.539655597446867e-13,1.1102230246251565e-16
7,8,34,8,0,8,0.00041697787861733326,6.574184109557068e-12,2.220446049250313e-16
7,8,34,9,0,9,0.00042471210677322453,6.206978538429426e-12,2.220446049250313e-16
7,8,34,10,0,10,0.0017489983141326553,1.5496046319352162e-12,4.440892098500626e-16
7,8,34,11,0,11,0.0012202179192197292,5.5128553526815816e-12,2.220446049250313e-16
7,8,34,12,0,12,0.0010834970213957067,2.722392191277173e-12,3.3306690738754696e-16
7,8,34,13,0,13,0.0012711524558577391,2.290739607426685e-11,3.3306690738754696e-16
7,8,34,14,0,14,0.0020227262177701286,6.741519405895526e-11,3.3306690738754696e-16
7,8,34,15,0,15,0.0018636834279273163,2.273567897667568e-12,2.220446049250313e-16
7,8,34,16,0,16,0.0033800037309653923,1.2662144192415986e-12,3.3306690738754696e-16
7,8,34,17,0,17,0.003373411411054554,2.5916543915861674e-11,4.440892098500626e-16
7,8,34,18,0,18,0.003919602067259183,6.8556239674211524e-12,6.661338147750939e-16
7,8,34,19,0,19,0.005607717590457978,6.6126619996090196e-12,1.1102230246251565e-16
7,8,34,20,0,20,0.0032616763714775772,7.717149292398269e-11,3.3306690738754696e-16
7,8,34,21,0,21,0.003756634648864124,7.0531676905703815e-12,2.220446049250313e-16
7,8,34,22,0,22,0.004684804471803198,1.5027246221130893e-11,5.551115123125783e-16
7,8,34,23,0,23,0.0054096267409565035,1.305086214992282e-11,2.220446049250313e-16
7,8,34,24,0,24,0.006175581961903541,2.7938548050726025e-12,4.440892098500626e-16
7,8,34,25,0,25,0.0051215681165576385,2.456543739550896e-11,5.551115123125783e-16
7,8,34,26,0,26,0.00491932255468752,8.408703114260496e-12,3.3306690738754696e-16
7,8,34,27,0,27,0.00569203353674537,1.1068263570303715e-11,5.551115123125783e-16
7,8,34,28,0,28,0.004216892668448619,8.10996020686152e-12,4.440892098500626e-16
7,8,34,29,0,29,0.007539632119165609,1.0643560350516699e-11,4.440892098500626e-16
7,8,34,30,0,30,0.006401842808727306,4.725960131108957e-12,4.440892098500626e-16
7,8,34,31,0,31,0.006886197923798517,4.617178808680937e-12,5.551115123125783e-16
7,8,34,32,0,32,0.008246196742503731,1.6127042089696135e-12,3.3306690738754696e-16
7,8,34,33,0,33,0.004749595319745214,4.2978368198432114e-12,4.440892098500626e-16
7,8,34,34,0,34,0.0053484774887377125,9.301685819577733e-12,2.220446049250313e-16
2,35,34,0,0,0,0.00016449380463960718,,
2,35,34,1,0,1,0.0005511946561672219,4.369848607668859e-14,0.0
2,35,34,2,0,2,0.00032323423928591616,1.8750313887122416e-13,1.1102230246251565e-16
2,35,34,3,0,3,0.0001705944888263148,6.30713825591921e-13,0.0
2,35,34,4,0,4,0.0001868459831753929,3.746235716591338e-13,1.1102230246251565e-16
2,35,34,5,0,5,0.002537597512442505,2.6658048750553e-12,2.220446049250313e-16
2,35,34,6,0,6,0.00011426827656136678,3.303619527061084e-12,3.3306690738754696e-16
2,35,34,7,0,7,0.00016256047159862394,7.161623776436449e-11,3.3306690738754696e-16
2,35,34,8,0,8,5.2945912574233156e-05,5.4563625044634805e-12,1.1102230246251565e-16
2,35,34,9,0,9,0.00020800954917270763,1.492831194459444e-11,2.220446049250313e-16
2,35,34,10,0,10,6.3091162699134e-05,1.849322114519308e-11,5.551115123125783e-16
2,35,34,11,0,11,0.0003914990687772198,2.705588321016455e-12,6.661338147750939e-16
2,35,34,12,0,12,0.0006825456004472379,2.2293502205740236e-12,6.661338147750939e-16
2,35,34,13,0,13,3.6504289130797505e-05,1.992302964738402e-11,4.440892098500626e-16
2,35,34,14,0,14,2.3485038448225445e-05,2.650003130608885e-10,1.1102230246251565e-16
2,35,34,15,0,15,2.1664130371165006e-05,7.394222883523122e-12,3.3306690738754696e-16
2,35,34,16,0,16,0.00018872413876009475,9.683785039159216e-12,4.440892098500626e-16
2,35,34,17,0,17,0.0005973163851886414,1.973984705494737e-11,2.220446049250313e-16
2,35,34,18,0,18,0.00024871701466100583,3.96274306499722e-11,3.3306690738754696e-16
2,35,34,19,0,19,1.5802792961993538e-05,6.196016754698932e-10,4.440892098500626e-16
2,35,34,20,0,20,0.0003278075252048016,6.870317337474185e-12,6.661338147750939e-16
2,35,34,21,0,21,4.718706652696634e-05,4.553470138684452e-10,3.3306690738754696e-16
2,35,34,22,0,22,9.5666508082465e-05,7.944868176272556e-12,3.3306690738754696e-16
2,35,34,23,0,23,6.837719173388697e-06,6.512592088632198e-11,6.661338147750939e-16
2,35,34,24,1,24,0.0001250397827711718,1.5143349219407067e-10,6.661338147750939e-16
2,35,34,25,0,25,1.748656203256779e-05,1.1206597410176372e-10,6.661338147750939e-16
2,35,34,26,0,26,0.00010992269798154568,6.079201425246466e-11,3.3306690738754696e-16
2,35,34,27,0,27,6.836790177877381e-06,1.031149469203635e-10,5.551115123125783e-16
2,35,34,28,0,28,0.00026612228215169305,2.7342315650737238e-11,4.440892098500626e-16
2,35,34,29,0,29,0.0002367689288059665,2.410291320534979e-11,3.3306690738754696e-16
2,35,34,30,0,30,3.324583085179455e-05,4.637330563497277e-11,4.440892098500626e-16
2,35,34,31,0,31,0.0002289093466795896,2.2254345186904718e-12,8.881784197001252e-16
2,35,34,32,0,32,0.0001371804011116484,5.774864824705735e-12,4.440892098500626e-16
2,35,34,33,0,33,1.0922965440292154e-05,5.309579213725521e-11,3.3306690738754696e-16
2,35,34,34,0,34,0.00014115644935846073,4.749281804156123e-12,6.661338147750939e-16
2,35,35,35,0,35,8.247690087597117e-06,1.4984962003743043e-10,4.440892098500626e-16
3,21,35,0,0,0,0.00017500776891304334,,
3,21,35,1,0,1,0.0012054951697411363,2.8090442047820438e-14,0.0
3,21,35,2,0,2,0.0014617288592183948,6.752757037566311e-14,0.0
3,21,35,3,0,3,0.0015989391939504524,2.306123230769894e-12,1.1102230246251565e-16
3,21,35,4,0,4,0.0012026909798371116,1.8183056889279318e-13,0.0
3,21,35,5,0,5,0.001672927522115816,2.199994394051255e-12,2.220446049250313e-16
3,21,35,6,0,6,0.0016271592174445237,2.310403889492547e-12,3.3306690738754696e-16
3,21,35,7,0,7,0.002057911799438542,9.63783058287824e-12,5.551115123125783e-16
3,21,35,8,0,8,0.0022273506487820584,4.532739907757887e-12,1.1102230246251565e-16
3,21,35,9,0,9,0.0019473669547608566,1.291563888323779e-11,3.3306690738754696e-16
3,21,35,10,0,10,0.0023044105379126287,2.4903169969369573e-11,3.3306690738754696e-16
3,21,35,11,0,11,0.0030760171253208313,6.441795643707421e-13,2.220446049250313e-16
3,21,35,12,0,12,0.0009710738523123504,5.366763424406181e-11,3.3306690738754696e-16
3,21,35,13,0,13,0.0035861767646419443,3.899780643493412e-12,7.771561172376096e-16
3,21,35,14,0,14,0.0018491309625693565,3.0678539208905727e-12,2.220446049250313e-16
3,21,35,15,0,15,0.0031121556929422822,2.2819222071686922e-12,4.440892098500626e-16
3,21,35,16,0,16,0.0014914662782798812,4.916146200974234e-12,5.551115123125783e-16
3,21,35,17,0,17,0.00222509775836925,2.1557278372759692e-11,4.440892098500626e-16
3,21,35,18,0,18,0.0009099412546196119,4.4841941166093116e-10,2.220446049250313e-16
3,21,35,19,0,19,0.0012179236160821207,3.4324038458207047e-12,4.440892098500626e-16
3,21,35,20,0,20,0.0026192505053325224,1.0589023834702727e-11,4.440892098500626e-16
3,21,35,21,1,21,0.002032385217679745,3.3104630860983556e-12,4.440892098500626e-16
3,21,35,22,0,22,0.0016245965081198948,7.882670497680173e-12,4.440892098500626e-16
3,21,35,23,1,23,0.004166247715343331,6.6950590038442195e-12,3.3306690738754696e-16
3,21,35,24,0,24,0.002176580672827939,6.258502589764475e-11,2.220446049250313e-16
3,21,35,25,0,25,0.0008022785591428484,7.019175005479572e-10,5.551115123125783e-16
3,21,35,26,0,26,0.001072743007987805,1.2492744193782452e-09,4.440892098500626e-16
3,21,35,27,0,27,0.0010842802850399111,2.490007428203915e-09,6.661338147750939e-16
3,21,35,28,0,28,0.004205207747489488,1.032845651516742e-10,4.440892098500626e-16
3,21,35,29,0,29,0.000388486115624523,2.9054373027062548e-11,4.440892098500626e-16
3,21,35,30,0,30,0.0008011465597392407,2.6715897595889943e-11,4.440892098500626e-16
3,21,35,31,0,31,0.002476210937752204,3.145307180638446e-12,4.440892098500626e-16
3,21,35,32,0,32,0.0016545623412003057,1.2359816109992245e-10,5.551115123125783e-16
3,21,35,33,0,33,0.0011072622210820634,2.7914607840070504e-11,4.440892098500626e-16
3,21,35,34,0,34,0.0027231677765475575,2.7958310950985507e-11,3.3306690738754696e-16
3,21,35,35,0,35,0.0015550975614503034,1.190098853254562e-11,4.440892098500626e-16
3,21,36,36,0,36,0.00011603218177204504,8.546014847843777e-10,3.3306690738754696e-16
2,36,35,0,0,0,0.0006253482071934988,,
2,36,35,1,0,1,0.0008322499043981376,4.888751184110313e-14,1.1102230246251565e-16
2,36,35,2,0,2,0.0005122399221954837,1.0171965843766853e-13,0.0
2,36,35,3,0,3,9.357113184246462e-06,6.3509416112117265e-12,0.0
2,36,35,4,0,4,5.459702910926919e-05,1.2187721035600453e-12,0.0
2,36,35,5,0,5,0.0005350081656654126,2.417894283103531e-12,2.220446049250313e-16
2,36,35,6,0,6,0.0001834162083293896,1.2475807401605556e-11,2.220446049250313e-16
2,36,35,7,0,7,0.0005879861196750911,5.0052705556248914e-11,2.220446049250313e-16
2,36,35,8,0,8,0.0005026542631745103,1.6990604276988455e-12,3.3306690738754696e-16
2,36,35,9,0,9,0.00019801100674013848,7.544516823586694e-11,4.440892098500626e-16
2,36,35,10,0,10,0.0003020859391723855,3.398350599600111e-11,2.220446049250313e-16
2,36,35,11,0,11,0.0004083925596598705,2.2827879704181503e-12,5.551115123125783e-16
2,36,35,12,0,12,4.656326429808875e-05,4.844275473261711e-12,4.440892098500626e-16
2,36,35,13,0,13,8.720253501315225e-05,1.6208869142564585e-10,3.3306690738754696e-16
2,36,35,14,0,14,6.551832081419492e-05,2.6515669597087673e-10,4.440892098500626e-16
2,36,35,15,0,15,0.00017901353003765995,8.739709452321686e-11,3.3306690738754696e-16
2,36,35,16,0,16,0.00015919803565969318,7.446803606169534e-11,3.3306690738754696e-16
2,36,35,17,0,17,0.00011880645541504902,4.799895699593406e-12,3.3306690738754696e-16
2,36,35,18,0,18,0.00012344550463137138,5.535842631701536e-12,3.3306690738754696e-16
2,36,35,19,0,19,0.00010690652976246795,9.933534196734674e-11,4.440892098500626e-16
2,36,35,20,0,20,0.00023030461209223762,1.3646245082277065e-10,3.3306690738754696e-16
2,36,35,21,0,21,0.0005175178179363928,1.0551846535207534e-11,4.440892098500626e-16
2,36,35,22,0,22,6.895426698316355e-05,3.410603517221151e-11,2.220446049250313e-16
2,36,35,23,0,23,0.00010294119247191845,1.1251921107256249e-11,3.3306690738754696e-16
2,36,35,24,0,24,0.00011380637115784853,3.879993258870619e-11,3.3306690738754696e-16
2,36,35,25,1,25,5.6137056019678874e-05,2.6286241230277197e-10,5.551115123125783e-16
2,36,35,26,0,26,1.4184521808444037e-05,5.775357592444261e-11,3.3306690738754696e-16
2,36,35,27,1,27,2.932730225256137e-05,6.599899291470833e-11,4.440892098500626e-16
2,36,35,28,0,28,0.00034192994048724606,1.1884872639553263e-10,7.771561172376096e-16
2,36,35,29,0,29,0.0001049178209879883,3.518711519819403e-11,3.3306690738754696e-16
2,36,35,30,0,30,7.95885146832475e-05,1.3541432546388746e-09,6.661338147750939e-16
2,36,35,31,0,31,1.9505890931793079e-07,6.502147946014691e-10,3.3306690738754696e-16
2,36,35,32,0,32,1.3342648568499301e-05,4.465763925567796e-11,2.220446049250313e-16
2,36,35,33,0,33,6.161912368657847e-05,2.3396988048982825e-09,4.440892098500626e-16
2,36,35,34,0,34,8.123334814438895e-05,1.1567319794699119e-11,5.551115123125783e-16
2,36,35,35,0,35,9.153395804197142e-06,3.1316913632830013e-11,5.551115123125783e-16
2,36,36,36,0,36,1.2477689505218432e-07,1.6574317285239278e-09,4.440892098500626e-16
4,15,35,0,0,0,0.000895384640123318,,
4,15,35,1,0,1,0.0003771678510436821,1.4857686478758594e-14,0.0
4,15,35,2,0,2,0.0019862408382830686,3.7599391607892625e-13,1.1102230246251565e-16
4,15,35,3,0,3,0.0018159276050386754,7.505458931052249e-14,3.3306690738754696e-16
4,15,35,4,0,4,0.0018205681719114177,2.384715003487714e-13,3.3306690738754696e-16
4,15,35,5,0,5,0.0032202029605022707,4.723281216494521e-13,1.1102230246251565e-16
4,15,35,6,0,6,0.0025990108946789166,7.496141859883162e-13,3.3306690738754696e-16
4,15,35,7,0,7,0.0015020038551798922,3.5076825578463753e-12,1.1102230246251565e-16
4,15,35,8,0,8,0.00417870314296884,3.95742684028274e-11,3.3306690738754696e-16
4,15,35,9,0,9,0.00220901858769159,3.8444485265736467e-13,1.1102230246251565e-16
4,15,35,10,0,10,0.002207576111532115,8.51333298874431e-12,2.220446049250313e-16
4,15,35,11,0,11,0.004446527911464853,8.438116707122739e-13,4.440892098500626e-16
4,15,35,12,0,12,0.0050987251702118135,6.393156282402013e-11,2.220446049250313e-16
4,15,35,13,0,13,0.003952809307791613,2.471304195356572e-11,2.220446049250313e-16
4,15,35,14,0,14,0.0039012097501218874,2.9090056529515725e-12,3.3306690738754696e-16
4,15,35,15,0,15,0.0027239313408347265,4.520505157588878e-11,4.440892098500626e-16
4,15,35,16,0,16,0.004352772856876824,1.8574276220601095e-11,3.3306690738754696e-16
4,15,35,17,0,17,0.0027102256103697527,4.572716181712625e-12,3.3306690738754696e-16
4,15,35,18,0,18,0.003529385968547856,3.2771353809508024e-10,6.661338147750939e-16
4,15,35,19,0,19,0.004003683779242484,2.8182526258233334e-12,3.3306690738754696e-16
4,15,35,20,0,20,0.005356932774848884,9.583098195739316e-12,3.3306690738754696e-16
4,15,35,21,0,21,0.0047877407110073706,3.85087897879399e-11,2.220446049250313e-16
4,15,35,22,0,22,0.004211937701919043,4.0537268596173755e-12,3.3306690738754696e-16
4,15,35,23,0,23,0.003289575435112251,2.4080107292869154e-11,4.440892098500626e-16
4,15,35,24,0,24,0.005282653633061215,2.2912019511738114e-11,4.440892098500626e-16
4,15,35,25,0,25,0.004464955514032575,9.472453586191829e-12,2.220446049250313e-16
4,15,35,26,0,26,0.005851124590838243,3.7536340602333865e-11,3.3306690738754696e-16
4,15,35,27,0,27,0.0035219038270336693,3.0958919142480554e-11,5.551115123125783e-16
4,15,35,28,0,28,0.005441041286803827,1.4236038690577205e-09,7.771561172376096e-16
4,15,35,29,0,29,0.004711229040945801,1.7570435069464517e-11,3.3306690738754696e-16
4,15,35,30,0,30,0.004796480801742302,8.56463711499428e-10,6.661338147750939e-16
4,15,35,31,0,31,0.0029336182512752526,1.9749047826932453e-12,3.3306690738754696e-16
4,15,35,32,0,32,0.005479172105764817,5.9760259705165406e-12,4.440892098500626e-16
4,15,35,33,0,33,0.0028461263331143734,4.9426654569681365e-12,5.551115123125783e-16
4,15,35,34,0,34,0.004491054888703832,4.260596896091437e-12,5.551115123125783e-16
4,15,35,35,0,35,0.003177242321404886,3.720679911062367e-12,3.3306690738754696e-16
4,15,36,36,0,36,0.0003209792523744811,2.6821589808675852e-11,6.661338147750939e-16
5,12,35,0,0,0,0.009438427737357367,,
5,12,35,1,0,1,0.013908539448533907,4.6750049469975184e-15,0.0
5,12,35,2,0,2,0.010541311071311916,4.424156016427298e-14,2.220446049250313e-16
5,12,35,3,0,3,0.013075464052663218,1.4083135543936196e-13,3.3306690738754696e-16
5,12,35,4,0,4,0.010449919357309429,1.0979535258934433e-13,2.220446049250313e-16
5,12,35,5,0,5,0.013743899175168014,5.2534435267992074e-14,4.440892098500626e-16
5,12,36,6,0,6,0.00011789619664077136,9.86052988081322e-12,2.220446049250313e-16
5,12,36,7,0,7,0.001197086538818367,1.1472020025586614e-12,3.3306690738754696e-16
5,12,36,8,0,8,0.000743188535232344,1.487665311897318e-12,2.220446049250313e-16
5,12,36,9,0,9,0.00116086808791049,2.911263186319905e-11,6.661338147750939e-16
5,12,36,10,0,10,0.0008813944417273788,6.553784163134132e-12,3.3306690738754696e-16
5,12,36,11,0,11,0.0020282910996875063,2.601043984020148e-12,3.3306690738754696e-16
5,12,36,12,0,12,0.0018912140467200178,3.50930799867293e-12,1.1102230246251565e-16
5,12,36,13,0,13,0.0025953574367423037,7.093572047796853e-12,4.440892098500626e-16
5,12,36,14,0,14,0.0041366743121623506,1.3647844308130662e-12,4.440892098500626e-16
5,12,36,15,0,15,0.0023633244167753924,2.900846127673401e-12,2.220446049250313e-16
5,12,36,16,0,16,0.003366729438326545,6.921089693468969e-12,3.3306690738754696e-16
5,12,36,17,0,17,0.004797650553298049,7.089204237744566e-12,1.1102230246251565e-16
5,12,36,18,0,18,0.002668691033427611,5.600187250650268e-12,4.440892098500626e-16
5,12,36,19,0,19,0.002481464970306508,7.857502703245318e-11,4.440892098500626e-16
5,12,36,20,0,20,0.0035288890429398877,2.170874650521551e-11,3.3306690738754696e-16
5,12,36,21,0,21,0.00332915046129277,2.57601031702548e-11,4.440892098500626e-16
5,12,36,22,0,22,0.0025904608133570295,1.4612615259951678e-11,5.551115123125783e-16
5,12,36,23,0,23,0.0041979534258455966,4.115941921748381e-11,2.220446049250313e-16
5,12,36,24,0,24,0.0033954137480086523,6.745095608165884e-11,8.881784197001252e-16
5,12,36,25,0,25,0.004498122901266359,2.7252596297400587e-11,3.3306690738754696e-16
5,12,36,26,0,26,0.004194645556485141,1.7101969102909308e-11,4.440892098500626e-16
5,12,36,27,0,27,0.005436838262849191,4.23407023572762e-12,2.220446049250313e-16
5,12,36,28,0,28,0.006733814691746418,2.036316645384645e-11,4.440892098500626e-16
5,12,36,29,0,29,0.0057148315778189655,6.054954672657083e-11,6.661338147750939e-16
5,12,36,30,0,30,0.005373791578466164,9.285138683255447e-12,8.881784197001252e-16
5,12,36,31,0,31,0.0039942218321105324,2.1876770266020315e-11,5.551115123125783e-16
5,12,36,32,0,32,0.005735751116019115,4.9674649309244084e-12,4.440892098500626e-16
5,12,36,33,0,33,0.004719144121711536,6.576895232653163e-11,2.220446049250313e-16
5,12,36,34,0,34,0.006086092106625515,8.623088927136908e-12,6.661338147750939e-16
5,12,36,35,0,35,0.007372447480372917,5.744444139320679e-12,5.551115123125783e-16
5,12,36,36,0,36,0.004874644253509197,2.6053800528506967e-11,5.551115123125783e-16
2,37,36,0,0,0,0.00024873217943483574,,
2,37,36,1,0,1,0.0010812553637531731,2.0928177272046186e-14,0.0
2,37,36,2,0,2,0.00018972483275215624,1.1186382960464515e-13,2.220446049250313e-16
2,37,36,3,0,3,0.0003617559951582796,5.247265099205548e-13,0.0
2,37,36,4,0,4,0.0002747294456575802,1.047095073078355e-11,4.440892098500626e-16
2,37,36,5,0,5,0.0002796878249448613,2.9614048540677078e-12,2.220446049250313e-16
2,37,36,6,0,6,0.0009776885130972645,8.791076422123713e-13,2.220446049250313e-16
2,37,36,7,0,7,0.00013034071840832374,1.4405867427393735e-12,3.3306690738754696e-16
2,37,36,8,0,8,0.0007863143629002865,7.918575808958152e-10,4.440892098500626e-16
2,37,36,9,0,9,0.00037374886020900215,1.3991696418607348e-12,2.220446049250313e-16
2,37,36,10,0,10,0.0006623745529868624,1.3148816926457028e-11,1.1102230246251565e-16
2,37,36,11,0,11,0.0002155000462330064,1.5460531900977263e-11,4.440892098500626e-16
2,37,36,12,0,12,0.00016878518507756053,3.362129285457849e-12,2.220446049250313e-16
2,37,36,13,0,13,0.0001511117887377166,2.570824977046486e-12,4.440892098500626e-16
2,37,36,14,0,14,0.00011861315783921067,1.2703483931829056e-08,2.220446049250313e-16
2,37,36,15,0,15,0.00033579456287888444,1.2457360173781917e-11,4.440892098500626e-16
2,37,36,16,0,16,6.0957410179221175e-05,7.424212331672037e-12,3.3306690738754696e-16
2,37,36,17,0,17,0.0002924729305990465,2.3876502468690105e-11,6.661338147750939e-16
2,37,36,18,0,18,7.147689507861576e-05,8.840056779694941e-11,2.220446049250313e-16
2,37,36,19,0,19,6.474269195518811e-07,3.7767424257878883e-10,4.440892098500626e-16
2,37,36,20,0,20,1.7584959186545187e-06,2.412663487087326e-10,5.551115123125783e-16
2,37,36,21,0,21,0.00014926872700119406,2.215143289682658e-11,3.3306690738754696e-16
2,37,36,22,0,22,0.00010704863795993847,1.839556696452046e-11,6.661338147750939e-16
2,37,36,23,0,23,0.0001339502101187191,7.96060619390858e-11,4.440892098500626e-16
2,37,36,24,0,24,0.0001959954155742745,3.126743307476111e-11,4.440892098500626e-16
2,37,36,25,0,25,3.387275866048341e-05,9.384901110864128e-12,4.440892098500626e-16
2,37,36,26,0,26,2.5210813760604902e-05,2.1977698039292398e-11,4.440892098500626e-16
2,37,36,27,0,27,7.0122127093192465e-06,1.705908922870381e-10,5.551115123125783e-16
2,37,36,28,0,28,0.00011395161140031088,4.868810012171671e-11,3.3306690738754696e-16
2,37,36,29,0,29,0.00022073034517287624,4.217320539909471e-11,5.551115123125783e-16
2,37,36,30,0,30,0.0002711516918329625,1.2608815871249945e-10,3.3306690738754696e-16
2,37,36,31,0,31,1.7283264597542743e-05,9.753278277752681e-11,3.3306690738754696e-16
2,37,36,32,0,32,2.940544659030848e-05,6.93997072188909e-11,3.3306690738754696e-16
2,37,36,33,0,33,4.3687523214309596e-05,1.1107374682226611e-09,4.440892098500626e-16
2,37,36,34,0,34,5.9024538854778096e-05,1.0361343640587894e-11,8.881784197001252e-16
2,37,36,35,0,35,2.4931866880192933e-05,1.0121695748822594e-09,3.3306690738754696e-16
2,37,36,36,0,36,7.528974487521834e-07,2.2842398718096683e-10,4.440892098500626e-16
2,37,37,37,0,37,8.499873755514547e-06,5.517801817456227e-10,4.440892098500626e-16
6,10,36,0,0,0,0.0035542284348456994,,
6,10,36,1,0,1,0.004432938300205067,6.909654771836266e-15,1.1102230246251565e-16
6,10,36,2,0,2,0.003443791242203248,6.879861130930659e-14,0.0
6,10,36,3,0,3,0.005492444689404859,9.371376127532341e-14,2.220446049250313e-16
6,10,36,4,0,4,0.004361789724435727,4.6933385878446844e-14,0.0
6,10,36,5,0,5,0.005555016318827249,5.788544139844161e-13,1.1102230246251565e-16
6,10,36,6,0,6,0.004916946501345088,1.299350947552177e-13,4.440892098500626e-16
6,10,36,7,0,7,0.008630022387596015,3.293584658086432e-13,1.1102230246251565e-16
6,10,36,8,0,8,0.005520713068968141,2.6608066880122445e-12,5.551115123125783e-16
6,10,36,9,0,9,0.006073542886041298,7.346491243343835e-13,3.3306690738754696e-16
6,10,36,10,0,10,0.00640231491741543,2.1639479082351193e-12,3.3306690738754696e-16
6,10,36,11,0,11,0.0069903201092575635,5.389395900001547e-12,2.220446049250313e-16
6,10,36,12,0,12,0.008378166701974655,1.1869077805139146e-12,1.1102230246251565e-16
6,10,36,13,0,13,0.007166031852524415,3.196637716661938e-11,2.220446049250313e-16
6,10,36,14,0,14,0.007195807367888312,1.635468604647469e-11,5.551115123125783e-16
6,10,36,15,0,15,0.007787590194743939,1.0342872588607e-12,1.1102230246251565e-16
6,10,36,16,0,16,0.007941510798905559,9.71319622906058e-12,3.3306690738754696e-16
6,10,36,17,0,17,0.008729754708520852,1.9668503573331884e-12,2.220446049250313e-16
6,10,36,18,0,18,0.007698104066955837,5.019903921467812e-12,4.440892098500626e-16
6,10,36,19,0,19,0.009588885996235967,3.250033868168176e-12,2.220446049250313e-16
6,10,36,20,0,20,0.010279141203975292,6.881391502423635e-11,3.3306690738754696e-16
6,10,36,21,0,21,0.008925528232416635,2.3532522813280214e-11,3.3306690738754696e-16
6,10,36,22,0,22,0.0065193195414368745,2.0632353821266674e-11,4.440892098500626e-16
6,10,36,23,0,23,0.0072861992718570474,2.8122768296808004e-11,4.440892098500626e-16
6,10,36,24,0,24,0.008454842729144953,2.466838400050305e-12,5.551115123125783e-16
6,10,36,25,0,25,0.011169184615891382,9.550747427553069e-11,3.3306690738754696e-16
6,10,36,26,0,26,0.008236620021227683,2.207594737484692e-10,4.440892098500626e-16
6,10,36,27,0,27,0.00768470624042286,4.415112050768626e-11,2.220446049250313e-16
6,10,37,28,0,28,5.5075179400378264e-05,9.27904255251482e-10,3.3306690738754696e-16
6,10,37,29,0,29,0.0004782242633216267,2.0979701134240118e-10,4.440892098500626e-16
6,10,37,30,0,30,0.0009750729531868104,2.8752581349484653e-09,4.440892098500626e-16
6,10,37,31,0,31,0.0006106801214400562,6.823308150498655e-10,5.551115123125783e-16
6,10,37,32,0,32,0.0008256883467260477,1.41859360257656e-10,3.3306690738754696e-16
6,10,37,33,0,33,0.0008344268969716934,1.0203174868046437e-09,9.992007221626409e-16
6,10,37,34,0,34,0.001870573432098609,1.3141725498639238e-10,5.551115123125783e-16
6,10,37,35,0,35,0.001404665981225379,6.026765225947774e-12,7.771561172376096e-16
6,10,37,36,0,36,0.001805985122687236,1.5605052733507467e-11,4.440892098500626e-16
6,10,37,37,0,37,0.0016507097955408203,1.8839435939717384e-11,4.440892098500626e-16
3,22,36,0,0,0,0.006617958891594181,,
3,22,36,1,0,1,0.007785681133150796,4.1746962759606634e-15,1.1102230246251565e-16
3,22,36,2,0,2,0.008261139556064516,1.7702383951973772e-14,2.220446049250313e-16
3,22,36,3,0,3,0.0082287202263225,9.119338201371339e-14,2.220446049250313e-16
3,22,36,4,0,4,0.0071996876341680486,1.0467291214857303e-13,1.1102230246251565e-16
3,22,36,5,0,5,0.007746375863535363,8.785068072382051e-12,4.440892098500626e-16
3,22,36,6,0,6,0.003948165332135597,5.963377278120871e-13,2.220446049250313e-16
3,22,36,7,0,7,0.007651409709873067,3.529312905522507e-13,7.771561172376096e-16
3,22,36,8,0,8,0.00827073076209959,1.8022983763689348e-12,1.1102230246251565e-16
3,22,36,9,0,9,0.008685172651215598,4.016137329438142e-12,4.440892098500626e-16
3,22,37,10,0,10,5.859688706018866e-05,3.420702571874739e-11,3.3306690738754696e-16
3,22,37,11,0,11,0.0001292536002264739,1.824564321743434e-11,2.220446049250313e-16
3,22,37,12,0,12,0.0012004043773035853,4.170277508201027e-11,2.220446049250313e-16
3,22,37,13,0,13,0.0004802821695182017,8.038976626908028e-12,3.3306690738754696e-16
3,22,37,14,0,14,0.0011174258398861875,2.6639834653243328e-12,4.440892098500626e-16
3,22,37,15,0,15,0.00037487518435531047,1.0093186295204406e-11,4.440892098500626e-16
3,22,37,16,0,16,0.0009405300566793074,1.414899369367174e-11,3.3306690738754696e-16
3,22,37,17,0,17,0.0007561314711455754,4.093574933144547e-12,2.220446049250313e-16
3,22,37,18,0,18,0.0014306187027020528,2.6651977608048623e-11,3.3306690738754696e-16
3,22,37,19,0,19,0.00023163007694337455,2.033973806036381e-11,3.3306690738754696e-16
3,22,37,20,0,20,0.0014793551316699602,7.456342662581742e-10,3.3306690738754696e-16
3,22,37,21,0,21,0.000643160987357211,8.343816252658877e-11,4.440892098500626e-16
3,22,37,22,0,22,0.0015096276018719368,1.6468978223649857e-11,3.3306690738754696e-16
3,22,37,23,0,23,0.0006901555789703632,4.561757797716663e-10,6.661338147750939e-16
3,22,37,24,0,24,0.0017511134046794838,1.4815958166799833e-11,5.551115123125783e-16
3,22,37,25,0,25,0.0011135825211286577,3.166619635542449e-10,4.440892098500626e-16
3,22,37,26,0,26,0.001637427893429766,1.4299502998583934e-08,4.440892098500626e-16
3,22,37,27,0,27,0.0016008367788126062,1.261641871778264e-11,3.3306690738754696e-16
3,22,37,28,0,28,0.0018861372257801597,1.351958442111128e-10,3.3306690738754696e-16
3,22,37,29,0,29,0.0009174681701127794,5.584395185419399e-11,7.771561172376096e-16
3,22,37,30,0,30,0.0014069061646374541,1.6612190031767564e-10,5.551115123125783e-16
3,22,37,31,0,31,0.0016042583555677334,3.689902828668663e-11,4.440892098500626e-16
3,22,37,32,0,32,0.001716876546445238,1.5068711538639157e-10,4.440892098500626e-16
3,22,37,33,0,33,0.0009196657289165044,1.772229581948973e-11,4.440892098500626e-16
3,22,37,34,0,34,0.0017064752891446354,8.178988503262902e-12,5.551115123125783e-16
3,22,37,35,0,35,0.0017967943049669668,4.485430911783119e-10,5.551115123125783e-16
3,22,37,36,0,36,0.001657908236190661,7.038232479784104e-12,6.661338147750939e-16
3,22,37,37,0,37,0.0011484032736306655,6.882683008490353e-11,4.440892098500626e-16
2,38,37,0,0,0,0.00044152373660835703,,
2,38,37,1,0,1,0.0001462551342292894,1.9167544198511824e-13,0.0
2,38,37,2,0,2,0.0005812451276726369,7.746687021628125e-14,5.551115123125783e-16
2,38,37,3,0,3,0.00025697032622608063,6.25953431902898e-13,0.0
2,38,37,4,0,4,0.00012374978450759415,9.852972781831374e-11,1.1102230246251565e-16
2,38,37,5,0,5,0.0004420770984788126,6.82889712983207e-13,1.1102230246251565e-16
2,38,37,6,0,6,0.00013939123077341488,1.109588880076243e-12,1.1102230246251565e-16
2,38,37,7,0,7,0.0009855068791714363,5.2690397937307366e-12,4.440892098500626e-16
2,38,37,8,0,8,1.7951563521126194e-05,4.447095645283754e-11,3.3306690738754696e-16
2,38,37,9,0,9,5.3706400546970216e-05,2.846670288493213e-10,2.220446049250313e-16
2,38,37,10,0,10,0.00029445209006369343,1.6274129946806989e-12,1.1102230246251565e-16
2,38,37,11,0,11,3.0732639157153985e-05,2.5226485748586328e-11,2.220446049250313e-16
2,38,37,12,0,12,0.00013143219746018604,1.302175882747208e-11,3.3306690738754696e-16
2,38,37,13,0,13,6.21573880180763e-05,4.0058280183829325e-10,4.440892098500626e-16
2,38,37,14,0,14,0.00023583182473281558,1.2343980906309551e-11,1.1102230246251565e-16
2,38,37,15,0,15,7.931803996761899e-05,1.0906241116982999e-10,4.440892098500626e-16
2,38,37,16,0,16,4.066927616756587e-05,1.609758676368788e-10,3.3306690738754696e-16
2,38,37,17,0,17,0.00017306684259207905,1.8463877501089073e-11,6.661338147750939e-16
2,38,37,18,0,18,0.00011250948366736913,1.6483068887823714e-10,3.3306690738754696e-16
2,38,37,19,0,19,0.0001839574953862495,8.71526078077466e-12,4.440892098500626e-16
2,38,37,20,0,20,8.281038616558165e-05,3.037615774219233e-11,6.661338147750939e-16
2,38,37,21,0,21,3.5186232936124105e-06,1.6860474745136863e-10,5.551115123125783e-16
2,38,37,22,0,22,0.00011857738025035905,2.2038933114919737e-11,6.661338147750939e-16
2,38,37,23,0,23,0.00011519974339083938,7.290155354224742e-12,7.771561172376096e-16
2,38,37,24,0,24,3.426395615069886e-05,1.2680148343997308e-10,5.551115123125783e-16
2,38,37,25,0,25,4.4282038400723174e-05,2.7612624890563157e-11,4.440892098500626e-16
2,38,37,26,0,26,9.500973715907187e-05,8.770772932144899e-12,5.551115123125783e-16
2,38,37,27,0,27,0.0001552928857855953,4.5207911689705755e-11,4.440892098500626e-16
2,38,37,28,0,28,0.00032912976036087723,4.2175971249713016e-11,6.661338147750939e-16
2,38,37,29,0,29,0.00011350125607475706,1.793661827137954e-11,4.440892098500626e-16
2,38,37,30,0,30,8.440968512630191e-06,7.778713023497082e-11,3.3306690738754696e-16
2,38,37,31,0,31,8.842279727366756e-05,7.710103465775324e-11,6.661338147750939e-16
2,38,37,32,0,32,1.666221758138026e-05,8.499590405794203e-11,6.661338147750939e-16
2,38,37,33,0,33,9.538379638537597e-05,4.273886727665343e-09,3.3306690738754696e-16
2,38,37,34,0,34,0.00014541871810923033,6.846549890973519e-12,8.881784197001252e-16
2,38,37,35,0,35,2.7842408494302697e-05,1.5508278015978963e-10,3.3306690738754696e-16
2,38,37,36,0,36,2.261580397736609e-05,1.011959872329595e-11,4.440892098500626e-16
2,38,37,37,0,37,4.3888024748302905e-05,2.024162326236461e-11,3.3306690738754696e-16
2,38,38,38,0,38,9.960362013105378e-06,1.2734977410763224e-10,4.440892098500626e-16
4,16,37,0,0,0,0.005489458468042883,,
4,16,37,1,0,1,0.006152777849724333,6.370568492910546e-15,0.0
4,16,37,2,0,2,0.006172932601142978,1.52460440905768e-13,1.1102230246251565e-16
4,16,37,3,0,3,0.006589058178920128,1.148268492539632e-13,5.551115123125783e-16
4,16,37,4,0,4,0.005881026233544451,1.314122404461755e-12,2.220446049250313e-16
4,16,37,5,0,5,0.00754454506052711,1.3569865300036423e-12,1.1102230246251565e-16
4,16,37,6,0,6,0.008426733155438331,1.9340769190335416e-13,2.220446049250313e-16
4,16,37,7,0,7,0.006731449317551984,4.735193354024009e-13,1.1102230246251565e-16
4,16,37,8,0,8,0.007704434620167351,2.2285226939363324e-09,1.1102230246251565e-16
4,16,37,9,0,9,0.006795739915297749,4.983636131780676e-13,4.440892098500626e-16
4,16,37,10,0,10,0.006903143880101472,8.859869767470567e-13,2.220446049250313e-16
4,16,37,11,0,11,0.008443835407759349,2.245964936923328e-12,4.440892098500626e-16
4,16,37,12,0,12,0.00748848134761088,1.3819860132935992e-12,0.0
4,16,37,13,0,13,0.006918177265735092,3.0996710916677326e-12,1.1102230246251565e-16
4,16,37,14,0,14,0.009020870350889715,2.80895249075703e-12,3.3306690738754696e-16
4,16,37,15,0,15,0.008509280469518418,1.8769479307913605e-12,4.440892098500626e-16
4,16,37,16,0,16,0.0017920870780292898,2.6419722080242695e-12,2.220446049250313e-16
4,16,37,17,0,17,0.006379138822181658,3.4435606603347472e-12,3.3306690738754696e-16
4,16,37,18,0,18,0.007029540030025195,2.1629454922459597e-12,1.1102230246251565e-16
4,16,37,19,0,19,0.005002058932647709,6.501591268058829e-11,2.220446049250313e-16
4,16,37,20,0,20,0.007253505993728638,2.1297072365962083e-11,3.3306690738754696e-16
4,16,38,21,0,21,0.00023681571000848907,1.5174248072115035e-10,2.220446049250313e-16
4,16,38,22,0,22,0.0004121199367246416,3.5446358287789914e-10,4.440892098500626e-16
4,16,38,23,0,23,0.0006029531073998463,4.6585655714844044e-09,5.551115123125783e-16
4,16,38,24,0,24,0.0013952216766894726,1.4240932800614097e-10,3.3306690738754696e-16
4,16,38,25,0,25,0.0009604297877594227,2.495746017353411e-11,3.3306690738754696e-16
4,16,38,26,0,26,0.0007761689868086747,5.5469821925794833e-11,3.3306690738754696e-16
4,16,38,27,0,27,0.000882829046175597,3.8946086512229334e-11,3.3306690738754696e-16
4,16,38,28,0,28,0.0008381496564371145,3.8759102362806867e-11,4.440892098500626e-16
4,16,38,29,0,29,0.00167663869781878,1.2848041860509816e-11,5.551115123125783e-16
4,16,38,30,0,30,0.0013313218667873217,1.9741984249374756e-11,5.551115123125783e-16
4,16,38,31,0,31,0.0017869764932131975,9.443670811478648e-11,5.551115123125783e-16
4,16,38,32,0,32,0.001312709344746885,5.016767491935509e-10,2.220446049250313e-16
4,16,38,33,0,33,0.0020002615506037194,8.060251345264563e-12,4.440892098500626e-16
4,16,38,34,0,34,0.0021619540827534952,5.864603889854143e-11,5.551115123125783e-16
4,16,38,35,0,35,0.0018686442851530384,7.44444857260827e-11,4.440892098500626e-16
4,16,38,36,0,36,0.0018042768086021066,4.052197857497561e-11,3.3306690738754696e-16
4,16,38,37,0,37,0.0028300269420025114,1.2480001569419803e-11,5.551115123125783e-16
4,16,38,38,0,38,0.0020858829454169017,6.66473915826572e-12,4.440892098500626e-16
2,39,38,0,0,0,0.0005026683559717429,,
2,39,38,1,0,1,0.00017860766787920442,9.095426761014148e-14,0.0
2,39,38,2,0,2,0.0004560873083615447,1.3538595626573231e-13,2.220446049250313e-16
2,39,38,3,0,3,0.0002708257869217798,3.7129223788098726e-13,3.3306690738754696e-16
2,39,38,4,0,4,4.1457365840286924e-05,1.893589049684026e-12,4.440892098500626e-16
2,39,38,5,0,5,0.0008905436855696518,7.636054448180422e-13,3.3306690738754696e-16
2,39,38,6,0,6,0.0004296249605874801,2.247726736720152e-11,3.3306690738754696e-16
2,39,38,7,0,7,0.000640530964829635,1.4730387250599436e-12,7.771561172376096e-16
2,39,38,8,0,8,8.576607163602227e-05,1.005997013342385e-11,5.551115123125783e-16
2,39,38,9,0,9,0.00019314035248234925,1.874024102536159e-12,3.3306690738754696e-16
2,39,38,10,0,10,0.00013374281835964918,3.662512622784432e-12,4.440892098500626e-16
2,39,38,11,0,11,0.0003071456058573515,3.5644458224693255e-11,3.3306690738754696e-16
2,39,38,12,0,12,0.0004053517039399789,1.432728223045914e-12,1.1102230246251565e-16
2,39,38,13,0,13,2.259225070937131e-06,2.3400211643443813e-10,2.220446049250313e-16
2,39,38,14,0,14,4.773416349940838e-06,4.819611996950987e-11,0.0
2,39,38,15,0,15,9.504070598391798e-05,2.0635671101064877e-11,3.3306690738754696e-16
2,39,38,16,0,16,1.2159669715805594e-05,3.66200414778192e-10,2.220446049250313e-16
2,39,38,17,0,17,1.7167573557198345e-05,1.1252222346971034e-10,4.440892098500626e-16
2,39,38,18,0,18,3.149110663669651e-05,8.084825667852341e-12,6.661338147750939e-16
2,39,38,19,0,19,7.619544093214477e-05,5.855999080352727e-12,6.661338147750939e-16
2,39,38,20,0,20,7.361087254044793e-05,4.994347072245321e-12,3.3306690738754696e-16
2,39,38,21,0,21,0.0003125751176429969,4.527021750455669e-12,3.3306690738754696e-16
2,39,38,22,0,22,7.437354617102312e-05,8.076061915638545e-11,5.551115123125783e-16
2,39,38,23,0,23,2.1007099511020765e-05,1.1187742116894722e-10,3.3306690738754696e-16
2,39,38,24,0,24,4.873672228604017e-05,3.1011402121797815e-11,4.440892098500626e-16
2,39,38,25,0,25,2.3935413821897157e-05,1.2836274354688961e-11,2.220446049250313e-16
2,39,38,26,0,26,9.160119075832553e-06,5.076510528613279e-10,4.440892098500626e-16
2,39,38,27,0,27,6.562323550061642e-05,5.695522054388533e-11,3.3306690738754696e-16
2,39,38,28,0,28,0.00012197197910262965,1.337903947288121e-10,4.440892098500626e-16
2,39,38,29,0,29,0.00010113205905082969,5.399114409454035e-11,4.440892098500626e-16
2,39,38,30,0,30,9.422516901541508e-06,1.5692769815275236e-10,4.440892098500626e-16
2,39,38,31,0,31,3.2587140250552534e-06,6.807070678844201e-11,4.440892098500626e-16
2,39,38,32,0,32,0.00011961096741259185,9.602642294018846e-11,4.440892098500626e-16
2,39,38,33,0,33,0.00028321644695918243,6.333818096021038e-11,1.1102230246251565e-15
2,39,38,34,0,34,5.5491747872883123e-05,8.536404612653523e-11,3.3306690738754696e-16
2,39,38,35,0,35,2.8120908511657996e-05,3.4248675207955405e-11,6.661338147750939e-16
2,39,38,36,0,36,2.6579884188382007e-05,1.955377745022952e-09,7.771561172376096e-16
2,39,38,37,0,37,4.078558617496725e-06,5.982740175885875e-11,4.440892098500626e-16
2,39,38,38,0,38,4.8943883302610026e-05,1.0040649407432493e-11,6.661338147750939e-16
2,39,39,39,0,39,2.7382880260918185e-06,1.0082709538274243e-10,4.440892098500626e-16
7,9,38,0,0,0,0.006395308634380888,,
7,9,38,1,0,1,0.0055956285377411616,5.960382398575519e-15,0.0
7,9,38,2,0,2,0.005909937554418504,1.5108412114308885e-13,2.220446049250313e-16
7,9,38,3,0,3,0.006593294094015066,4.9614395504603714e-14,0.0
7,9,38,4,0,4,0.007014695301566079,1.1352551127300538e-13,2.220446049250313e-16
7,9,38,5,0,5,0.007274720308341717,1.8337017516726906e-13,0.0
7,9,38,6,0,6,0.007119478542532591,1.0326871984965464e-13,2.220446049250313e-16
7,9,38,7,0,7,0.008987311139404194,1.436456683260415e-12,4.440892098500626e-16
7,9,38,8,0,8,0.009077985471166953,1.1423698691564797e-11,3.3306690738754696e-16
7,9,38,9,0,9,0.009413219598959167,7.381335311499564e-13,2.220446049250313e-16
7,9,38,10,0,10,0.008688316001489046,4.4698848781889056e-12,2.220446049250313e-16
7,9,38,11,0,11,0.008998858553026064,1.4769366944875623e-12,3.3306690738754696e-16
7,9,38,12,0,12,0.006640312075517358,3.214394201432302e-13,2.220446049250313e-16
7,9,38,13,0,13,0.009882426506775743,3.8631970783591674e-12,1.1102230246251565e-16
7,9,38,14,0,14,0.008735467325486882,1.712154015729363e-12,3.3306690738754696e-16
7,9,38,15,0,15,0.008356264536375408,1.2727767509814199e-11,1.1102230246251565e-16
7,9,38,16,0,16,0.00805362620405174,8.293048157430634e-12,3.3306690738754696e-16
7,9,38,17,0,17,0.007619097988484544,1.2154100932856318e-10,4.440892098500626e-16
7,9,38,18,0,18,0.007550426941217069,6.767024889190383e-12,3.3306690738754696e-16
7,9,38,19,0,19,0.007734910131761793,5.569343362805151e-10,5.551115123125783e-16
7,9,38,20,0,20,0.007439481476675038,1.6863361811865592e-11,4.440892098500626e-16
7,9,38,21,0,21,0.008081873879782495,7.30738435620372e-12,3.3306690738754696e-16
7,9,38,22,0,22,0.008910174791084784,2.493949203823985e-12,3.3306690738754696e-16
7,9,38,23,0,23,0.010019554795573603,7.880204255784981e-12,4.440892098500626e-16
7,9,39,24,0,24,0.00029584047601310124,1.1813344942184828e-09,2.220446049250313e-16
7,9,39,25,0,25,0.0001321187267234296,3.21608164556896e-10,4.440892098500626e-16
7,9,39,26,0,26,0.001158977531272643,3.2305899673126386e-11,2.220446049250313e-16
7,9,39,27,0,27,0.0015772191173057135,1.0979845317364544e-10,6.661338147750939e-16
7,9,39,28,0,28,0.0011472213246454751,4.859208566458641e-10,5.551115123125783e-16
7,9,39,29,0,29,0.0018353932447145772,1.3661691028719936e-10,3.3306690738754696e-16
7,9,39,30,0,30,0.0021571924358108675,4.168331040937072e-09,2.220446049250313e-16
7,9,39,31,0,31,0.0014451228956134108,1.5981395892757859e-10,6.661338147750939e-16
7,9,39,32,0,32,0.002539804999220486,1.0416427124953249e-11,4.440892098500626e-16
7,9,39,33,0,33,0.002240807522004039,1.365648451324604e-09,4.440892098500626e-16
7,9,39,34,0,34,0.0023926940011972323,3.799251702254833e-11,6.661338147750939e-16
7,9,39,35,0,35,0.0023541463800837207,1.4152312062104859e-11,3.3306690738754696e-16
7,9,39,36,0,36,0.0031352287543458873,2.0151252156553432e-11,5.551115123125783e-16
7,9,39,37,0,37,0.0028661844065827513,3.477046888117846e-12,5.551115123125783e-16
7,9,39,38,0,38,0.0033532986730689424,8.136998534890139e-11,5.551115123125783e-16
7,9,39,39,0,39,0.003101950045562128,3.2626333104687943e-12,6.661338147750939e-16
3,23,38,0,0,0,0.004720408198831807,,
3,23,38,1,0,1,0.00512944928706832,6.2626502590431015e-15,5.551115123125783e-16
3,23,38,2,0,2,0.004419708991684037,3.9080373677095905e-14,2.220446049250313e-16
3,23,38,3,0,3,0.004269433282256713,2.7225691802725213e-13,0.0
3,23,38,4,0,4,0.0050158155613256785,2.826042821576768e-13,3.3306690738754696e-16
3,23,38,5,0,5,0.0034015114504263,1.4452673144383637e-11,3.3306690738754696e-16
3,23,38,6,0,6,0.0010633349708873776,4.517191062282615e-11,2.220446049250313e-16
3,23,38,7,0,7,0.00347941179320906,5.305848847976218e-13,0.0
3,23,38,8,0,8,0.0031819573482106647,2.96877058754811e-13,4.440892098500626e-16
3,23,38,9,0,9,0.005506145882817526,5.193204911472075e-13,3.3306690738754696e-16
3,23,38,10,0,10,0.004539757405787096,2.974150133090643e-12,3.3306690738754696e-16
3,23,38,11,0,11,0.00195542550432616,1.5662971493239174e-12,3.3306690738754696e-16
3,23,38,12,0,12,0.004752809400244416,1.324882400841157e-10,4.440892098500626e-16
3,23,38,13,0,13,0.005065319619804297,1.4024017410847434e-12,2.220446049250313e-16
3,23,38,14,0,14,0.0024484054228308075,1.1263461844352134e-11,3.3306690738754696e-16
3,23,38,15,0,15,0.004898522296959849,3.828712723806269e-12,4.440892098500626e-16
3,23,38,16,0,16,0.0033558882924915657,1.2000899823597934e-11,4.440892098500626e-16
3,23,38,17,0,17,0.002069783665840666,3.724025473386491e-11,3.3306690738754696e-16
3,23,38,18,0,18,0.0009691845253740067,3.7318557131481076e-11,4.440892098500626e-16
3,23,38,19,0,19,0.004066962457749891,6.359539562007836e-12,4.440892098500626e-16
3,23,38,20,0,20,0.001379757729723604,3.2393468746858076e-12,4.440892098500626e-16
3,23,39,21,0,21,0.0003059719182864129,6.850991993262621e-11,6.661338147750939e-16
3,23,39,22,0,22,0.00021847615563566264,3.259128260595679e-11,3.3306690738754696e-16
3,23,39,23,0,23,0.0003886652897495863,1.7524799573433737e-11,5.551115123125783e-16
3,23,39,24,0,24,0.0004764028131011501,2.915849104028226e-10,3.3306690738754696e-16
3,23,39,25,0,25,0.00023047023256335546,1.1829558284803465e-10,4.440892098500626e-16
3,23,39,26,0,26,0.000414792227707256,2.384185586592248e-11,4.440892098500626e-16
3,23,39,27,0,27,0.0009594348572429255,5.924783387270685e-11,3.3306690738754696e-16
3,23,39,28,0,28,0.00044262897289722343,3.167451636409743e-11,7.771561172376096e-16
3,23,39,29,0,29,0.0004814947027715919,1.29687212495545e-10,4.440892098500626e-16
3,23,39,30,0,30,0.0003803036553126545,3.59393790761959e-11,8.881784197001252e-16
3,23,39,31,0,31,0.0002079460109128892,4.62235898780204e-11,3.3306690738754696e-16
3,23,39,32,0,32,0.0008480641779398131,3.0301469555988566e-11,3.3306690738754696e-16
3,23,39,33,0,33,0.000774166482118139,6.487570751073193e-11,5.551115123125783e-16
3,23,39,34,0,34,0.0006440014948022215,9.907033371106432e-11,5.551115123125783e-16
3,23,39,35,0,35,0.0005742081353582827,3.893618852108823e-11,6.661338147750939e-16
3,23,39,36,0,36,0.0015127261472824445,7.91670210036805e-12,5.551115123125783e-16
3,23,39,37,0,37,0.0002724209089584164,5.456166923786452e-10,6.661338147750939e-16
3,23,39,38,0,38,0.0011672488179657846,1.0134804774119387e-11,4.440892098500626e-16
3,23,39,39,0,39,0.0010959019338793168,4.8192771314414925e-12,6.661338147750939e-16
2,40,39,0,0,0,0.0002723463736448225,,
2,40,39,1,0,1,0.0003513317979981315,4.86523203533474e-14,0.0
2,40,39,2,0,2,2.911841945951675e-05,2.725503933154886e-12,0.0
2,40,39,3,0,3,0.00036570631701983056,1.5323064087516164e-13,4.440892098500626e-16
2,40,39,4,0,4,0.0004773593746984636,5.43748407560652e-13,5.551115123125783e-16
2,40,39,5,0,5,8.477436600566073e-05,9.181459279766132e-13,2.220446049250313e-16
2,40,39,6,0,6,2.316144842033722e-05,5.7852657793985e-12,0.0
2,40,39,7,0,7,0.0012642667830457756,1.763981562408241e-12,4.440892098500626e-16
2,40,39,8,0,8,6.665978829278508e-05,2.754322041118899e-11,1.1102230246251565e-16
2,40,39,9,0,9,0.00038189468050022076,2.2458468225993524e-11,5.551115123125783e-16
2,40,39,10,0,10,7.55299992466237e-05,5.420686242548504e-12,5.551115123125783e-16
2,40,39,11,0,11,0.00010741365704805253,8.717880209932435e-12,2.220446049250313e-16
2,40,39,12,0,12,2.603545994263129e-05,4.4978398516965396e-11,9.992007221626409e-16
2,40,39,13,0,13,0.0002672645487005611,4.055369188268738e-11,5.551115123125783e-16
2,40,39,14,0,14,1.0011336703938928e-05,1.0774093957064216e-11,9.992007221626409e-16
2,40,39,15,0,15,0.0003189232930689741,1.471452499992527e-11,7.771561172376096e-16
2,40,39,16,0,16,0.00016827817515921342,6.070007045394263e-12,5.551115123125783e-16
2,40,39,17,0,17,3.0191235476465397e-05,3.801559112285008e-11,5.551115123125783e-16
2,40,39,18,0,18,1.5204357967810322e-05,2.9028360822812358e-11,3.3306690738754696e-16
2,40,39,19,0,19,0.00013170098900546753,7.292643448821192e-12,2.220446049250313e-16
2,40,39,20,0,20,1.4214570416722406e-05,3.3415571249124346e-11,4.440892098500626e-16
2,40,39,21,0,21,8.527010087007033e-05,2.9011212416543926e-11,4.440892098500626e-16
2,40,39,22,0,22,0.00017597848725371484,1.488171332733375e-11,4.440892098500626e-16
2,40,39,23,0,23,3.2108522429208094e-05,2.544551439224312e-11,4.440892098500626e-16
2,40,39,24,0,24,4.626412633898346e-05,2.8730895427577546e-11,4.440892098500626e-16
2,40,39,25,0,25,0.00017866008454014236,4.463336941117107e-10,3.3306690738754696e-16
2,40,39,26,0,26,2.094956848634776e-05,6.064798904791021e-11,3.3306690738754696e-16
2,40,39,27,1,27,2.1719319508828845e-05,2.359911237603093e-09,3.3306690738754696e-16
2,40,39,28,0,28,2.9604902191930487e-05,1.8357480186019853e-10,5.551115123125783e-16
2,40,39,29,0,29,5.448082568664353e-05,1.0964007168045594e-10,4.440892098500626e-16
2,40,39,30,1,30,9.626686125800116e-05,2.266666539858907e-11,5.551115123125783e-16
2,40,39,31,1,31,5.505345616395655e-05,4.708214815740234e-11,5.551115123125783e-16
2,40,39,32,0,32,0.00010183673789008902,4.08576854529595e-10,4.440892098500626e-16
2,40,39,33,0,33,6.27638974042295e-05,1.2010975586659373e-10,3.3306690738754696e-16
2,40,39,34,0,34,3.616605679536254e-05,2.864238384732455e-11,7.771561172376096e-16
2,40,39,35,0,35,8.250211393217191e-05,2.2041722995322512e-11,3.3306690738754696e-16
2,40,39,36,0,36,9.779336458059881e-05,4.707838607483298e-11,4.440892098500626e-16
2,40,39,37,0,37,3.095620166238784e-05,3.483462539047834e-10,5.551115123125783e-16
2,40,39,38,0,38,5.3657734058953675e-05,1.6861881508039153e-11,4.440892098500626e-16
2,40,39,39,0,39,7.604290966904008e-06,2.2007805090136068e-11,4.440892098500626e-16
2,40,40,40,0,40,3.752217163501946e-07,7.819559250529719e-10,4.440892098500626e-16
5,13,39,0,0,0,0.0016294878022073379,,
5,13,39,1,0,1,0.0009200911063996231,2.6368340907291723e-14,0.0
5,13,39,2,0,2,0.0015963788204645636,7.627014281975029e-14,1.1102230246251565e-16
5,13,39,3,0,3,0.0015734623099359114,9.037817315049526e-14,2.220446049250313e-16
5,13,39,4,0,4,0.0011689832689386935,1.9438549299700194e-13,1.1102230246251565e-16
5,13,39,5,0,5,0.0014531466752720943,1.5171040760768682e-13,2.220446049250313e-16
5,13,39,6,0,6,0.002702519094813898,5.2002453074856056e-12,3.3306690738754696e-16
5,13,39,7,0,7,0.0026005809404097014,5.256945564962271e-12,4.440892098500626e-16
5,13,39,8,0,8,0.001841233910189772,9.203170590494213e-13,4.440892098500626e-16
5,13,39,9,0,9,0.00257293701884292,1.0380263891964063e-11,5.551115123125783e-16
5,13,39,10,0,10,0.002245876318779057,9.894589945826014e-13,3.3306690738754696e-16
5,13,39,11,0,11,0.0021941326720683833,3.775046472463854e-12,0.0
5,13,39,12,0,12,0.003501716643160712,1.8571240911227522e-12,3.3306690738754696e-16
5,13,39,13,0,13,0.0037712215472908246,1.334995302897814e-11,3.3306690738754696e-16
5,13,39,14,0,14,0.00380991612798358,2.5030471907961398e-12,3.3306690738754696e-16
5,13,39,15,0,15,0.0061232127890570275,2.8786760743067497e-11,4.440892098500626e-16
5,13,39,16,0,16,0.004353286799577128,1.2782758073202359e-12,4.440892098500626e-16
5,13,39,17,0,17,0.004618609543897442,4.236120880368206e-12,5.551115123125783e-16
5,13,39,18,0,18,0.00459306994140507,8.90705110212494e-12,4.440892098500626e-16
5,13,39,19,0,19,0.004161483821164681,3.1728118974921023e-12,3.3306690738754696e-16
5,13,39,20,0,20,0.004424439164059439,2.8310190951743848e-11,4.440892098500626e-16
5,13,39,21,0,21,0.004245590891102349,6.346967750901049e-11,4.440892098500626e-16
5,13,39,22,0,22,0.005528397090214792,2.927775718509674e-11,9.992007221626409e-16
5,13,39,23,0,23,0.006105319383091395,1.4944075440305722e-11,4.440892098500626e-16
5,13,39,24,0,24,0.005202481629585035,2.8370203637350173e-11,3.3306690738754696e-16
5,13,39,25,0,25,0.005147342257563444,8.938203425689264e-12,3.3306690738754696e-16
5,13,39,26,0,26,0.005028043038927123,2.494140719092026e-11,5.551115123125783e-16
5,13,39,27,0,27,0.005154178897023943,5.4105705502089095e-12,4.440892098500626e-16
5,13,39,28,0,28,0.005012402036396634,1.3692875851902671e-11,4.440892098500626e-16
5,13,39,29,0,29,0.006635516966996426,5.0300152057121313e-11,3.3306690738754696e-16
5,13,39,30,0,30,0.0042754359764659135,1.0990383379256603e-11,4.440892098500626e-16
5,13,39,31,0,31,0.0034622669062781275,9.39151149662828e-12,6.661338147750939e-16
5,13,39,32,0,32,0.005919695338640799,7.100227522511391e-11,4.440892098500626e-16
5,13,39,33,0,33,0.005731855441939223,2.5296421885156297e-11,4.440892098500626e-16
5,13,39,34,0,34,0.0034850374539776396,1.0250630698741089e-10,7.771561172376096e-16
5,13,39,35,0,35,0.0064374664126053225,8.327009579335923e-12,5.551115123125783e-16
5,13,39,36,0,36,0.005660757815029506,5.440228216022819e-11,4.440892098500626e-16
5,13,39,37,0,37,0.006107214459516594,5.617242999451417e-12,4.440892098500626e-16
5,13,39,38,0,38,0.005637413454192411,1.0602389681716534e-11,4.440892098500626e-16
5,13,39,39,0,39,0.005183569801892449,2.1597652066011172e-12,5.551115123125783e-16
5,13,40,40,0,40,5.830828179024685e-05,4.310999028288268e-11,3.3306690738754696e-16
8,8,39,0,0,0,0.0013030870120214395,,
8,8,39,1,0,1,0.0020998174209687762,1.9218710264097e-14,1.1102230246251565e-16
8,8,39,2,0,2,0.0031806341693863646,1.0782934891660491e-13,1.1102230246251565e-16
8,8,39,3,0,3,0.0030368486643624296,5.701834318900062e-13,1.1102230246251565e-16
8,8,39,4,0,4,0.002476461975777646,5.13991352095895e-13,1.1102230246251565e-16
8,8,39,5,0,5,0.003639261684005541,6.147972916219891e-13,4.440892098500626e-16
8,8,39,6,0,6,0.004025410683292407,8.883922605774673e-13,3.3306690738754696e-16
8,8,39,7,0,7,0.005748604236563264,3.5250585806559875e-13,2.220446049250313e-16
8,8,39,8,0,8,0.0029800779643285296,3.204623221326185e-12,4.440892098500626e-16
8,8,39,9,0,9,0.0049950513543002536,1.1169535594839194e-12,2.220446049250313e-16
8,8,39,10,0,10,0.004922840387381309,2.5018796293829218e-11,1.1102230246251565e-16
8,8,39,11,0,11,0.005841201227728808,1.6955278605351985e-11,3.3306690738754696e-16
8,8,39,12,0,12,0.005723531228456001,1.6317566436928304e-12,3.3306690738754696e-16
8,8,39,13,0,13,0.004849444357752897,2.4567657145657052e-12,3.3306690738754696e-16
8,8,39,14,0,14,0.006078186599217893,8.305531986827534e-12,4.440892098500626e-16
8,8,39,15,0,15,0.005541673716294196,3.0136003671922174e-12,2.220446049250313e-16
8,8,39,16,0,16,0.005085329690724513,4.295773362690918e-12,7.771561172376096e-16
8,8,39,17,0,17,0.005760987080975526,5.037243844446342e-12,2.220446049250313e-16
8,8,39,18,0,18,0.006426591322323822,2.3451631842532833e-12,3.3306690738754696e-16
8,8,39,19,0,19,0.005932998587399563,3.796791690001316e-12,4.440892098500626e-16
8,8,39,20,0,20,0.00601862103584804,2.9378427586195583e-12,6.661338147750939e-16
8,8,39,21,0,21,0.006437531497677509,8.028109518776377e-12,2.220446049250313e-16
8,8,39,22,0,22,0.008681241142963102,4.3497734247815063e-10,4.440892098500626e-16
8,8,39,23,0,23,0.008205829570232965,4.471522613150841e-12,4.440892098500626e-16
8,8,39,24,0,24,0.006925506518693951,1.202195931335201e-11,4.440892098500626e-16
8,8,39,25,0,25,0.008396131190338595,1.3845662865339763e-12,4.440892098500626e-16
8,8,39,26,0,26,0.008996578906407147,1.033542212721005e-11,3.3306690738754696e-16
8,8,39,27,0,27,0.004917441259175521,3.892587731544522e-11,3.3306690738754696e-16
8,8,39,28,0,28,0.0057551562773369685,4.793688859050198e-12,4.440892098500626e-16
8,8,39,29,0,29,0.007022260435868603,1.6764038752819586e-11,5.551115123125783e-16
8,8,39,30,0,30,0.006503378362367363,6.144074081747246e-11,5.551115123125783e-16
8,8,39,31,0,31,0.008521956264222332,1.2560134706988532e-11,2.220446049250313e-16
8,8,39,32,0,32,0.007968170236493325,8.438710032596056e-12,4.440892098500626e-16
8,8,39,33,0,33,0.00820504433270614,8.038116676322183e-11,4.440892098500626e-16
8,8,39,34,0,34,0.008107923430778532,4.22107497829566e-11,3.3306690738754696e-16
8,8,39,35,0,35,0.008531625406731483,1.5488609792637726e-11,4.440892098500626e-16
8,8,40,36,0,36,0.0004657321578734412,2.8332237499533433e-10,5.551115123125783e-16
8,8,40,37,0,37,0.000607758529027191,3.608481471961113e-09,5.551115123125783e-16
8,8,40,38,0,38,0.0008637726317615926,1.527711082065021e-11,5.551115123125783e-16
8,8,40,39,0,39,0.0005971045900812707,1.3726923399873172e-11,5.551115123125783e-16
8,8,40,40,0,40,0.0010167161292160348,3.486963484027419e-11,4.440892098500626e-16
4,17,39,0,0,0,0.010146768725638664,,
4,17,39,1,0,1,0.010499901013546205,3.955323460896544e-15,0.0
4,17,39,2,0,2,0.009753421653892034,1.9389406263861272e-14,3.3306690738754696e-16
4,17,39,3,0,3,0.009905956775406075,6.967852205059225e-14,0.0
4,17,40,4,0,4,0.00018742019597512056,1.9758372313026742e-12,3.3306690738754696e-16
4,17,40,5,0,5,0.0005532830098837775,3.920634947450937e-11,1.1102230246251565e-16
4,17,40,6,0,6,0.0007134601495493029,7.2135846887051395e-12,2.220446049250313e-16
4,17,40,7,0,7,0.0009905233708625285,1.933936297511781e-12,2.220446049250313e-16
4,17,40,8,0,8,0.001439469331417091,1.6046830162925802e-12,2.220446049250313e-16
4,17,40,9,0,9,0.0014103559481701171,4.128447243280324e-12,4.440892098500626e-16
4,17,40,10,0,10,0.001866356268428139,2.6695670163161176e-11,4.440892098500626e-16
4,17,40,11,0,11,0.0027993958168837717,7.6094978691139e-11,2.220446049250313e-16
4,17,40,12,0,12,0.0022189189331647506,2.79542549425317e-12,1.1102230246251565e-16
4,17,40,13,0,13,0.002140528363713825,1.7985237950795606e-12,3.3306690738754696e-16
4,17,40,14,0,14,0.0014669931143039766,9.638255451673294e-12,4.440892098500626e-16
4,17,40,15,0,15,0.0028557862326361824,1.0901158284993179e-10,5.551115123125783e-16
4,17,40,16,0,16,0.0026779796844942478,5.9168590535835485e-12,4.440892098500626e-16
4,17,40,17,0,17,0.0013475906412337502,1.4129030881654512e-11,2.220446049250313e-16
4,17,40,18,0,18,0.0032682086217987122,3.0935087023431784e-11,2.220446049250313e-16
4,17,40,19,0,19,0.0024115683197628887,2.7948172418730886e-12,6.661338147750939e-16
4,17,40,20,0,20,0.0026942176763452264,1.5830602682155602e-11,3.3306690738754696e-16
4,17,40,21,0,21,0.002909168279337219,4.475189988923464e-11,3.3306690738754696e-16
4,17,40,22,0,22,0.0036592098363805816,1.0250748910011988e-11,3.3306690738754696e-16
4,17,40,23,0,23,0.0034923769780301536,4.873525754964325e-11,3.3306690738754696e-16
4,17,40,24,0,24,0.0036631723982116465,2.2277594668087824e-10,8.881784197001252e-16
4,17,40,25,0,25,0.004193664019913186,8.132372161305221e-11,3.3306690738754696e-16
4,17,40,26,0,26,0.0033839551790559095,4.450567037263255e-11,4.440892098500626e-16
4,17,40,27,0,27,0.004307401336936804,9.529482594407468e-12,2.220446049250313e-16
4,17,40,28,0,28,0.0033575129669828198,7.580174092640521e-11,4.440892098500626e-16
4,17,40,29,0,29,0.0034852444639978477,3.336217801831756e-11,3.3306690738754696e-16
4,17,40,30,0,30,0.003134201416314552,4.4505996858825433e-11,5.551115123125783e-16
4,17,40,31,0,31,0.004647771254715084,1.8118409182847002e-11,4.440892098500626e-16
4,17,40,32,0,32,0.004399084744162307,5.4096795417816954e-12,6.661338147750939e-16
4,17,40,33,0,33,0.004224337364953447,2.0086268917881735e-11,5.551115123125783e-16
4,17,40,34,0,34,0.003404192374344241,8.647711719954376e-11,4.440892098500626e-16
4,17,40,35,0,35,0.00478051943540937,9.151056694795318e-12,6.661338147750939e-16
4,17,40,36,0,36,0.0025226759471694924,1.789669709985756e-10,4.440892098500626e-16
4,17,40,37,0,37,0.003916672453761789,7.17314615080442e-11,4.440892098500626e-16
4,17,40,38,0,38,0.0039111958698665565,2.5728400854151232e-11,5.551115123125783e-16
4,17,40,39,0,39,0.003573512674358897,2.9428655978468574e-11,6.661338147750939e-16
4,17,40,40,0,40,0.002085170555600889,8.821175119886252e-12,4.440892098500626e-16
2,41,40,0,0,0,6.392600721073407e-05,,
2,41,40,1,0,1,0.0008105556520272628,4.396765115859889e-14,0.0
2,41,40,2,0,2,1.1228933622328781e-05,2.403802977930108e-12,0.0
2,41,40,3,0,3,0.00017906980106752727,4.939898408882445e-12,1.1102230246251565e-16
2,41,40,4,0,4,0.00015366971231705532,3.6073277117691532e-12,4.440892098500626e-16
2,41,40,5,0,5,6.140833810996741e-05,2.561232451607065e-11,0.0
2,41,40,6,0,6,0.00027641661376624505,8.864009507613737e-12,3.3306690738754696e-16
2,41,40,7,0,7,0.00012403871170613224,1.3405993398406788e-12,4.440892098500626e-16
2,41,40,8,0,8,0.00020813718046685826,5.251277312661342e-13,5.551115123125783e-16
2,41,40,9,0,9,0.00041567634395701486,8.489611587036771e-12,7.771561172376096e-16
2,41,40,10,0,10,0.00010983798798964576,8.851078850146793e-12,1.1102230246251565e-16
2,41,40,11,0,11,9.914395343605348e-05,2.882139872015828e-12,5.551115123125783e-16
2,41,40,12,0,12,5.0600446425591186e-05,1.6953594407266449e-09,1.1102230246251565e-16
2,41,40,13,0,13,0.00035346588999316073,1.6355036456224577e-11,3.3306690738754696e-16
2,41,40,14,0,14,0.00013211825390896034,1.4144472209470013e-09,6.661338147750939e-16
2,41,40,15,0,15,0.00034722226117705205,6.957559025026137e-12,3.3306690738754696e-16
2,41,40,16,0,16,0.00013060511107291083,8.036547052382256e-11,2.220446049250313e-16
2,41,40,17,0,17,0.00047111267610314497,1.1082867205744414e-11,6.661338147750939e-16
2,41,40,18,0,18,1.3279969277741045e-05,8.27693262738343e-10,2.220446049250313e-16
2,41,40,19,0,19,1.1466391009222022e-05,6.862957774514146e-10,4.440892098500626e-16
2,41,40,20,0,20,2.1961032520866996e-05,1.8833724033549446e-11,4.440892098500626e-16
2,41,40,21,0,21,6.722243216763957e-05,7.519651603101606e-11,3.3306690738754696e-16
2,41,40,22,0,22,0.00012893620543824718,5.4380930951696295e-11,5.551115123125783e-16
2,41,40,23,0,23,8.547246282662494e-05,1.9609294626752697e-08,4.440892098500626e-16
2,41,40,24,0,24,0.0003287903770339058,4.040513868379917e-11,5.551115123125783e-16
2,41,40,25,0,25,0.00013456838290107757,7.548187022932361e-11,6.661338147750939e-16
2,41,40,26,0,26,0.00019212172164932728,1.96182104956284e-11,5.551115123125783e-16
2,41,40,27,0,27,4.239805567561483e-05,8.887367767019941e-11,3.3306690738754696e-16
2,41,40,28,0,28,9.11445293177755e-05,4.673450642655752e-10,7.771561172376096e-16
2,41,40,29,0,29,0.00011393672160283176,4.853622006322582e-11,4.440892098500626e-16
2,41,40,30,0,30,2.8737118995577477e-05,4.8508297303472344e-09,5.551115123125783e-16
2,41,40,31,0,31,0.00010629422199937165,8.79505412507838e-11,3.3306690738754696e-16
2,41,40,32,0,32,4.9590974472800344e-06,3.787181530527412e-10,4.440892098500626e-16
2,41,40,33,0,33,2.5711579796283296e-05,1.0890149637017172e-10,6.661338147750939e-16
2,41,40,34,0,34,2.7336265356106155e-05,2.5178392389024373e-10,5.551115123125783e-16
2,41,40,35,0,35,5.667996389874333e-06,6.682419221972794e-11,6.661338147750939e-16
2,41,40,36,0,36,3.2472471488777915e-05,1.0599259378055842e-10,5.551115123125783e-16
2,41,40,37,0,37,0.00031045170186818385,7.197812283463997e-11,8.881784197001252e-16
2,41,40,38,0,38,6.813757714338571e-07,8.67808439565295e-10,5.551115123125783e-16
2,41,40,39,0,39,3.4265480101012356e-05,2.3173612631854807e-11,5.551115123125783e-16
2,41,40,40,0,40,1.0492544060555226e-06,1.0782104472541807e-10,4.440892098500626e-16
2,41,41,41,0,41,4.6539970781567194e-07,3.032069875683809e-10,6.661338147750939e-16
6,11,40,0,0,0,0.0017961949265540246,,
6,11,40,1,0,1,0.002511231714192185,9.697867251820244e-15,0.0
6,11,40,2,0,2,0.002216499276107394,1.040547416091954e-13,0.0
6,11,40,3,0,3,0.0030832309600754854,1.1174475315469954e-13,1.1102230246251565e-16
6,11,40,4,0,4,0.0032989658152159625,7.720635408571396e-14,2.220446049250313e-16
6,11,40,5,0,5,0.0031843656323865704,2.979681669947468e-13,2.220446049250313e-16
6,11,40,6,0,6,0.0044522710118884415,2.7933595330207922e-12,1.1102230246251565e-16
6,11,40,7,0,7,0.004063059594742557,1.5762723404768472e-12,1.1102230246251565e-16
6,11,40,8,0,8,0.004042120623661092,2.37418863409815e-12,3.3306690738754696e-16
6,11,40,9,0,9,0.004415727080952248,2.4851128223221564e-12,2.220446049250313e-16
6,11,40,10,0,10,0.004482929965078841,2.3377127419354678e-12,3.3306690738754696e-16
6,11,40,11,0,11,0.005302196968013577,1.3443650602617016e-12,2.220446049250313e-16
6,11,40,12,0,12,0.0044432630560907885,1.410419381963752e-12,2.220446049250313e-16
6,11,40,13,0,13,0.0035793984651104945,6.419844605654736e-11,4.440892098500626e-16
6,11,40,14,0,14,0.007549900216697768,1.1594715563939036e-12,2.220446049250313e-16
6,11,40,15,0,15,0.003923236108669532,6.1551062966371145e-12,3.3306690738754696e-16
6,11,40,16,0,16,0.005139708091629176,1.4113809251984405e-11,2.220446049250313e-16
6,11,40,17,0,17,0.004623179692093175,6.765781116358803e-12,2.220446049250313e-16
6,11,40,18,0,18,0.0054293470577160855,2.8283550908793314e-11,5.551115123125783e-16
6,11,40,19,0,19,0.005623543361577295,8.288242241510962e-12,1.1102230246251565e-16
6,11,40,20,0,20,0.007029002637000809,2.0443551084219017e-11,2.220446049250313e-16
6,11,40,21,0,21,0.007032794580727622,6.8158844323702346e-12,7.771561172376096e-16
6,11,40,22,0,22,0.005593868665710479,7.344005432218285e-12,5.551115123125783e-16
6,11,40,23,0,23,0.007503520539021839,1.1634923114665279e-11,4.440892098500626e-16
6,11,40,24,0,24,0.0075878585351911,9.807041308881963e-12,4.440892098500626e-16
6,11,40,25,0,25,0.007355896417900449,6.357427385280532e-12,4.440892098500626e-16
6,11,40,26,0,26,0.005718566451149028,7.857370144211913e-12,5.551115123125783e-16
6,11,40,27,0,27,0.004260618067521854,7.312049345716803e-12,6.661338147750939e-16
6,11,40,28,0,28,0.008139042562804151,3.630210831963956e-12,5.551115123125783e-16
6,11,40,29,0,29,0.004540587086615418,2.0007443401690085e-10,5.551115123125783e-16
6,11,40,30,0,30,0.005232495464762802,1.3452469305790356e-11,3.3306690738754696e-16
6,11,40,31,0,31,0.008790232854997861,2.584079193419043e-12,3.3306690738754696e-16
6,11,40,32,0,32,0.007906998948138016,1.298430250272149e-10,3.3306690738754696e-16
6,11,40,33,0,33,0.006784581891162433,1.0280352057681694e-11,3.3306690738754696e-16
6,11,40,34,0,34,0.006384841167605844,6.841909072382635e-11,4.440892098500626e-16
6,11,40,35,0,35,0.00604562616262396,3.867538025506349e-11,5.551115123125783e-16
6,11,41,36,0,36,0.0001008728996380813,3.447022857703377e-11,3.3306690738754696e-16
6,11,41,37,0,37,0.00018351373708862983,2.0034360580746397e-10,4.440892098500626e-16
6,11,41,38,0,38,0.000531205886123933,1.1377601160356218e-10,4.440892098500626e-16
6,11,41,39,0,39,0.00115923489323784,3.099320129491124e-11,4.440892098500626e-16
6,11,41,40,0,40,0.000982903347350297,9.505604351289249e-11,5.551115123125783e-16
6,11,41,41,0,41,0.001270186617740874,3.6336732091978925e-11,5.551115123125783e-16
3,24,40,0,0,0,0.0026501417561754837,,
3,24,40,1,0,1,0.0021233099464841613,2.117909057839008e-14,0.0
3,24,40,2,0,2,0.002462579408557749,1.2125134571673796e-13,0.0
3,24,40,3,0,3,0.0034019948917001492,3.478968808285509e-13,0.0
3,24,40,4,0,4,0.0027075995726438544,6.345880199657742e-13,3.3306690738754696e-16
3,24,40,5,0,5,0.002653953534471276,1.288749181675602e-13,2.220446049250313e-16
3,24,40,6,0,6,0.0027926558869791874,1.40220625199813e-12,4.440892098500626e-16
3,24,40,7,0,7,0.0018671569099849676,3.608051523822667e-12,2.220446049250313e-16
3,24,40,8,0,8,0.0020616080951897345,3.3942558173301997e-12,2.220446049250313e-16
3,24,40,9,0,9,0.0028397331571447526,3.071774131687042e-12,5.551115123125783e-16
3,24,40,10,0,10,0.0015168659396924673,1.5631322408711523e-11,3.3306690738754696e-16
3,24,40,11,0,11,0.0028388601270757127,7.695424473001636e-13,5.551115123125783e-16
3,24,40,12,0,12,0.0032059543901083584,4.448606848887912e-12,3.3306690738754696e-16
3,24,40,13,0,13,0.001587138158307944,1.9572787025858603e-11,2.220446049250313e-16
3,24,40,14,0,14,0.002523303110731942,1.2815083173074177e-11,3.3306690738754696e-16
3,24,40,15,0,15,0.002515014638924316,1.1023827548120712e-10,8.881784197001252e-16
3,24,40,16,0,16,0.0022111108630115464,4.207225671842074e-12,2.220446049250313e-16
3,24,40,17,0,17,0.003357453006319774,4.50535591902469e-12,1.1102230246251565e-16
3,24,40,18,0,18,0.0037617989451130896,1.8296641640824443e-11,5.551115123125783e-16
3,24,40,19,0,19,0.002542105901174871,1.9386363801864428e-11,3.3306690738754696e-16
3,24,40,20,0,20,0.0022720201843566034,4.989035927223831e-11,7.771561172376096e-16
3,24,40,21,0,21,0.001965042038443896,4.001630406033036e-11,3.3306690738754696e-16
3,24,40,22,0,22,0.0015276921966459077,9.723962141610221e-12,5.551115123125783e-16
3,24,40,23,0,23,0.000938571360739518,2.996854036859894e-10,4.440892098500626e-16
3,24,40,24,0,24,0.001138780718038788,1.8069618395573532e-11,5.551115123125783e-16
3,24,40,25,0,25,0.0010351594221673511,2.0728036845393394e-11,4.440892098500626e-16
3,24,40,26,0,26,0.002632371050690512,4.2352156190035206e-11,5.551115123125783e-16
3,24,40,27,0,27,0.002734747474615318,8.78176628205164e-12,2.220446049250313e-16
3,24,40,28,0,28,0.002861268246562652,1.892574108093328e-11,5.551115123125783e-16
3,24,40,29,0,29,0.002494477480097944,4.286812031276904e-10,4.440892098500626e-16
3,24,40,30,0,30,0.0011527975800643515,2.038925367663117e-10,6.661338147750939e-16
3,24,40,31,0,31,0.0020040097336022993,7.638576709443033e-11,4.440892098500626e-16
3,24,40,32,0,32,0.0023300741145116026,9.011513024995402e-12,4.440892098500626e-16
3,24,41,33,0,33,5.670874677225059e-06,1.505768797693964e-08,6.661338147750939e-16
3,24,41,34,0,34,0.00017736215480926125,4.680655297636867e-11,5.551115123125783e-16
3,24,41,35,0,35,0.00021077895084462171,5.524783984998239e-09,6.661338147750939e-16
3,24,41,36,0,36,0.00039262623052274215,7.689107400406591e-10,3.3306690738754696e-16
3,24,41,37,0,37,0.0001849651164983082,2.3160563094608024e-10,5.551115123125783e-16
3,24,41,38,0,38,0.0002470959592454021,4.1700707273218823e-10,7.771561172376096e-16
3,24,41,39,0,39,0.0007549174753554984,2.868962221103125e-10,6.661338147750939e-16
3,24,41,40,0,40,0.0003573123135468415,2.85289972529024e-11,8.881784197001252e-16
3,24,41,41,0,41,0.0006027395912691539,8.625671461654284e-12,3.3306690738754696e-16
2,42,41,0,0,0,7.381094476104027e-05,,
2,42,41,1,0,1,0.000122328630995521,1.1293662340075288e-13,1.1102230246251565e-16
2,42,41,2,0,2,0.0006697937489620006,1.0896849161293336e-13,1.1102230246251565e-16
2,42,41,3,0,3,0.00013365361781151746,4.152340785083566e-13,4.440892098500626e-16
2,42,41,4,0,4,9.548658461506931e-05,8.332691304690363e-12,1.1102230246251565e-16
2,42,41,5,0,5,0.0007081261229766769,9.690511223373438e-13,2.220446049250313e-16
2,42,41,6,0,6,0.0005599020183058587,6.433875864957928e-12,3.3306690738754696e-16
2,42,41,7,0,7,0.00015539973997831495,2.704921348278578e-12,0.0
2,42,41,8,0,8,0.00013334899273882264,8.666158062840955e-11,3.3306690738754696e-16
2,42,41,9,0,9,0.00038801188665763225,8.417406783835573e-12,5.551115123125783e-16
2,42,41,10,0,10,0.00014503777326277932,1.7255595650394509e-12,4.440892098500626e-16
2,42,41,11,0,11,2.254500468417156e-05,1.0243672988577862e-09,3.3306690738754696e-16
2,42,41,12,0,12,0.0007957501233971972,2.7127550651603762e-12,2.220446049250313e-16
2,42,41,13,0,13,0.0001659940666641887,2.5629326388710155e-10,3.3306690738754696e-16
2,42,41,14,0,14,8.854254870830107e-05,1.565769406626308e-10,3.3306690738754696e-16
2,42,41,15,0,15,0.00012709282211593296,1.8034331976110376e-11,4.440892098500626e-16
2,42,41,16,0,16,5.1989080419814505e-05,6.62426885603985e-10,6.661338147750939e-16
2,42,41,17,0,17,6.0486264684284564e-05,5.583382787010604e-11,5.551115123125783e-16
2,42,41,18,0,18,5.947668169315571e-05,8.582724427517444e-12,8.881784197001252e-16
2,42,41,19,0,19,6.263953793992902e-05,7.620646844179424e-10,7.771561172376096e-16
2,42,41,20,0,20,9.066367817743898e-05,2.4218020229471724e-11,4.440892098500626e-16
2,42,41,21,0,21,4.591797179157469e-05,9.624066536054266e-11,5.551115123125783e-16
2,42,41,22,0,22,0.00010238824341952761,5.432754841480629e-11,4.440892098500626e-16
2,42,41,23,0,23,4.251514411797704e-06,1.6767233195078433e-10,3.3306690738754696e-16
2,42,41,24,0,24,0.00010937698448817188,1.7358693613105096e-10,5.551115123125783e-16
2,42,41,25,0,25,9.536491026054213e-05,1.9137414692247276e-10,4.440892098500626e-16
2,42,41,26,0,26,0.00013794484465188208,1.5455066237394554e-11,6.661338147750939e-16
2,42,41,27,0,27,6.236128497251203e-05,2.248546122878324e-10,4.440892098500626e-16
2,42,41,28,0,28,0.00022816430097562799,3.167780567624248e-09,6.661338147750939e-16
2,42,41,29,0,29,1.9144883780688103e-05,5.441682190004e-10,4.440892098500626e-16
2,42,41,30,0,30,1.302609904600938e-05,7.931329812822457e-11,5.551115123125783e-16
2,42,41,31,1,31,2.324984466156387e-05,1.1168144402114682e-10,6.661338147750939e-16
2,42,41,32,0,32,0.0001070720005771327,4.24945575162726e-11,4.440892098500626e-16
2,42,41,33,1,33,8.164054339409542e-06,6.95415507851076e-11,5.551115123125783e-16
2,42,41,34,0,34,7.940876811071802e-06,4.810193352539686e-11,6.661338147750939e-16
2,42,41,35,0,35,6.3941009219304e-05,1.695293956738939e-11,7.771561172376096e-16
2,42,41,36,0,36,1.3755211062764196e-05,1.529805132726625e-10,6.661338147750939e-16
2,42,41,37,0,37,6.21336537530275e-05,1.2205764760653702e-10,3.3306690738754696e-16
2,42,41,38,0,38,5.275388328252825e-06,1.6629896849463675e-10,3.3306690738754696e-16
2,42,41,39,0,39,3.161684019528807e-05,9.060167118690467e-11,6.661338147750939e-16
2,42,41,40,0,40,1.2620986138419088e-05,3.999842164824475e-10,7.771561172376096e-16
2,42,41,41,0,41,6.583787712316842e-07,1.8817234684475376e-10,7.771561172376096e-16
2,42,42,42,0,42,2.747320254462418e-05,3.3405727045623405e-11,4.440892098500626e-16
3,25,41,0,0,0,0.009113972034634859,,
3,25,41,1,0,1,0.007288992409520581,7.106259693180468e-15,0.0
3,25,41,2,0,2,0.007413541851895244,2.3020097127460697e-14,0.0
3,25,42,3,0,3,0.0002564234522753537,1.964601175463084e-12,2.220446049250313e-16
3,25,42,4,0,4,0.0002031231685481918,5.2615327578763105e-12,7.771561172376096e-16
3,25,42,5,0,5,0.0008539237283167577,4.975355141964025e-12,3.3306690738754696e-16
3,25,42,6,0,6,0.0010998324657675227,1.8117917436317135e-12,5.551115123125783e-16
3,25,42,7,0,7,0.00045402636882262094,1.9176938099136315e-11,3.3306690738754696e-16
3,25,42,8,0,8,0.0011860473967041777,5.881126199550359e-13,4.440892098500626e-16
3,25,42,9,0,9,0.0006850732145474956,9.295706545709605e-09,1.1102230246251565e-16
3,25,42,10,0,10,0.0007959598245530819,4.7209861679369436e-11,1.1102230246251565e-16
3,25,42,11,0,11,0.0009860830084088058,6.701758450163144e-12,7.771561172376096e-16
3,25,42,12,0,12,0.001474515142467512,1.085217757221627e-11,3.3306690738754696e-16
3,25,42,13,0,13,0.0019901347358944168,2.421874818994268e-11,3.3306690738754696e-16
3,25,42,14,0,14,0.0012119136957765332,1.5711613487044966e-10,3.3306690738754696e-16
3,25,42,15,0,15,0.0009116006650261195,3.322144454282225e-11,4.440892098500626e-16
3,25,42,16,0,16,0.0018483651284372548,4.094434087637636e-12,3.3306690738754696e-16
3,25,42,17,0,17,0.0007437753442042159,3.046721206181909e-11,4.440892098500626e-16
3,25,42,18,0,18,0.00188465701721447,2.1458913123195025e-11,4.440892098500626e-16
3,25,42,19,0,19,0.0013031983470101747,1.0570408445228491e-11,4.440892098500626e-16
3,25,42,20,0,20,0.0023983951447883226,4.473329568841239e-12,3.3306690738754696e-16
3,25,42,21,0,21,0.0013029314912522292,3.042122438667149e-10,4.440892098500626e-16
3,25,42,22,0,22,0.0008890674653059481,1.594324346155629e-11,6.661338147750939e-16
3,25,42,23,0,23,0.0008255180968191184,2.1099104179827417e-11,2.220446049250313e-16
3,25,42,24,0,24,0.0010844681818205034,7.074665221611219e-11,5.551115123125783e-16
3,25,42,25,0,25,0.0015232435416347126,3.7296855933726894e-11,6.661338147750939e-16
3,25,42,26,0,26,0.002216702684855427,1.1034686841365082e-11,4.440892098500626e-16
3,25,42,27,0,27,0.0009346565545531068,4.826252872515648e-11,5.551115123125783e-16
3,25,42,28,0,28,0.0018142805496398733,5.343044409480559e-11,2.220446049250313e-16
3,25,42,29,0,29,0.0012268340010210988,1.1488495632304333e-10,6.661338147750939e-16
3,25,42,30,0,30,0.000994575432997074,8.475388646030992e-10,5.551115123125783e-16
3,25,42,31,0,31,0.0009191691487281248,2.6815182616299014e-11,5.551115123125783e-16
3,25,42,32,0,32,0.001329038455500027,4.258062140390505e-11,4.440892098500626e-16
3,25,42,33,0,33,0.0014736487736879674,7.753571206933688e-09,3.3306690738754696e-16
3,25,42,34,0,34,0.0013501047801910866,4.451265442269868e-11,5.551115123125783e-16
3,25,42,35,0,35,0.0007923857588961178,1.3428577490313956e-10,4.440892098500626e-16
3,25,42,36,0,36,0.0016272088600176968,3.227352245351787e-10,4.440892098500626e-16
3,25,42,37,0,37,0.0007134318374217344,4.740445225058879e-11,5.551115123125783e-16
3,25,42,38,0,38,0.0009042404427512785,2.2472071195660906e-11,4.440892098500626e-16
3,25,42,39,0,39,0.0014880156484360758,3.0176639612246917e-09,5.551115123125783e-16
3,25,42,40,0,40,0.000887091738859492,1.2771095227299157e-10,3.3306690738754696e-16
3,25,42,41,0,41,0.0009687367798301657,1.253754311049931e-11,4.440892098500626e-16
3,25,42,42,0,42,0.0006091377690990526,2.9728901044723215e-11,5.551115123125783e-16
2,43,42,0,0,0,0.0006745616724856098,,
2,43,42,1,0,1,7.022562714651508e-05,4.0434168683369223e-14,0.0
2,43,42,2,0,2,0.0001712102420833423,6.312521086252545e-12,1.1102230246251565e-16
2,43,42,3,0,3,0.0001911544140614851,3.633967771879015e-13,1.1102230246251565e-16
2,43,42,4,0,4,0.00016700223731787528,3.346772706483663e-13,4.440892098500626e-16
2,43,42,5,0,5,0.00018320212076498385,5.226807258545469e-12,2.220446049250313e-16
2,43,42,6,0,6,0.00013735728651806918,3.4883661615559763e-12,1.1102230246251565e-16
2,43,42,7,0,7,2.2902500677312467e-05,1.6904613823967519e-12,7.771561172376096e-16
2,43,42,8,0,8,8.457665984670685e-05,1.3630785152945333e-11,4.440892098500626e-16
2,43,42,9,0,9,2.322874220633257e-05,1.510368595658534e-11,4.440892098500626e-16
2,43,42,10,0,10,0.00016961532645532918,6.227792974883481e-12,3.3306690738754696e-16
2,43,42,11,0,11,0.0002473835943678703,2.844340737324375e-11,2.220446049250313e-16
2,43,42,12,0,12,0.0012216230203855162,6.784310987980571e-12,4.440892098500626e-16
2,43,42,13,0,13,0.00012952080421337894,4.096352459330465e-12,4.440892098500626e-16
2,43,42,14,0,14,0.00011997700454255727,8.047353102564453e-12,5.551115123125783e-16
2,43,42,15,0,15,0.0001099616047622537,5.036646434550653e-10,3.3306690738754696e-16
2,43,42,16,0,16,0.00038353573871975643,3.998070705955825e-10,3.3306690738754696e-16
2,43,42,17,0,17,2.1031991768322367e-05,1.5327954907967816e-11,6.661338147750939e-16
2,43,42,18,0,18,1.63268350825181e-05,6.804856232542221e-11,3.3306690738754696e-16
2,43,42,19,0,19,0.00014369613624592664,2.966896847499231e-12,2.220446049250313e-16
2,43,42,20,0,20,8.107842217855935e-05,2.268053029013721e-09,4.440892098500626e-16
2,43,42,21,0,21,3.542942244347893e-05,1.909323465451402e-11,5.551115123125783e-16
2,43,42,22,0,22,0.00010650854196745556,3.499581395015581e-11,5.551115123125783e-16
2,43,42,23,0,23,4.9136619271844916e-05,1.2082253547330109e-11,7.771561172376096e-16
2,43,42,24,0,24,1.0273980267334964e-06,2.508519174003873e-09,4.440892098500626e-16
2,43,42,25,0,25,0.00032997235668313294,2.1841726406657628e-11,5.551115123125783e-16
2,43,42,26,0,26,2.065930026159046e-05,4.3961892424680856e-11,5.551115123125783e-16
2,43,42,27,0,27,0.00011930495409117275,6.495956647357161e-11,3.3306690738754696e-16
2,43,42,28,0,28,1.9920501430515896e-05,5.06037799413018e-11,4.440892098500626e-16
2,43,42,29,0,29,0.0001341920770079785,2.551961559133904e-11,6.661338147750939e-16
2,43,42,30,0,30,3.249369169054168e-06,1.1099722263603469e-10,6.661338147750939e-16
2,43,42,31,0,31,0.0001294900660838878,4.699561292779756e-11,4.440892098500626e-16
2,43,42,32,0,32,7.0785502667456745e-06,2.2784365542936997e-09,5.551115123125783e-16
2,43,42,33,0,33,0.00011628914787844258,1.0856584801333897e-09,2.220446049250313e-16
2,43,42,34,0,34,3.604605372545327e-05,2.3025877895201896e-11,3.3306690738754696e-16
2,43,42,35,0,35,3.057003285082022e-05,2.378085158099395e-10,4.440892098500626e-16
2,43,42,36,0,36,6.959910578432826e-05,1.9695520628009506e-10,6.661338147750939e-16
2,43,42,37,0,37,2.3632124904677692e-05,1.641673950681334e-10,4.440892098500626e-16
2,43,42,38,0,38,5.702515614678922e-05,3.64052042000992e-11,5.551115123125783e-16
2,43,42,39,0,39,6.0660636726371015e-05,9.870392086519724e-12,5.551115123125783e-16
2,43,42,40,0,40,5.433302014156242e-06,1.6267902543922634e-10,5.551115123125783e-16
2,43,42,41,0,41,7.863958559439458e-05,1.1440701994880997e-11,6.661338147750939e-16
2,43,42,42,0,42,0.00014657856726529528,1.7779115084750058e-10,4.440892098500626e-16
2,43,43,43,0,43,2.735475710563266e-05,5.6592501956213574e-11,5.551115123125783e-16
5,14,42,0,0,0,0.0026988514080023,,
5,14,42,1,0,1,0.0016978384032671626,1.0036689356241905e-14,2.220446049250313e-16
5,14,42,2,0,2,0.0034716142219509884,1.945395505935969e-13,5.551115123125783e-16
5,14,42,3,0,3,0.0037249928158472004,4.361637378943239e-14,0.0
5,14,42,4,0,4,0.0025149345414338694,5.737376216470586e-13,1.1102230246251565e-16
5,14,42,5,0,5,0.002613180243227282,8.237325246364422e-13,6.661338147750939e-16
5,14,42,6,0,6,0.003115942045672215,4.6635410523468644e-12,3.3306690738754696e-16
5,14,42,7,0,7,0.0038166240341643565,1.6665902953442721e-12,3.3306690738754696e-16
5,14,42,8,0,8,0.0037428565171466286,6.443292432644253e-13,0.0
5,14,42,9,0,9,0.003728154558964575,1.2347498331224078e-11,1.1102230246251565e-16
5,14,42,10,0,10,0.0037217628539577574,2.963230945041944e-12,4.440892098500626e-16
5,14,42,11,0,11,0.004929547264642507,2.1262452621744825e-12,1.1102230246251565e-16
5,14,42,12,0,12,0.003703183178342017,5.576171503496249e-11,4.440892098500626e-16
5,14,42,13,0,13,0.005031337985747999,1.2651064616364037e-12,1.1102230246251565e-16
5,14,42,14,0,14,0.005278456388513511,1.6211356084519563e-11,5.551115123125783e-16
5,14,42,15,0,15,0.004719561733022421,4.259921371057758e-12,4.440892098500626e-16
5,14,42,16,0,16,0.005101980845299119,7.156889713854663e-12,6.661338147750939e-16
5,14,42,17,0,17,0.005507656838639255,2.3026285284202584e-11,7.771561172376096e-16
5,14,42,18,0,18,0.004304925012433112,7.97051501816667e-12,3.3306690738754696e-16
5,14,42,19,0,19,0.005729862061482542,5.523860353543247e-12,7.771561172376096e-16
5,14,42,20,0,20,0.005634327774811928,1.7705115677533895e-12,4.440892098500626e-16
5,14,42,21,0,21,0.005848536395693872,9.217205099260693e-12,5.551115123125783e-16
5,14,42,22,0,22,0.002882544025706106,1.3773512572173151e-11,7.771561172376096e-16
5,14,42,23,0,23,0.004438301912934386,5.4358128300492957e-11,4.440892098500626e-16
5,14,42,24,0,24,0.004689781322888443,4.8217589642663036e-11,7.771561172376096e-16
5,14,42,25,0,25,0.0062680366957800215,1.301533318229e-11,5.551115123125783e-16
5,14,42,26,0,26,0.007123818843392842,2.090578820860679e-11,3.3306690738754696e-16
5,14,42,27,0,27,0.006161279877424916,1.8056020773558365e-09,3.3306690738754696e-16
5,14,42,28,0,28,0.005812811588164663,9.3915430907227e-11,3.3306690738754696e-16
5,14,42,29,0,29,0.006301730131207561,1.5836371045334574e-10,5.551115123125783e-16
5,14,42,30,0,30,0.006018826452900103,2.9032270049732306e-11,9.992007221626409e-16
5,14,42,31,0,31,0.004757922169943218,1.8297153972939865e-11,4.440892098500626e-16
5,14,42,32,0,32,0.007354388098701187,5.5534757093951e-11,2.220446049250313e-16
5,14,42,33,0,33,0.004722621545146739,2.2331274375203272e-11,4.440892098500626e-16
5,14,42,34,0,34,0.005625704110030239,9.245515546544119e-10,5.551115123125783e-16
5,14,42,35,0,35,0.0051775890034334296,5.740402078423101e-11,4.440892098500626e-16
5,14,43,36,0,36,0.0002048986379246689,5.001123030971149e-10,2.220446049250313e-16
5,14,43,37,0,37,0.0006567323366394724,3.1276847218052984e-10,4.440892098500626e-16
5,14,43,38,0,38,0.0005639871809294296,2.543978590396548e-10,5.551115123125783e-16
5,14,43,39,0,39,0.000561024178823673,9.367051040335702e-11,4.440892098500626e-16
5,14,43,40,0,40,0.0009807322521891387,1.1215508842467926e-10,5.551115123125783e-16
5,14,43,41,0,41,0.0011434245404405967,1.2257748328052882e-10,3.3306690738754696e-16
5,14,43,42,0,42,0.0010164748844677315,1.854461413323013e-11,6.661338147750939e-16
5,14,43,43,0,43,0.0010985697654152175,1.4006838058862613e-10,3.3306690738754696e-16
4,18,42,0,0,0,0.003897122951255304,,
4,18,42,1,0,1,0.0031594679449779652,9.633734013409058e-15,0.0
4,18,42,2,0,2,0.004511770150138438,1.3307283550743056e-13,0.0
4,18,42,3,0,3,0.004468709483402334,1.4369672788415215e-13,3.3306690738754696e-16
4,18,42,4,0,4,0.004888322839616603,1.176792492158032e-13,2.220446049250313e-16
4,18,42,5,0,5,0.005552614162942526,4.042833834319822e-13,1.1102230246251565e-16
4,18,42,6,0,6,0.00487126929584205,3.0267151657816917e-13,3.3306690738754696e-16
4,18,42,7,0,7,0.0039359813546548305,2.0053779105570898e-12,3.3306690738754696e-16
4,18,42,8,0,8,0.004454261390554831,1.1477403264062096e-10,2.220446049250313e-16
4,18,42,9,0,9,0.0054001915424177396,1.2678218737413767e-12,2.220446049250313e-16
4,18,42,10,0,10,0.00420898872996035,8.53753351992228e-13,1.1102230246251565e-16
4,18,42,11,0,11,0.005286102544033978,7.21205528251421e-12,3.3306690738754696e-16
4,18,42,12,0,12,0.006394625180289867,3.673497963671479e-12,5.551115123125783e-16
4,18,42,13,0,13,0.004109141540327389,7.768879823343992e-12,4.440892098500626e-16
4,18,42,14,0,14,0.0051210352531022895,2.411992163409581e-11,3.3306690738754696e-16
4,18,42,15,0,15,0.006274389592179334,9.469411470134059e-13,5.551115123125783e-16
4,18,42,16,0,16,0.0056975611072861065,5.060617311142557e-12,4.440892098500626e-16
4,18,42,17,0,17,0.007360468266801694,7.136485125907627e-11,5.551115123125783e-16
4,18,42,18,0,18,0.005512963215528382,2.818493548161544e-12,3.3306690738754696e-16
4,18,42,19,0,19,0.006368430543056753,2.031933395855253e-12,6.661338147750939e-16
4,18,42,20,0,20,0.005660537769298429,6.409182063735433e-12,6.661338147750939e-16
4,18,42,21,0,21,0.004939457527181512,1.5186166072083826e-11,3.3306690738754696e-16
4,18,42,22,0,22,0.003922345071199213,6.368500324657964e-12,5.551115123125783e-16
4,18,42,23,0,23,0.000927704226524788,1.8814770773818763e-11,4.440892098500626e-16
4,18,42,24,0,24,0.006577111966945298,1.0006949055477685e-10,3.3306690738754696e-16
4,18,42,25,0,25,0.006739796891357532,8.545604653657434e-12,2.220446049250313e-16
4,18,42,26,0,26,0.0036921894708110835,1.9896176943879392e-11,6.661338147750939e-16
4,18,42,27,0,27,0.006112434183136206,2.1836671898234868e-11,4.440892098500626e-16
4,18,43,28,0,28,0.00042351966851433023,1.439374067537212e-11,4.440892098500626e-16
4,18,43,29,0,29,0.00045830986305075554,9.469417088797623e-11,3.3306690738754696e-16
4,18,43,30,0,30,0.00021847608636790062,9.626960000677573e-11,2.220446049250313e-16
4,18,43,31,0,31,0.0004035831085378579,3.116703450823138e-10,6.661338147750939e-16
4,18,43,32,0,32,0.0008877025733051683,9.498331130645391e-11,5.551115123125783e-16
4,18,43,33,0,33,0.0005528616853060133,2.507153139145328e-09,5.551115123125783e-16
4,18,43,34,0,34,0.0006426654562629305,2.226395896343917e-11,3.3306690738754696e-16
4,18,43,35,0,35,0.0008859303654574711,7.299025962983052e-11,4.440892098500626e-16
4,18,43,36,0,36,0.0010758885476671808,2.9386390343558596e-11,3.3306690738754696e-16
4,18,43,37,0,37,0.0012583908580752494,1.7318309094494461e-10,4.440892098500626e-16
4,18,43,38,0,38,0.0010425050235608106,2.239121809053696e-11,8.881784197001252e-16
4,18,43,39,0,39,0.0009691341859826977,8.755456697177437e-11,5.551115123125783e-16
4,18,43,40,0,40,0.0010589349784182805,4.60790074587461e-11,3.3306690738754696e-16
4,18,43,41,0,41,0.0017482601766974288,2.2638458711584756e-11,4.440892098500626e-16
4,18,43,42,0,42,0.0017961350774614456,1.9510753941077542e-11,9.992007221626409e-16
4,18,43,43,0,43,0.001174422545022606,4.35816727783112e-11,4.440892098500626e-16
7,10,42,0,0,0,0.01425105783644265,,
7,10,43,1,0,1,0.0001896777855677529,7.517000767264511e-14,0.0
7,10,43,2,0,2,0.0007464685646109597,2.3349950011091105e-13,0.0
7,10,43,3,0,3,0.0014825319013847325,8.074627077895239e-13,4.440892098500626e-16
7,10,43,4,0,4,0.0016810179888539951,4.205590316359845e-13,2.220446049250313e-16
7,10,43,5,0,5,0.0024442937467745304,1.3213914724867346e-12,2.220446049250313e-16
7,10,43,6,0,6,0.0011427854718906593,4.990386472751245e-13,2.220446049250313e-16
7,10,43,7,0,7,0.0025501659813396524,1.59596619191181e-11,4.440892098500626e-16
7,10,43,8,0,8,0.0016607358848603005,1.1747619618611377e-12,4.440892098500626e-16
7,10,43,9,0,9,0.0031013185570677856,6.843342189723359e-12,6.661338147750939e-16
7,10,43,10,0,10,0.0028341121216764057,4.172301422163133e-12,1.1102230246251565e-16
7,10,43,11,0,11,0.00321711765754231,2.543765914897117e-12,2.220446049250313e-16
7,10,43,12,0,12,0.003824772079636978,8.419855157744718e-12,1.1102230246251565e-16
7,10,43,13,0,13,0.004332277005760806,1.900116695213072e-12,1.1102230246251565e-16
7,10,43,14,0,14,0.003807225875202182,5.149475230379659e-12,1.1102230246251565e-16
7,10,43,15,0,15,0.0025125652213843323,3.6838615720212e-11,4.440892098500626e-16
7,10,43,16,0,16,0.004494286249025403,1.9356855369891184e-11,1.1102230246251565e-16
7,10,43,17,0,17,0.0045084405546046815,3.4049879913881435e-11,2.220446049250313e-16
7,10,43,18,0,18,0.0038705432363657873,4.766473392780729e-12,5.551115123125783e-16
7,10,43,19,0,19,0.0036541810882508956,5.310861452640539e-11,5.551115123125783e-16
7,10,43,20,0,20,0.004694448165917449,1.7721985733818776e-11,4.440892098500626e-16
7,10,43,21,0,21,0.00527596907005024,3.671825812229378e-10,5.551115123125783e-16
7,10,43,22,0,22,0.0039323205572774095,3.6629406244883886e-11,9.992007221626409e-16
7,10,43,23,0,23,0.004703031466184633,3.6274268103217907e-11,2.220446049250313e-16
7,10,43,24,0,24,0.0035966596874257985,1.91832283983776e-10,4.440892098500626e-16
7,10,43,25,0,25,0.004647902964680535,9.237422650985177e-12,2.220446049250313e-16
7,10,43,26,0,26,0.005373077748047779,6.158255462712826e-12,5.551115123125783e-16
7,10,43,27,0,27,0.005743551811235756,9.060096162967147e-11,6.661338147750939e-16
7,10,43,28,0,28,0.004976653032391783,1.7732920611994312e-11,3.3306690738754696e-16
7,10,43,29,0,29,0.005639126813268759,2.7705584142720697e-11,3.3306690738754696e-16
7,10,43,30,0,30,0.005134327309376852,3.260548171221413e-11,3.3306690738754696e-16
7,10,43,31,0,31,0.00617261981208005,5.902224910341037e-11,4.440892098500626e-16
7,10,43,32,0,32,0.007491670093423108,1.7955606892938727e-11,5.551115123125783e-16
7,10,43,33,0,33,0.0049704093848845264,1.5700965364031162e-11,4.440892098500626e-16
7,10,43,34,0,34,0.0062507456916200636,2.9028178097729494e-10,3.3306690738754696e-16
7,10,43,35,0,35,0.007565557516178945,2.2939731204746434e-11,4.440892098500626e-16
7,10,43,36,0,36,0.008261056994829888,2.1161456390559088e-10,4.440892098500626e-16
7,10,43,37,0,37,0.005021227080033263,3.418575551954512e-12,5.551115123125783e-16
7,10,43,38,0,38,0.007491301338671022,9.308004446864679e-11,4.440892098500626e-16
7,10,43,39,0,39,0.005987242039216969,3.654714114669837e-11,4.440892098500626e-16
7,10,43,40,0,40,0.005759653717219798,8.473483881976126e-12,4.440892098500626e-16
7,10,43,41,0,41,0.006113664294371815,1.0438089209772714e-11,6.661338147750939e-16
7,10,43,42,0,42,0.006693753185759025,1.2651082657955852e-11,7.771561172376096e-16
7,10,43,43,0,43,0.008315601096047323,5.1996954126939354e-12,5.551115123125783e-16
2,44,43,0,0,0,8.255203629262137e-05,,
2,44,43,1,0,1,0.00016947672619909427,1.8876699616402415e-13,1.1102230246251565e-16
2,44,43,2,0,2,9.591308009307605e-05,5.536929826678959e-13,3.3306690738754696e-16
2,44,43,3,0,3,8.604503963385254e-05,7.641399951520625e-13,0.0
2,44,43,4,0,4,0.0006253386854751602,5.815838928011882e-13,0.0
2,44,43,5,0,5,0.0003405950495892693,3.1458901813432024e-12,4.440892098500626e-16
2,44,43,6,0,6,0.00035956156760890264,2.4617859881800473e-12,4.440892098500626e-16
2,44,43,7,0,7,0.000483792989769989,4.077176422522428e-12,2.220446049250313e-16
2,44,43,8,0,8,9.315356691817745e-05,8.762649129225325e-12,2.220446049250313e-16
2,44,43,9,0,9,5.7108610505411134e-05,1.7099920738130145e-11,3.3306690738754696e-16
2,44,43,10,0,10,4.947146872457319e-05,6.303802433954707e-12,5.551115123125783e-16
2,44,43,11,0,11,0.00019015034637617849,3.2861046900570254e-11,5.551115123125783e-16
2,44,43,12,0,12,0.0004937902767835535,7.506083890580025e-12,3.3306690738754696e-16
2,44,43,13,0,13,4.864731262904194e-05,1.0186252864644825e-11,4.440892098500626e-16
2,44,43,14,0,14,0.00010370550375797693,1.209234290631138e-11,3.3306690738754696e-16
2,44,43,15,0,15,1.3927388105543397e-05,3.33057405778458e-11,6.661338147750939e-16
2,44,43,16,0,16,8.745727537677344e-05,6.635328582091171e-12,3.3306690738754696e-16
2,44,43,17,0,17,2.849113714147517e-05,1.123487373872783e-10,4.440892098500626e-16
2,44,43,18,1,18,3.755162407418295e-05,2.864829418637192e-11,6.661338147750939e-16
2,44,43,19,0,19,0.00011769443852940822,3.794853557330634e-11,4.440892098500626e-16
2,44,43,20,0,20,3.6881372232645885e-05,9.741640480466767e-12,6.661338147750939e-16
2,44,43,21,0,21,1.1454485163669441e-05,6.795226141768338e-11,7.771561172376096e-16
2,44,43,22,0,22,1.4613575980261238e-05,3.243601394412105e-09,5.551115123125783e-16
2,44,43,23,0,23,0.00014750920327104156,2.4667527463658632e-11,5.551115123125783e-16
2,44,43,24,0,24,0.00021460265072583047,4.707035470782437e-11,4.440892098500626e-16
2,44,43,25,0,25,5.9038852464415294e-05,8.504777089952153e-10,4.440892098500626e-16
2,44,43,26,0,26,8.079669666997971e-06,4.698320859831734e-10,3.3306690738754696e-16
2,44,43,27,0,27,1.3903679980100191e-05,3.257757561266638e-11,5.551115123125783e-16
2,44,43,28,0,28,0.00010574399100565416,4.206962437308265e-09,5.551115123125783e-16
2,44,43,29,0,29,7.066512142229655e-06,5.824261711884967e-10,6.661338147750939e-16
2,44,43,30,0,30,2.9950517429882482e-05,3.027236518779966e-11,4.440892098500626e-16
2,44,43,31,0,31,3.4623423452169356e-05,2.0373667316148832e-10,5.551115123125783e-16
2,44,43,32,0,32,2.6252848899987565e-05,2.558788141732721e-08,1.1102230246251565e-15
2,44,43,33,0,33,8.079482598800714e-05,4.081607085764016e-09,4.440892098500626e-16
2,44,43,34,0,34,1.0686431533894196e-05,8.624973434306574e-10,4.440892098500626e-16
2,44,43,35,0,35,2.19262186833121e-05,3.6802578405653368e-09,4.440892098500626e-16
2,44,43,36,0,36,2.3482994787490842e-06,4.2640308216826824e-10,4.440892098500626e-16
2,44,43,37,0,37,0.00010679876014685462,6.60897513353196e-10,6.661338147750939e-16
2,44,43,38,0,38,2.9175498973697516e-05,1.316221247565315e-10,5.551115123125783e-16
2,44,43,39,0,39,6.89937146897263e-05,1.5503161596453425e-11,5.551115123125783e-16
2,44,43,40,0,40,8.953402634327713e-05,3.4185084376034275e-09,7.771561172376096e-16
2,44,43,41,0,41,1.8072957992874223e-05,2.7702477922220076e-11,7.771561172376096e-16
2,44,43,42,0,42,6.139622656643925e-05,1.528002326303103e-11,5.551115123125783e-16
2,44,43,43,0,43,3.999744058803566e-05,1.5401323898232448e-10,4.440892098500626e-16
2,44,44,44,0,44,4.6363510011701204e-06,7.667842176583681e-10,4.440892098500626e-16
3,26,43,0,0,0,0.006321502090888488,,
3,26,43,1,0,1,0.006049570164189775,4.399517711123801e-15,0.0
3,26,43,2,0,2,0.0059349457589976135,2.5233801672006246e-14,4.440892098500626e-16
3,26,43,3,0,3,0.0010121915575233027,6.495249002998602e-13,0.0
3,26,43,4,0,4,0.003922175455083279,1.1000675909525066e-10,5.551115123125783e-16
3,26,43,5,0,5,0.005136959539807588,1.6749416368870915e-12,4.440892098500626e-16
3,26,43,6,0,6,0.00485736667727182,2.0604840713078257e-13,0.0
3,26,43,7,0,7,0.004428195452472879,8.410947942555841e-12,3.3306690738754696e-16
3,26,43,8,0,8,0.006186533641375832,7.787493515463693e-13,2.220446049250313e-16
3,26,43,9,0,9,0.0055385842116114185,5.28297556927219e-13,3.3306690738754696e-16
3,26,43,10,0,10,0.005058001503388995,6.54495711998747e-12,3.3306690738754696e-16
3,26,43,11,0,11,0.0043519460895743165,1.5762914088460047e-12,4.440892098500626e-16
3,26,43,12,0,12,0.0020774259571606493,4.094623038081151e-12,5.551115123125783e-16
3,26,43,13,0,13,0.00428343684053745,2.780543589206029e-11,4.440892098500626e-16
3,26,43,14,0,14,0.00410709910968216,1.9975166954398813e-11,3.3306690738754696e-16
3,26,44,15,0,15,0.00027223705269967214,1.1716776413642982e-09,4.440892098500626e-16
3,26,44,16,0,16,0.00011217115767885998,2.982687640231587e-11,3.3306690738754696e-16
3,26,44,17,0,17,0.00038694373605761037,1.520239471369577e-10,3.3306690738754696e-16
3,26,44,18,0,18,0.0010875207126570003,3.715676604441976e-11,3.3306690738754696e-16
3,26,44,19,0,19,0.00028650425709243494,3.7490863257424176e-11,3.3306690738754696e-16
3,26,44,20,0,20,0.00039967657043861807,6.40275011708451e-11,4.440892098500626e-16
3,26,44,21,0,21,0.00035989764622264454,6.637727919312968e-11,5.551115123125783e-16
3,26,44,22,0,22,0.0005183803280419974,2.1267172974151664e-11,2.220446049250313e-16
3,26,44,23,0,23,0.0009439550041687334,3.448532703754365e-11,3.3306690738754696e-16
3,26,44,24,0,24,0.001584024897958442,6.210483252495354e-11,3.3306690738754696e-16
3,26,44,25,0,25,0.001216257202992933,3.977421434138339e-11,5.551115123125783e-16
3,26,44,26,0,26,0.0012192306828083333,7.821751730974503e-12,4.440892098500626e-16
3,26,44,27,0,27,0.0011856073969888576,6.839719224122644e-11,6.661338147750939e-16
3,26,44,28,0,28,0.000766129512711663,1.7543306351787596e-10,4.440892098500626e-16
3,26,44,29,0,29,0.0005945475744076693,1.3337629046838153e-10,4.440892098500626e-16
3,26,44,30,0,30,0.00036839398371297377,7.722261479473555e-12,6.661338147750939e-16
3,26,44,31,0,31,0.001221954264692141,1.1330819516615695e-09,4.440892098500626e-16
3,26,44,32,0,32,0.0005389670217061051,4.0115391335818224e-11,4.440892098500626e-16
3,26,44,33,0,33,0.0006427514454884034,4.3752106333106284e-11,6.661338147750939e-16
3,26,44,34,0,34,0.001535618093295874,5.016105928951476e-11,4.440892098500626e-16
3,26,44,35,0,35,0.0009102668414959942,3.129451337497065e-11,4.440892098500626e-16
3,26,44,36,0,36,0.000994356840022946,5.537746883816543e-10,5.551115123125783e-16
3,26,44,37,0,37,0.0013006611795172937,4.745087341076987e-11,4.440892098500626e-16
3,26,44,38,0,38,0.0003728572132206287,3.6687855946142123e-10,7.771561172376096e-16
3,26,44,39,0,39,0.0011728259418381849,5.473158511107527e-10,8.881784197001252e-16
3,26,44,40,0,40,0.00077992273915955,5.809320776678533e-10,4.440892098500626e-16
3,26,44,41,0,41,0.0009676329459872378,1.5909060462904e-11,4.440892098500626e-16
3,26,44,42,0,42,0.000257591407577972,5.7065254237435607e-11,5.551115123125783e-16
3,26,44,43,0,43,0.00036839731634227515,1.4198813684895607e-10,5.551115123125783e-16
3,26,44,44,0,44,0.0014018026491811554,7.492165253328185e-12,6.661338147750939e-16
2,45,44,0,0,0,0.0003440176037207325,,
2,45,44,1,0,1,0.0005601771229735259,2.4377208064052047e-14,2.220446049250313e-16
2,45,44,2,0,2,0.000203073760316099,2.5352059830111643e-13,0.0
2,45,44,3,0,3,0.00018592114373171116,1.7927960323941163e-12,0.0
2,45,44,4,0,4,0.00013081863735948308,2.3440914680785105e-12,4.440892098500626e-16
2,45,44,5,0,5,0.00010674723179564705,1.055597763732836e-12,6.661338147750939e-16
2,45,44,6,0,6,0.00015432791260173978,8.295962530907473e-11,1.1102230246251565e-16
2,45,44,7,0,7,8.15848038689477e-05,2.5212833017961235e-11,0.0
2,45,44,8,0,8,0.00013125066982370897,2.2201907147248372e-12,1.1102230246251565e-16
2,45,44,9,0,9,1.5520423715013536e-05,6.679376201940997e-11,4.440892098500626e-16
2,45,44,10,0,10,0.00010490093172946217,3.7882176216001207e-11,4.440892098500626e-16
2,45,44,11,0,11,0.00016291159636108536,3.982339406914235e-10,1.1102230246251565e-16
2,45,44,12,0,12,0.00019606440664209359,2.936091793260971e-11,6.661338147750939e-16
2,45,44,13,0,13,0.00029067133465258174,1.59671969349205e-10,3.3306690738754696e-16
2,45,44,14,0,14,1.2367809615336478e-05,2.601334048338422e-11,5.551115123125783e-16
2,45,44,15,0,15,0.0001612359983147452,7.701051211107465e-11,7.771561172376096e-16
2,45,44,16,0,16,0.0001134669416631719,1.3482495704411943e-11,4.440892098500626e-16
2,45,44,17,0,17,0.00010540002817385676,1.0371876163392454e-11,5.551115123125783e-16
2,45,44,18,0,18,4.7751003824062775e-05,4.965337660884211e-10,6.661338147750939e-16
2,45,44,19,0,19,8.948644858053634e-05,6.175297364454009e-11,1.1102230246251565e-16
2,45,44,20,0,20,0.00031577589322251507,3.531494306348676e-11,3.3306690738754696e-16
2,45,44,21,0,21,5.4668131859666394e-05,8.12112148988907e-11,3.3306690738754696e-16
2,45,44,22,0,22,0.00016614303585214883,3.423817954127738e-11,5.551115123125783e-16
2,45,44,23,0,23,1.7894647651216184e-05,2.236510586285965e-11,5.551115123125783e-16
2,45,44,24,0,24,5.922548395372045e-05,2.2718170624059815e-11,3.3306690738754696e-16
2,45,44,25,0,25,1.0878982942753523e-05,5.1056359962167054e-11,2.220446049250313e-16
2,45,44,26,0,26,7.894172879246139e-05,5.594706177256179e-10,5.551115123125783e-16
2,45,44,27,0,27,1.8146482766396373e-05,4.1167100360643183e-10,4.440892098500626e-16
2,45,44,28,0,28,9.184043346956393e-06,3.4779458827139716e-10,4.440892098500626e-16
2,45,44,29,0,29,3.100380199162469e-05,1.0690453748024235e-10,9.992007221626409e-16
2,45,44,30,0,30,0.00011420654116585757,1.3488260353944184e-10,4.440892098500626e-16
2,45,44,31,0,31,3.970728729527907e-07,6.422037990496877e-08,3.4416913763379853e-15
2,45,44,32,1,32,2.4158465076516027e-05,2.0415510234161352e-10,6.661338147750939e-16
2,45,44,33,0,33,6.496555032688404e-06,4.591975292081477e-10,5.551115123125783e-16
2,45,44,34,0,34,1.819177007947881e-05,1.7975442571066663e-10,5.551115123125783e-16
2,45,44,35,0,35,2.216509336584962e-05,3.355859087756995e-11,4.440892098500626e-16
2,45,44,36,0,36,1.693836918533589e-05,5.0775649199346386e-11,3.3306690738754696e-16
2,45,44,37,0,37,6.641403423978155e-05,2.0582707504816437e-10,7.771561172376096e-16
2,45,44,38,0,38,1.0806032935979503e-06,1.2387555972089345e-10,6.661338147750939e-16
2,45,44,39,0,39,1.1684307212829694e-06,1.4256918431259453e-10,5.551115123125783e-16
2,45,44,40,0,40,2.084475822468873e-05,1.5880223332773074e-10,4.440892098500626e-16
2,45,44,41,0,41,4.7875518870137386e-05,4.7636380453368014e-11,7.771561172376096e-16
2,45,44,42,0,42,1.853615603200775e-05,1.127233511591607e-10,6.661338147750939e-16
2,45,44,43,0,43,5.53971203826284e-05,1.8509769882895358e-11,5.551115123125783e-16
2,45,44,44,0,44,6.9190027670482365e-06,1.5702007629034439e-10,4.440892098500626e-16
2,45,45,45,0,45,6.134836089635489e-07,2.020785901409066e-08,4.440892098500626e-16
6,12,44,0,0,0,5.4123004681716186e-05,,
6,12,44,1,0,1,0.0002500347075693353,3.8939786457014565e-14,0.0
6,12,44,2,0,2,0.0012141443513358657,6.237362123036123e-14,0.0
6,12,44,3,0,3,0.0010429456413741168,1.8784391662897987e-13,3.3306690738754696e-16
6,12,44,4,0,4,0.0011555615648547156,1.9156194219058287e-13,6.661338147750939e-16
6,12,44,5,0,5,0.0015859084671453428,5.209535906607245e-13,2.220446049250313e-16
6,12,44,6,0,6,0.0013947759186915879,8.982126353617358e-13,4.440892098500626e-16
6,12,44,7,0,7,0.0023147299080974286,2.559961917069477e-13,4.440892098500626e-16
6,12,44,8,0,8,0.002593422466391659,3.135775929562889e-13,3.3306690738754696e-16
6,12,44,9,0,9,0.002835094810153294,8.49896466852469e-12,3.3306690738754696e-16
6,12,44,10,0,10,0.002748184068146217,7.713603770677038e-13,5.551115123125783e-16
6,12,44,11,0,11,0.003188074172087399,2.823649241341617e-12,4.440892098500626e-16
6,12,44,12,0,12,0.002754632710212435,3.792295675785272e-12,4.440892098500626e-16
6,12,44,13,0,13,0.0036358447020218058,1.0831287597501171e-11,5.551115123125783e-16
6,12,44,14,0,14,0.003553032071976882,1.0901108826253958e-12,3.3306690738754696e-16
6,12,44,15,0,15,0.0036541330335100354,3.0714049135397814e-12,7.771561172376096e-16
6,12,44,16,0,16,0.004377033782626399,3.755675328509818e-12,6.661338147750939e-16
6,12,44,17,0,17,0.003981200143221006,2.3297210398859315e-12,3.3306690738754696e-16
6,12,44,18,0,18,0.00370775363578569,2.605606825383099e-12,2.220446049250313e-16
6,12,44,19,0,19,0.005054018494795975,6.530683052663401e-11,4.440892098500626e-16
6,12,44,20,0,20,0.0038312474896595615,4.104776941866333e-12,3.3306690738754696e-16
6,12,44,21,0,21,0.004264203099563266,5.366037928674733e-11,5.551115123125783e-16
6,12,44,22,0,22,0.003999947574215075,2.3376976383613866e-11,4.440892098500626e-16
6,12,44,23,0,23,0.005688449688641634,1.53325346235418e-11,3.3306690738754696e-16
6,12,44,24,0,24,0.005013504810131297,1.7605570456104058e-11,4.440892098500626e-16
6,12,44,25,0,25,0.005039274890712651,1.1092448922126053e-11,5.551115123125783e-16
6,12,44,26,0,26,0.00463441415836608,1.4105137957586603e-11,3.3306690738754696e-16
6,12,44,27,0,27,0.00493123439623729,1.6894132184480237e-11,3.3306690738754696e-16
6,12,44,28,0,28,0.004623653578208008,6.84327541122707e-11,6.661338147750939e-16
6,12,44,29,0,29,0.0059145449384056924,1.930558802000445e-09,4.440892098500626e-16
6,12,44,30,0,30,0.004687611016307506,9.702683321237873e-10,4.440892098500626e-16
6,12,44,31,0,31,0.006463359111127425,2.20601574745188e-11,6.661338147750939e-16
6,12,44,32,0,32,0.004869283088254983,4.5957000966311347e-10,4.440892098500626e-16
6,12,44,33,0,33,0.00527437926789771,2.0248292990843608e-10,6.661338147750939e-16
6,12,44,34,0,34,0.003582002013492975,1.9969566136550273e-11,5.551115123125783e-16
6,12,44,35,0,35,0.005389663365367453,5.255335231814951e-11,4.440892098500626e-16
6,12,44,36,0,36,0.006257349426639819,8.332366871647117e-11,3.3306690738754696e-16
6,12,44,37,0,37,0.005074488828295242,2.392622379708204e-10,5.551115123125783e-16
6,12,44,38,0,38,0.0066588401204857655,2.841101228755931e-10,3.3306690738754696e-16
6,12,44,39,0,39,0.007533419327371133,7.335030645178923e-11,5.551115123125783e-16
6,12,44,40,0,40,0.0078761460215626,2.3307320343376173e-09,4.440892098500626e-16
6,12,44,41,0,41,0.005289555544690609,4.097515530325415e-11,5.551115123125783e-16
6,12,44,42,0,42,0.005469184051110142,1.3018555862107157e-11,7.771561172376096e-16
6,12,44,43,0,43,0.006350320484978442,7.342889065090242e-11,5.551115123125783e-16
6,12,44,44,0,44,0.007496123121972358,1.0974111589533927e-11,5.551115123125783e-16
6,12,45,45,0,45,0.0003292002541786609,1.809708252732361e-11,5.551115123125783e-16
8,9,44,0,0,0,0.006689189582708097,,
8,9,44,1,0,1,0.005817773078052814,8.119018987897109e-15,0.0
8,9,44,2,0,2,0.005523166933815139,2.532369573040562e-14,1.1102230246251565e-16
8,9,44,3,0,3,0.007485226559899744,1.2035767692689578e-12,4.440892098500626e-16
8,9,44,4,0,4,0.004611449865289015,1.142166132867695e-13,2.220446049250313e-16
8,9,44,5,0,5,0.006416957329695993,2.4921433560267743e-13,0.0
8,9,44,6,0,6,0.005123465189493539,3.2792099089953685e-10,4.440892098500626e-16
8,9,44,7,0,7,0.00721836013022207,1.9502473116619724e-13,0.0
8,9,44,8,0,8,0.0060627983876982115,8.352445624826416e-13,1.1102230246251565e-16
8,9,44,9,0,9,0.007100578294738947,5.329735264777488e-13,3.3306690738754696e-16
8,9,44,10,0,10,0.007859103708721117,2.5110394716522222e-12,3.3306690738754696e-16
8,9,44,11,0,11,0.006509680617352344,1.7711248713015024e-12,4.440892098500626e-16
8,9,44,12,0,12,0.007257912537836517,1.1130356861942382e-11,2.220446049250313e-16
8,9,44,13,0,13,0.008137533551587098,2.4793810719569084e-12,6.661338147750939e-16
8,9,44,14,0,14,0.007852470523999861,4.156913347157943e-12,4.440892098500626e-16
8,9,44,15,0,15,0.007368408575859368,1.257482750026715e-12,2.220446049250313e-16
8,9,44,16,0,16,0.008227326552528112,1.3369558314494228e-12,5.551115123125783e-16
8,9,44,17,0,17,0.008421630024005491,2.6467261657543605e-12,3.3306690738754696e-16
8,9,44,18,0,18,0.00835456167253031,1.598319528781665e-12,3.3306690738754696e-16
8,9,44,19,0,19,0.007424927965447361,3.3587031480203355e-12,5.551115123125783e-16
8,9,44,20,0,20,0.010242240235897723,6.824728731902931e-12,3.3306690738754696e-16
8,9,44,21,0,21,0.008930186403308437,1.8767728072906846e-12,6.661338147750939e-16
8,9,44,22,0,22,0.007049029663813281,2.77201424119991e-12,1.1102230246251565e-16
8,9,44,23,0,23,0.009422054818882336,4.117480234766097e-10,4.440892098500626e-16
8,9,44,24,0,24,0.010535246440894248,5.011791696416147e-11,3.3306690738754696e-16
8,9,44,25,0,25,0.011139152146616163,3.2989047494725543e-12,3.3306690738754696e-16
8,9,44,26,0,26,0.00892003175154623,1.2187469033553156e-11,3.3306690738754696e-16
8,9,45,27,0,27,0.0002968368790395745,8.507720367624551e-11,5.551115123125783e-16
8,9,45,28,0,28,0.00013524555340877533,1.0049056499908106e-10,7.771561172376096e-16
8,9,45,29,0,29,0.0010036265801684778,4.763502217613111e-11,4.440892098500626e-16
8,9,45,30,0,30,0.0005541438804554515,2.165341106740628e-10,7.771561172376096e-16
8,9,45,31,0,31,0.0007927713319196945,2.4736669572239255e-10,2.220446049250313e-16
8,9,45,32,0,32,0.0016177287998003732,5.5485323900381204e-08,2.6645352591003757e-15
8,9,45,33,0,33,0.0013688428723694056,1.4472390980460535e-10,3.3306690738754696e-16
8,9,45,34,0,34,0.0016069609470413257,8.576014425611497e-11,4.440892098500626e-16
8,9,45,35,0,35,0.0014568363269395624,4.3664115788286565e-10,2.220446049250313e-16
8,9,45,36,0,36,0.0021963916001619048,1.6775832204540092e-10,5.551115123125783e-16
8,9,45,37,0,37,0.001706298131806963,6.836234248244683e-11,6.661338147750939e-16
8,9,45,38,0,38,0.0018629466444870992,3.4505892616514745e-10,4.440892098500626e-16
8,9,45,39,0,39,0.002440530787299397,1.744930052951227e-11,3.3306690738754696e-16
8,9,45,40,0,40,0.0018599895769023944,3.072881537511448e-11,3.3306690738754696e-16
8,9,45,41,0,41,0.0022321043680245058,3.520094385551604e-11,6.661338147750939e-16
8,9,45,42,0,42,0.00304826601473707,3.222562925944858e-11,4.440892098500626e-16
8,9,45,43,0,43,0.0023420116908903035,5.201540704356012e-11,5.551115123125783e-16
8,9,45,44,0,44,0.003133736198846223,1.051076303798789e-11,3.3306690738754696e-16
8,9,45,45,0,45,0.003496987927214418,9.033941237017081e-12,5.551115123125783e-16
4,19,44,0,0,0,0.009267260513578698,,
4,19,44,1,0,1,0.008324297138683035,7.060866448099512e-15,3.3306690738754696e-16
4,19,44,2,0,2,0.007303349564317683,3.368327201882409e-13,0.0
4,19,44,3,0,3,0.007793802081492217,1.879120747039648e-13,2.220446049250313e-16
4,19,44,4,0,4,0.00798397887594061,7.76433739787221e-14,0.0
4,19,44,5,0,5,0.007543720928671657,9.485852097136207e-14,6.661338147750939e-16
4,19,44,6,0,6,0.008640278325597103,1.5444380981901474e-13,0.0
4,19,44,7,0,7,0.008531032873741342,6.798117541467828e-13,6.661338147750939e-16
4,19,44,8,0,8,0.009147109473032471,5.214106480489385e-12,2.220446049250313e-16
4,19,45,9,0,9,5.6632953830972575e-06,1.062539810074771e-10,6.661338147750939e-16
4,19,45,10,0,10,0.00035732506968288205,4.437529700312537e-12,2.220446049250313e-16
4,19,45,11,0,11,0.00036328099599013743,1.3873516040260611e-11,3.3306690738754696e-16
4,19,45,12,0,12,0.0011032010768179576,7.390350883199489e-12,1.1102230246251565e-16
4,19,45,13,0,13,0.001456388974796809,4.8638067921882584e-11,5.551115123125783e-16
4,19,45,14,0,14,0.0009383778693061261,1.4634848770334108e-09,2.220446049250313e-16
4,19,45,15,0,15,0.0009320104231167963,9.41473023995009e-12,4.440892098500626e-16
4,19,45,16,0,16,0.002263805617163034,1.5946058928588673e-09,5.551115123125783e-16
4,19,45,17,0,17,0.0016125939959288653,1.589587438925597e-11,3.3306690738754696e-16
4,19,45,18,0,18,0.001041067855431974,2.3256860650330537e-11,4.440892098500626e-16
4,19,45,19,0,19,0.0010704548144591897,2.0445824099304882e-11,6.661338147750939e-16
4,19,45,20,0,20,0.0017603342948280568,2.8324755315448277e-11,3.3306690738754696e-16
4,19,45,21,0,21,0.002399750813833411,8.344092267079048e-12,3.3306690738754696e-16
4,19,45,22,0,22,0.0016027516691213776,1.9152130091769894e-11,6.661338147750939e-16
4,19,45,23,0,23,0.0020403183151306192,1.8298186208726443e-11,7.771561172376096e-16
4,19,45,24,0,24,0.0018784361527239115,4.554086895359112e-12,4.440892098500626e-16
4,19,45,25,0,25,0.002113605024355045,2.6940453953236142e-09,3.3306690738754696e-16
4,19,45,26,0,26,0.002953511905945768,1.5344426135596378e-11,4.440892098500626e-16
4,19,45,27,0,27,0.001998434274530229,3.952494949008949e-11,4.440892098500626e-16
4,19,45,28,0,28,0.002748946111738239,1.991339662677194e-10,4.440892098500626e-16
4,19,45,29,0,29,0.002517624269702358,3.707630160906095e-11,6.661338147750939e-16
4,19,45,30,0,30,0.0024245281359622887,1.2395707135725716e-10,6.661338147750939e-16
4,19,45,31,0,31,0.0033024403670693513,4.7405113885472745e-11,7.771561172376096e-16
4,19,45,32,0,32,0.0023977348562685126,1.6271356023810786e-10,7.771561172376096e-16
4,19,45,33,0,33,0.003722129461992693,2.6854516628664753e-10,6.661338147750939e-16
4,19,45,34,0,34,0.0024880396576103915,1.2697653209599904e-11,3.3306690738754696e-16
4,19,45,35,0,35,0.002656788260220288,1.2213052933818377e-11,5.551115123125783e-16
4,19,45,36,0,36,0.0023674335059009188,8.704496729323287e-11,4.440892098500626e-16
4,19,45,37,0,37,0.0017274405038455111,5.2888182693669586e-11,3.3306690738754696e-16
4,19,45,38,0,38,0.0034984559012741973,5.814910566125296e-11,6.661338147750939e-16
4,19,45,39,0,39,0.003518678075351469,1.9585600529916787e-11,4.440892098500626e-16
4,19,45,40,0,40,0.002804506637498012,5.6880656013625796e-11,3.3306690738754696e-16
4,19,45,41,0,41,0.0018560004628679892,9.902154332657868e-11,4.440892098500626e-16
4,19,45,42,0,42,0.003142810935133754,3.482651378544854e-11,5.551115123125783e-16
4,19,45,43,0,43,0.0030393085123499343,5.328100035537575e-11,6.661338147750939e-16
4,19,45,44,0,44,0.003430473856414553,4.117451585467592e-12,4.440892098500626e-16
4,19,45,45,0,45,0.0028233390160634325,4.9003179782249815e-11,5.551115123125783e-16
2,46,45,0,0,0,1.9406113772193337e-05,,
2,46,45,1,0,1,0.0013231143446883172,2.547886491618732e-14,0.0
2,46,45,2,0,2,0.0006015162640991763,8.589582034891024e-14,3.3306690738754696e-16
2,46,45,3,0,3,0.0003016614880378339,3.823429560867e-13,3.3306690738754696e-16
2,46,45,4,0,4,0.00022053849255578592,2.3911491059428725e-12,2.220446049250313e-16
2,46,45,5,0,5,0.0003569967094316223,3.425815576657447e-13,1.1102230246251565e-16
2,46,45,6,0,6,0.00025925415149832793,5.345473402911937e-12,2.220446049250313e-16
2,46,45,7,0,7,7.620389458861601e-05,5.433877435989999e-12,2.220446049250313e-16
2,46,45,8,0,8,0.0005070256998322258,1.8426764792373163e-12,3.3306690738754696e-16
2,46,45,9,0,9,3.9132830635978786e-06,2.4477670202452282e-11,3.3306690738754696e-16
2,46,45,10,0,10,2.3438730660795106e-06,3.9584190988570564e-11,5.551115123125783e-16
2,46,45,11,0,11,0.00033490772367966346,2.1156044778348243e-11,1.1102230246251565e-16
2,46,45,12,0,12,7.967871712040172e-05,1.7299013899123677e-11,3.3306690738754696e-16
2,46,45,13,0,13,0.0004396642548495994,6.463266292386107e-12,3.3306690738754696e-16
2,46,45,14,0,14,0.0001460916851624407,1.2436314919831216e-11,4.440892098500626e-16
2,46,45,15,0,15,0.00035601544438640473,3.819158450265788e-11,3.3306690738754696e-16
2,46,45,16,0,16,0.0002311424446397187,1.0449095155847561e-10,1.1102230246251565e-16
2,46,45,17,0,17,0.00020103802868184987,1.1419996855798692e-11,4.440892098500626e-16
2,46,45,18,0,18,9.436869684441074e-05,1.800717711762524e-10,8.881784197001252e-16
2,46,45,19,0,19,0.00014847077265532112,1.458594380792566e-11,5.551115123125783e-16
2,46,45,20,0,20,3.4336985284868496e-05,2.185092054443768e-11,4.440892098500626e-16
2,46,45,21,0,21,5.252993585170773e-05,4.002566110079443e-11,2.220446049250313e-16
2,46,45,22,0,22,1.586320802699416e-05,5.390882694229532e-10,5.551115123125783e-16
2,46,45,23,0,23,0.00016332814055405846,1.1086893898841457e-11,1.2212453270876722e-15
2,46,45,24,0,24,0.0001009019818939936,2.815579922463918e-10,4.440892098500626e-16
2,46,45,25,0,25,0.00011329351765784943,7.627555256755251e-11,4.440892098500626e-16
2,46,45,26,0,26,1.6969088198785545e-05,4.320005477825388e-10,2.220446049250313e-16
2,46,45,27,0,27,1.7976071465958465e-05,1.7842010967164126e-11,4.440892098500626e-16
2,46,45,28,0,28,8.07916422644051e-06,4.6251775613764647e-11,4.440892098500626e-16
2,46,45,29,0,29,6.486149800184576e-05,3.9640721326415694e-11,4.440892098500626e-16
2,46,45,30,0,30,2.3962307715927597e-05,1.7097138250539463e-11,5.551115123125783e-16
2,46,45,31,0,31,9.511917151152797e-05,3.1434726430151725e-11,5.551115123125783e-16
2,46,45,32,0,32,0.00013203960552592582,3.2620253807329587e-11,5.551115123125783e-16
2,46,45,33,0,33,5.2505715742375734e-05,8.083845301261365e-11,4.440892098500626e-16
2,46,45,34,0,34,3.549490220832719e-05,8.914948596150887e-11,7.771561172376096e-16
2,46,45,35,0,35,8.229656883119585e-05,2.5635196504203138e-11,6.661338147750939e-16
2,46,45,36,0,36,9.551170667057633e-05,1.2734655967556657e-11,7.771561172376096e-16
2,46,45,37,0,37,6.047980509341347e-05,1.189546536445557e-10,6.661338147750939e-16
2,46,45,38,0,38,1.2251872878059243e-07,1.0552596447196705e-08,5.551115123125783e-16
2,46,45,39,0,39,0.00011515950370681066,3.2248980587290917e-10,4.440892098500626e-16
2,46,45,40,0,40,4.9091866527598836e-05,8.109744146246457e-10,5.551115123125783e-16
2,46,45,41,0,41,1.3764613126989693e-05,1.9645550869760854e-10,6.661338147750939e-16
2,46,45,42,0,42,5.799175926988829e-05,4.193720993885887e-09,5.551115123125783e-16
2,46,45,43,0,43,7.569813967117955e-06,5.445605381960089e-10,5.551115123125783e-16
2,46,45,44,0,44,5.448601877809708e-05,8.431642463672869e-11,5.551115123125783e-16
2,46,45,45,0,45,1.3457915692071647e-05,2.442391542618992e-10,5.551115123125783e-16
2,46,46,46,0,46,3.8873904025016506e-05,7.996104274807808e-11,4.440892098500626e-16
5,15,45,0,0,0,0.004889624474648197,,
5,15,45,1,0,1,0.004897765990433953,9.208006412061442e-15,2.220446049250313e-16
5,15,45,2,0,2,0.004976080580837261,3.900501190878765e-14,3.3306690738754696e-16
5,15,45,3,0,3,0.00487493861466575,1.4583900206487348e-13,1.1102230246251565e-16
5,15,45,4,0,4,0.005070726993038886,2.016292457356305e-12,2.220446049250313e-16
5,15,45,5,0,5,0.005775339885571739,4.877091516081085e-13,0.0
5,15,45,6,0,6,0.0058275938260789655,1.1877318291408264e-12,2.220446049250313e-16
5,15,45,7,0,7,0.004209424376570818,1.076813722007613e-12,4.440892098500626e-16
5,15,45,8,0,8,0.004999007487638192,8.518908228733247e-11,1.1102230246251565e-16
5,15,45,9,0,9,0.005790469695130583,4.122945192424387e-13,3.3306690738754696e-16
5,15,45,10,0,10,0.005568921921323407,1.493187920083089e-12,2.220446049250313e-16
5,15,45,11,0,11,0.005872559490930968,1.562106460649801e-12,3.3306690738754696e-16
5,15,45,12,0,12,0.0067361194975588436,1.931278221669935e-11,1.1102230246251565e-16
5,15,45,13,0,13,0.0076408889879065935,2.2956128944610793e-12,3.3306690738754696e-16
5,15,45,14,0,14,0.004523004186672427,1.7787636248964352e-11,9.992007221626409e-16
5,15,45,15,0,15,0.005385442168245024,1.2603330236098564e-12,5.551115123125783e-16
5,15,45,16,0,16,0.005255991845916919,7.933104128012551e-12,3.3306690738754696e-16
5,15,45,17,0,17,0.006728659915797156,4.674139657580914e-11,3.3306690738754696e-16
5,15,45,18,0,18,0.0059821562974283395,3.694693313913834e-11,3.3306690738754696e-16
5,15,45,19,0,19,0.005454171513839438,3.624747495486018e-10,4.440892098500626e-16
5,15,45,20,0,20,0.005367067844518135,4.6767321168089655e-11,7.771561172376096e-16
5,15,45,21,0,21,0.005788785451011442,1.6227194663967552e-12,3.3306690738754696e-16
5,15,45,22,0,22,0.00565172793691183,1.283385345428987e-10,4.440892098500626e-16
5,15,45,23,0,23,0.005169633338722386,2.5441277287162043e-11,2.220446049250313e-16
5,15,45,24,0,24,0.0062642130544180484,1.942633839957054e-11,5.551115123125783e-16
5,15,45,25,0,25,0.0077368840845120955,8.415679828085796e-11,3.3306690738754696e-16
5,15,45,26,0,26,0.007279752083202558,2.0127855710511513e-11,4.440892098500626e-16
5,15,45,27,0,27,0.005391367380961058,9.883647821361853e-12,6.661338147750939e-16
5,15,45,28,0,28,0.007043084969136019,1.995432387304811e-11,3.3306690738754696e-16
5,15,45,29,0,29,0.0067711477593806755,6.873734711219045e-11,3.3306690738754696e-16
5,15,45,30,0,30,0.006866403595013627,2.8808248890818608e-11,4.440892098500626e-16
5,15,46,31,0,31,0.00010239495298647291,3.541182323225845e-09,7.771561172376096e-16
5,15,46,32,0,32,0.0008753168592643318,3.492542011675673e-10,4.440892098500626e-16
5,15,46,33,0,33,0.0008158441138827237,2.5101770274261795e-10,5.551115123125783e-16
5,15,46,34,0,34,0.000696628679259876,1.3839999536557559e-10,4.440892098500626e-16
5,15,46,35,0,35,0.0011659118230292547,1.2049884589623755e-09,7.771561172376096e-16
5,15,46,36,0,36,0.0009001118593780279,1.3762294839323632e-10,5.551115123125783e-16
5,15,46,37,0,37,0.0007882914829977532,1.1348081986166589e-09,4.440892098500626e-16
5,15,46,38,0,38,0.0010757321795946833,2.2171686564534848e-10,3.3306690738754696e-16
5,15,46,39,0,39,0.0010786915384310082,3.833144226828211e-10,3.3306690738754696e-16
5,15,46,40,0,40,0.0012294514835015438,2.6328228749511658e-11,6.661338147750939e-16
5,15,46,41,0,41,0.000999250412176251,6.750764890379417e-11,5.551115123125783e-16
5,15,46,42,0,42,0.0016993752387147545,4.5769193059361324e-11,5.551115123125783e-16
5,15,46,43,0,43,0.0013752907250289164,3.1419533996800655e-11,6.661338147750939e-16
5,15,46,44,0,44,0.0014798432066734097,8.988515882917119e-11,4.440892098500626e-16
5,15,46,45,0,45,0.00181878489286236,3.533477999358088e-11,5.551115123125783e-16
5,15,46,46,0,46,0.0020961976534920085,2.975999648528972e-11,4.440892098500626e-16
3,27,45,0,0,0,0.0031991350131273066,,
3,27,45,1,0,1,0.003458482683273446,7.810077367484686e-15,0.0
3,27,45,2,0,2,0.004292376246772059,1.262710956288706e-13,0.0
3,27,45,3,0,3,0.0033356276749561915,1.12166850068001e-13,1.1102230246251565e-16
3,27,45,4,0,4,0.004280666467187391,1.7361418884364108e-13,0.0
3,27,45,5,0,5,0.002527376379138213,2.300159028819792e-13,3.3306690738754696e-16
3,27,45,6,0,6,0.004079844326700762,9.63844311218195e-13,4.440892098500626e-16
3,27,45,7,0,7,0.0040042242069653405,7.081228697238365e-13,1.1102230246251565e-16
3,27,45,8,0,8,0.003470966561699225,1.823184171681643e-12,5.551115123125783e-16
3,27,45,9,0,9,0.0021646654274461376,1.312493080613549e-11,4.440892098500626e-16
3,27,45,10,0,10,0.0027694039868886846,6.866053287116064e-13,3.3306690738754696e-16
3,27,45,11,0,11,0.003134638871224906,1.918369113501426e-12,2.220446049250313e-16
3,27,45,12,0,12,0.00257395780219876,2.3588425443710384e-11,8.881784197001252e-16
3,27,45,13,0,13,0.0026948530468473572,2.7351780007268827e-12,4.440892098500626e-16
3,27,45,14,0,14,0.002818657754566178,1.8818714202602252e-10,4.440892098500626e-16
3,27,45,15,0,15,0.0034065382185710685,7.911118776355837e-12,2.220446049250313e-16
3,27,45,16,0,16,0.0015894598257644222,1.2038510104939466e-09,3.3306690738754696e-16
3,27,45,17,0,17,0.004246014504734584,6.307321650467416e-12,4.440892098500626e-16
3,27,45,18,0,18,0.00121475132504049,2.2548281900246447e-12,3.3306690738754696e-16
3,27,45,19,0,19,0.0033384002969788665,1.5472227053359466e-10,4.440892098500626e-16
3,27,45,20,0,20,0.003137077041169186,9.126643409892254e-11,5.551115123125783e-16
3,27,45,21,1,21,0.003038455609479945,1.0695728057411977e-10,5.551115123125783e-16
3,27,45,22,0,22,0.0008589267674980617,7.95236013504016e-12,4.440892098500626e-16
3,27,45,23,0,23,0.003730896530298711,2.8379369521952712e-11,4.440892098500626e-16
3,27,45,24,0,24,0.0015665252018940024,3.564003506608795e-11,5.551115123125783e-16
3,27,45,25,0,25,0.0013194315688954026,9.261015408510705e-12,5.551115123125783e-16
3,27,45,26,0,26,0.0024714129866923048,6.639918322852054e-10,2.220446049250313e-16
3,27,45,27,0,27,0.0021686771837251136,1.0415538463016349e-10,5.551115123125783e-16
3,27,46,28,0,28,3.81861475778384e-05,4.0191268913137273e-10,4.440892098500626e-16
3,27,46,29,0,29,0.00013034757629708414,3.442477123327263e-10,5.551115123125783e-16
3,27,46,30,0,30,0.0003297689651318942,2.9760894868886025e-10,5.551115123125783e-16
3,27,46,31,0,31,0.0003322751667704319,4.128676796335447e-10,5.551115123125783e-16
3,27,46,32,0,32,0.0005431079198776169,3.153749740265448e-11,3.3306690738754696e-16
3,27,46,33,0,33,0.000467180400901159,3.2859530542433565e-10,5.551115123125783e-16
3,27,46,34,0,34,0.00030680861150581543,8.550022809695207e-11,6.661338147750939e-16
3,27,46,35,0,35,0.0003484334205090885,3.857254394563568e-09,3.3306690738754696e-16
3,27,46,36,0,36,0.0005465317218548163,3.9517042541990995e-11,3.3306690738754696e-16
3,27,46,37,0,37,0.0006055096644691758,2.7718667440663256e-10,6.661338147750939e-16
3,27,46,38,0,38,0.000270079183282679,1.2456450891470405e-09,3.3306690738754696e-16
3,27,46,39,0,39,0.0004625832414604768,1.7314284353637762e-10,6.661338147750939e-16
3,27,46,40,0,40,0.00023073101099152418,1.924775974894066e-10,6.661338147750939e-16
3,27,46,41,0,41,0.0003741224885079141,1.526880518585762e-10,4.440892098500626e-16
3,27,46,42,0,42,0.000348184009970689,7.157997214151822e-10,6.661338147750939e-16
3,27,46,43,0,43,0.0009028099402587626,1.3168821845970408e-09,5.551115123125783e-16
3,27,46,44,0,44,0.0007794153657511209,3.7225640295372367e-09,4.440892098500626e-16
3,27,46,45,0,45,0.00028014573989368835,4.781801290356619e-11,6.661338147750939e-16
3,27,46,46,0,46,0.000509542708266334,1.0403896515878273e-11,4.440892098500626e-16
2,47,46,0,0,0,0.00016638144163862875,,
2,47,46,1,0,1,0.00024160628245687354,6.34310871150635e-14,2.220446049250313e-16
2,47,46,2,0,2,0.00014254758045946384,1.936149542800246e-13,5.551115123125783e-16
2,47,46,3,0,3,7.126611716700696e-07,7.009628878321861e-11,1.1102230246251565e-16
2,47,46,4,0,4,0.0001962654976110078,8.997405536381551e-13,1.1102230246251565e-16
2,47,46,5,0,5,0.0002313910864519838,1.1214838189606045e-12,3.3306690738754696e-16
2,47,46,6,0,6,2.993243253131613e-05,2.517105098255715e-12,0.0
2,47,46,7,0,7,0.00016215129444379376,5.106580010832342e-12,2.220446049250313e-16
2,47,46,8,0,8,0.00016413860843209367,1.745006492430745e-10,3.3306690738754696e-16
2,47,46,9,0,9,8.278655496613803e-05,2.538646915068106e-11,3.3306690738754696e-16
2,47,46,10,0,10,2.984559982346744e-05,7.330305279896735e-12,8.881784197001252e-16
2,47,46,11,0,11,2.148897294860926e-05,1.920327669767064e-11,3.3306690738754696e-16
2,47,46,12,0,12,0.0001205375960079284,5.165900310299197e-10,4.440892098500626e-16
2,47,46,13,0,13,9.458031355739086e-05,1.226436099265599e-11,4.440892098500626e-16
2,47,46,14,0,14,0.00039637335298061516,2.0177494830111805e-12,3.3306690738754696e-16
2,47,46,15,0,15,0.0001933991049904733,5.548035928993054e-11,4.440892098500626e-16
2,47,46,16,0,16,6.678820130167432e-05,3.2839657025696155e-11,6.661338147750939e-16
2,47,46,17,0,17,0.00015703336599743177,5.191297466292853e-10,5.551115123125783e-16
2,47,46,18,0,18,7.527935487009104e-05,3.42119880359244e-11,5.551115123125783e-16
2,47,46,19,0,19,1.9480816346890043e-05,4.3607607438781304e-10,3.3306690738754696e-16
2,47,46,20,0,20,0.00012985769193230723,2.55092128494399e-10,3.3306690738754696e-16
2,47,46,21,0,21,3.322266279620725e-05,1.7429293222862526e-10,4.440892098500626e-16
2,47,46,22,0,22,8.045949427071952e-05,1.7525159734646245e-10,4.440892098500626e-16
2,47,46,23,0,23,3.4341297013502763e-05,9.855285253219003e-12,4.440892098500626e-16
2,47,46,24,0,24,7.94832602906124e-05,7.950815283165533e-11,3.3306690738754696e-16
2,47,46,25,0,25,6.118977512684616e-05,1.6089127576979149e-10,5.551115123125783e-16
2,47,46,26,0,26,3.2028206051038156e-05,6.402847541657388e-11,6.661338147750939e-16
2,47,46,27,0,27,7.740449730646899e-06,1.9707068476664684e-10,6.661338147750939e-16
2,47,46,28,1,28,0.00013892769934843824,1.2337531815266114e-10,6.661338147750939e-16
2,47,46,29,0,29,7.54192898672449e-05,1.0199295840856839e-10,5.551115123125783e-16
2,47,46,30,0,30,8.773043692741879e-06,6.491154081979103e-11,4.440892098500626e-16
2,47,46,31,0,31,2.161835020518605e-05,2.5660834157515517e-10,6.661338147750939e-16
2,47,46,32,0,32,7.618490850631171e-05,1.4045723841675938e-10,4.440892098500626e-16
2,47,46,33,0,33,0.00010009437271489907,2.8106976378280127e-08,6.661338147750939e-16
2,47,46,34,0,34,7.133021307615432e-05,1.5906776937698423e-09,7.771561172376096e-16
2,47,46,35,0,35,3.2410034986322314e-05,5.3012252526532953e-11,5.551115123125783e-16
2,47,46,36,0,36,5.572403410553242e-06,7.203373960365264e-11,6.661338147750939e-16
2,47,46,37,0,37,6.013952619981002e-05,2.1769611572410817e-11,3.3306690738754696e-16
2,47,46,38,0,38,3.453627429636589e-05,2.0043048784513343e-10,3.3306690738754696e-16
2,47,46,39,0,39,1.6939264552908184e-05,1.830412435988115e-10,4.440892098500626e-16
2,47,46,40,0,40,7.748922184437671e-08,5.524566673703418e-08,8.881784197001252e-16
2,47,46,41,0,41,9.698061836108493e-05,7.406319649188354e-11,5.551115123125783e-16
2,47,46,42,0,42,2.5028330345698474e-05,1.881223305395363e-11,5.551115123125783e-16
2,47,46,43,0,43,1.2745491936900328e-05,3.1522086831719795e-10,3.3306690738754696e-16
2,47,46,44,0,44,1.3736624587983632e-05,6.739184255807561e-11,3.3306690738754696e-16
2,47,46,45,0,45,9.443446692665895e-06,4.245396316767516e-11,3.3306690738754696e-16
2,47,46,46,0,46,6.737040608934574e-05,2.7057519826441104e-11,5.551115123125783e-16
2,47,47,47,0,47,5.524892180385511e-06,1.3444374748041615e-09,4.440892098500626e-16
2,48,47,0,0,0,0.00016029025987524296,,
2,48,47,1,0,1,0.0005439377048236646,7.195905548107554e-14,0.0
2,48,47,2,0,2,0.0002590434813301267,1.2226669634939976e-13,0.0
2,48,47,3,0,3,0.00039567584502089756,8.422216465883776e-12,2.220446049250313e-16
2,48,47,4,0,4,0.00028023017044958307,4.5023636058849393e-13,2.220446049250313e-16
2,48,47,5,0,5,0.0002465271298275086,5.098544804559126e-12,2.220446049250313e-16
2,48,47,6,0,6,5.7447298165776595e-05,5.8087323357431905e-12,3.3306690738754696e-16
2,48,47,7,0,7,6.021934380567191e-06,1.4405566148958673e-11,2.220446049250313e-16
2,48,47,8,0,8,1.0036306276197777e-05,8.264329121279118e-12,4.440892098500626e-16
2,48,47,9,0,9,3.249412340986477e-05,8.450271455117347e-12,2.220446049250313e-16
2,48,47,10,0,10,0.00026746978449021,3.767451288630338e-11,4.440892098500626e-16
2,48,47,11,0,11,0.0004248504911819124,1.832819862016633e-12,2.220446049250313e-16
2,48,47,12,0,12,0.00024426747896651234,5.676027442569182e-12,6.661338147750939e-16
2,48,47,13,0,13,0.0001989378229637839,7.908310105182962e-12,2.220446049250313e-16
2,48,47,14,0,14,9.28720045099068e-05,3.5459830675642683e-10,2.220446049250313e-16
2,48,47,15,0,15,0.0002982764009788223,1.0329824743395672e-11,3.3306690738754696e-16
2,48,47,16,0,16,0.0001460880635652317,2.6168773684492152e-11,3.3306690738754696e-16
2,48,47,17,0,17,1.8381753755308395e-05,1.84146898351537e-11,3.3306690738754696e-16
2,48,47,18,0,18,5.328309083792175e-05,5.300137841756607e-11,1.1102230246251565e-16
2,48,47,19,0,19,9.518944015183911e-06,1.075850043202495e-10,3.3306690738754696e-16
2,48,47,20,0,20,1.8363479653618907e-05,4.419568630232473e-11,1.2212453270876722e-15
2,48,47,21,0,21,0.00036832751507346424,8.921113734438405e-11,4.440892098500626e-16
2,48,47,22,0,22,5.518146309924364e-05,3.0805321731359605e-11,5.551115123125783e-16
2,48,47,23,0,23,5.067860072656179e-05,2.2884393981632095e-11,3.3306690738754696e-16
2,48,47,24,0,24,8.117708841200127e-05,5.6042248217509417e-11,6.661338147750939e-16
2,48,47,25,0,25,0.00010907829871955844,1.9061758529298839e-10,8.881784197001252e-16
2,48,47,26,0,26,9.073055607486232e-05,2.1368004720834607e-11,5.551115123125783e-16
2,48,47,27,0,27,4.636853017783849e-05,6.061476475659188e-10,2.220446049250313e-16
2,48,47,28,0,28,5.8861948626646254e-05,2.9883729715152704e-11,5.551115123125783e-16
2,48,47,29,0,29,8.76167880422614e-06,1.922661241391532e-10,4.440892098500626e-16
2,48,47,30,0,30,2.234877415504296e-05,2.1449577708360446e-10,4.440892098500626e-16
2,48,47,31,0,31,9.535813251935887e-05,6.142799156889443e-11,3.3306690738754696e-16
2,48,47,32,0,32,5.0754382150181124e-05,4.8892777277374984e-11,4.440892098500626e-16
2,48,47,33,0,33,1.2792962507186444e-05,1.751007027761724e-10,7.771561172376096e-16
2,48,47,34,0,34,3.718505051846554e-05,2.4146604138232077e-09,5.551115123125783e-16
2,48,47,35,0,35,0.0001207022687666268,2.6087847018502268e-11,6.661338147750939e-16
2,48,47,36,0,36,1.1777326821319545e-05,6.5201408602839445e-09,6.661338147750939e-16
2,48,47,37,0,37,2.5107977157160703e-05,3.858480244484816e-11,7.771561172376096e-16
2,48,47,38,0,38,6.997171743369925e-06,1.4054141045839856e-10,7.771561172376096e-16
2,48,47,39,0,39,1.3423308411557164e-05,3.489036134749351e-10,6.661338147750939e-16
2,48,47,40,0,40,1.1671762998396217e-05,4.2509868822231624e-10,6.661338147750939e-16
2,48,47,41,0,41,9.851300807148014e-05,3.803892983456911e-11,4.440892098500626e-16
2,48,47,42,0,42,1.0712334573989548e-06,7.830248019957578e-10,9.992007221626409e-16
2,48,47,43,0,43,1.3258610632399717e-05,5.752279789737417e-11,4.440892098500626e-16
2,48,47,44,0,44,4.5766061049829585e-06,6.186611189872495e-11,5.551115123125783e-16
2,48,47,45,0,45,2.006304335896545e-05,2.845717518767275e-10,7.771561172376096e-16
2,48,47,46,0,46,5.196514571749184e-05,1.4225629284049429e-11,8.881784197001252e-16
2,48,47,47,0,47,1.6366693692402222e-05,2.350944498463894e-10,7.771561172376096e-16
2,48,48,48,0,48,3.800429498681231e-05,1.8464263065910183e-10,5.551115123125783e-16
3,28,47,0,0,0,0.0009143373371602318,,
3,28,47,1,0,1,0.0014005233551752621,1.7596713668445817e-14,2.220446049250313e-16
3,28,47,2,0,2,0.0012544212829435249,1.9798619702382842e-13,0.0
3,28,47,3,0,3,0.002024942168778851,3.9884067476744676e-13,2.220446049250313e-16
3,28,47,4,0,4,0.0015642215609493564,2.7650849185921536e-13,1.1102230246251565e-16
3,28,47,5,0,5,0.0019021522146573824,3.1718559142068344e-11,1.1102230246251565e-16
3,28,47,6,0,6,0.001519866843092617,4.809510536573924e-13,2.220446049250313e-16
3,28,47,7,0,7,0.0016875578840790184,6.507757170469206e-12,2.220446049250313e-16
3,28,47,8,0,8,0.0019270647492905483,2.795367531957154e-11,4.440892098500626e-16
3,28,47,9,0,9,0.001486766958679711,3.2211578683120084e-12,3.3306690738754696e-16
3,28,47,10,0,10,0.001381197560781767,1.3173812360653854e-11,4.440892098500626e-16
3,28,47,11,0,11,0.0019431340840403225,3.1472913417384435e-12,6.661338147750939e-16
3,28,47,12,0,12,0.0014586305927984922,1.1029897670581538e-11,4.440892098500626e-16
3,28,47,13,0,13,0.0016868342734024206,1.5783179287422476e-12,5.551115123125783e-16
3,28,47,14,0,14,0.0018607729073631897,1.3204682139902658e-11,5.551115123125783e-16
3,28,47,15,0,15,0.002174672604365186,8.338874468714275e-12,5.551115123125783e-16
3,28,47,16,0,16,0.001284467709996425,6.7691829075277835e-12,2.220446049250313e-16
3,28,47,17,0,17,0.0016780346476373456,7.180865445000533e-12,2.220446049250313e-16
3,28,47,18,0,18,0.0018170186090749917,2.6068705976907857e-11,6.661338147750939e-16
3,28,47,19,0,19,0.0009196130838887287,3.267357369739683e-11,3.3306690738754696e-16
3,28,47,20,0,20,0.0025570249215192604,3.208578575841328e-11,2.220446049250313e-16
3,28,47,21,0,21,0.002641383481594559,1.9060907813617138e-11,4.440892098500626e-16
3,28,47,22,0,22,0.0020124490809515635,4.4013942738717484e-11,3.3306690738754696e-16
3,28,47,23,0,23,0.0015221582695435795,1.1587870090298912e-10,7.771561172376096e-16
3,28,47,24,0,24,0.0011596560999591135,9.915818027256088e-12,2.220446049250313e-16
3,28,47,25,0,25,0.0016885416004327432,8.968692509509642e-11,3.3306690738754696e-16
3,28,47,26,0,26,0.002332771986275764,2.1929486792805183e-11,4.440892098500626e-16
3,28,47,27,0,27,0.0010094063050043417,2.5673589292051603e-11,5.551115123125783e-16
3,28,47,28,0,28,0.0018574823263339075,4.8491641327403614e-11,4.440892098500626e-16
3,28,47,29,0,29,0.00027704593824055563,6.461559997964165e-11,4.440892098500626e-16
3,28,47,30,0,30,0.0026020715271480284,4.8419365548603554e-11,5.551115123125783e-16
3,28,47,31,0,31,0.0010774553789003158,1.2593197549733969e-11,4.440892098500626e-16
3,28,47,32,0,32,0.0008521472755852268,7.514951363664467e-11,5.551115123125783e-16
3,28,47,33,0,33,0.001718752319877507,9.560191913354007e-12,3.3306690738754696e-16
3,28,47,34,0,34,0.0023205297950228128,2.3711451769885888e-11,4.440892098500626e-16
3,28,47,35,0,35,0.0004904444623713185,9.110807648699565e-10,6.661338147750939e-16
3,28,47,36,0,36,0.0016282302960709649,6.578350161695865e-10,9.992007221626409e-16
3,28,47,37,0,37,0.0025360257869900065,1.0557468137006008e-10,4.440892098500626e-16
3,28,47,38,0,38,0.0014834101248161773,1.7545973520193498e-09,5.551115123125783e-16
3,28,47,39,0,39,0.0013582439965854217,2.4415014288266413e-11,7.771561172376096e-16
3,28,47,40,0,40,0.0008327697409630468,1.612899042289646e-11,5.551115123125783e-16
3,28,47,41,0,41,0.0014199896923946696,4.243931786530884e-11,4.440892098500626e-16
3,28,48,42,0,42,0.00011233520797101533,1.0588252001094936e-10,5.551115123125783e-16
3,28,48,43,0,43,4.008303154201296e-05,3.253380285801055e-10,5.551115123125783e-16
3,28,48,44,0,44,0.00010468458460728209,4.0838828220443976e-10,4.440892098500626e-16
3,28,48,45,0,45,0.0002004144009479149,9.737761079621885e-11,6.661338147750939e-16
3,28,48,46,0,46,0.00014305979602325777,4.471615778290691e-11,4.440892098500626e-16
3,28,48,47,0,47,0.0002015310416407156,4.920771318151666e-11,3.3306690738754696e-16
3,28,48,48,0,48,0.00023418907280729791,2.1004128664468073e-11,5.551115123125783e-16
4,20,47,0,0,0,0.0027939527499184743,,
4,20,47,1,0,1,0.0030303931525697157,8.607394636018087e-15,0.0
4,20,47,2,0,2,0.002823661672230619,4.094703301937199e-14,2.220446049250313e-16
4,20,47,3,0,3,0.0027364422150381244,5.772960783409906e-13,1.1102230246251565e-16
4,20,47,4,0,4,0.003448793324394435,2.0030239019268532e-13,3.3306690738754696e-16
4,20,47,5,0,5,0.003549544969862555,1.9711279978532745e-13,0.0
4,20,47,6,0,6,0.0033936179687531864,1.4877204562119183e-12,3.3306690738754696e-16
4,20,47,7,0,7,0.0036762939945640576,1.5311104023721189e-12,5.551115123125783e-16
4,20,47,8,0,8,0.004342776133364059,2.0074151698983554e-11,1.1102230246251565e-16
4,20,47,9,0,9,0.004536925759558832,2.287845376955495e-12,6.661338147750939e-16
4,20,47,10,0,10,0.004179765764278273,7.227198574625459e-11,6.661338147750939e-16
4,20,47,11,0,11,0.0043159706633112875,5.290701570325237e-11,2.220446049250313e-16
4,20,47,12,0,12,0.0029746622909626584,2.3117719908899844e-12,3.3306690738754696e-16
4,20,47,13,0,13,0.0029368771712564683,3.3781884301745e-11,3.3306690738754696e-16
4,20,47,14,0,14,0.0037621202218113972,3.3216484367515473e-12,3.3306690738754696e-16
4,20,47,15,0,15,0.0031642521439761667,6.126671300867651e-12,6.661338147750939e-16
4,20,47,16,0,16,0.003791721535725667,2.5280078724358256e-12,4.440892098500626e-16
4,20,47,17,0,17,0.004377458480283449,7.591650778702887e-11,4.440892098500626e-16
4,20,47,18,0,18,0.0054366025831409735,4.63963550368118e-12,3.3306690738754696e-16
4,20,47,19,0,19,0.005623755858603125,1.144284310532935e-10,3.3306690738754696e-16
4,20,47,20,0,20,0.004724378076801243,3.6228947648158416e-12,2.220446049250313e-16
4,20,47,21,0,21,0.004824445850345154,5.020207580383398e-12,4.440892098500626e-16
4,20,47,22,0,22,0.004033698543429779,5.8032814286888744e-12,5.551115123125783e-16
4,20,47,23,0,23,0.0002755858214961536,1.4428002572800179e-10,6.661338147750939e-16
4,20,47,24,0,24,0.004035932949644626,7.844334163198843e-12,6.661338147750939e-16
4,20,47,25,0,25,0.005061417889548437,4.8051974738311934e-11,4.440892098500626e-16
4,20,47,26,0,26,0.00511974264572006,5.8547821600967305e-09,8.881784197001252e-16
4,20,47,27,0,27,0.002353700433908182,2.755257534345723e-10,7.771561172376096e-16
4,20,47,28,0,28,0.002706290423702871,6.231479602665455e-10,5.551115123125783e-16
4,20,47,29,0,29,0.004755971099165176,1.272955816799593e-11,5.551115123125783e-16
4,20,47,30,0,30,0.0036495570556432724,5.5718084632296364e-11,4.440892098500626e-16
4,20,47,31,0,31,0.0035723272668411192,5.051100343692482e-11,7.771561172376096e-16
4,20,47,32,0,32,0.0026843437758719206,3.954432116165445e-11,5.551115123125783e-16
4,20,47,33,0,33,0.005381993244149236,4.743748880559234e-10,6.661338147750939e-16
4,20,47,34,0,34,0.005062931756785309,8.760778842285135e-11,5.551115123125783e-16
4,20,47,35,0,35,0.0034615631149435043,3.119389632414304e-11,4.440892098500626e-16
4,20,48,36,0,36,3.0462256536288202e-05,6.769228312493995e-10,6.661338147750939e-16
4,20,48,37,0,37,0.0002801096667974508,2.630304411111288e-10,4.440892098500626e-16
4,20,48,38,0,38,0.00018836274661634348,3.7882480184729446e-10,5.551115123125783e-16
4,20,48,39,0,39,0.0005892716877435311,5.3295857170490505e-11,5.551115123125783e-16
4,20,48,40,0,40,0.00020123948585052979,2.9061626334555325e-10,5.551115123125783e-16
4,20,48,41,0,41,0.000942081795844763,6.625384315259481e-11,5.551115123125783e-16
4,20,48,42,0,42,0.0008953709216873445,7.1898099775263e-11,4.440892098500626e-16
4,20,48,43,0,43,0.0008280390025678727,3.8127550813427296e-11,5.551115123125783e-16
4,20,48,44,0,44,0.0005921079474158978,1.0345224397507257e-10,3.3306690738754696e-16
4,20,48,45,0,45,0.0007408613459465348,2.0748167340878197e-08,6.661338147750939e-16
4,20,48,46,0,46,0.0010644729205732328,7.157990148602954e-11,3.3306690738754696e-16
4,20,48,47,0,47,0.0005933072977870361,5.379191977862386e-10,5.551115123125783e-16
4,20,48,48,0,48,0.0010569158171297624,1.967647018003317e-11,4.440892098500626e-16
7,11,47,0,0,0,0.006316184789957369,,
7,11,47,1,0,1,0.006568814067347942,7.714733938232588e-15,2.220446049250313e-16
7,11,47,2,0,2,0.005807284343376907,2.4548278365434836e-14,2.220446049250313e-16
7,11,47,3,0,3,0.006854795722588328,1.1084173266181895e-13,0.0
7,11,47,4,0,4,0.006315015907884221,5.403071643174477e-13,1.1102230246251565e-16
7,11,47,5,0,5,0.0065191595352352165,3.791890511274875e-12,1.1102230246251565e-16
7,11,47,6,0,6,0.0075669060063238225,8.806921793538984e-14,3.3306690738754696e-16
7,11,47,7,0,7,0.0070944521299245444,2.326194903147904e-12,2.220446049250313e-16
7,11,47,8,0,8,0.007783426652964141,5.626336319798636e-13,0.0
7,11,47,9,0,9,0.007801688403952591,1.8330912978869128e-12,2.220446049250313e-16
7,11,47,10,0,10,0.008340369952113876,1.7385155101343618e-12,0.0
7,11,47,11,0,11,0.008031068274993239,3.262475864245716e-12,4.440892098500626e-16
7,11,47,12,0,12,0.006639927790931249,2.7138964299826484e-12,2.220446049250313e-16
7,11,47,13,0,13,0.008889906291740746,7.338453346797522e-13,4.440892098500626e-16
7,11,47,14,0,14,0.00877535184753737,2.307500505386179e-12,3.3306690738754696e-16
7,11,47,15,0,15,0.008151949628302131,3.087134014472057e-10,4.440892098500626e-16
7,11,47,16,0,16,0.00955388262547918,1.1549491571469052e-11,3.3306690738754696e-16
7,11,47,17,0,17,0.008085017213264154,1.2244897658012669e-10,2.220446049250313e-16
7,11,47,18,0,18,0.008410723279505193,8.917445309867887e-12,4.440892098500626e-16
7,11,47,19,0,19,0.00956906972420662,1.4926174660834054e-11,6.661338147750939e-16
7,11,47,20,0,20,0.008396085933537073,1.4085214829292464e-11,3.3306690738754696e-16
7,11,48,21,0,21,0.0004328468047215859,1.7772565059002177e-11,3.3306690738754696e-16
7,11,48,22,0,22,0.001038939265862219,3.0312740432395303e-10,4.440892098500626e-16
7,11,48,23,0,23,0.0009234676342380161,1.808059024921948e-10,5.551115123125783e-16
7,11,48,24,0,24,0.0009594515663545955,9.68570297467139e-10,3.3306690738754696e-16
7,11,48,25,0,25,0.0011430476535891194,4.261119779609546e-11,5.551115123125783e-16
7,11,48,26,0,26,0.0011834661285871238,1.0325018645582865e-10,4.440892098500626e-16
7,11,48,27,0,27,0.001149695967528105,6.315728805795038e-11,4.440892098500626e-16
7,11,48,28,0,28,0.0010485511204943836,2.4408499568677763e-10,5.551115123125783e-16
7,11,48,29,0,29,0.0016345830018618614,3.043560606637436e-11,5.551115123125783e-16
7,11,48,30,0,30,0.001134573955700708,8.328878430025653e-09,6.661338147750939e-16
7,11,48,31,0,31,0.0021034888565041035,8.474550815595265e-11,4.440892098500626e-16
7,11,48,32,0,32,0.0029078184747153924,5.700582920516926e-11,4.440892098500626e-16
7,11,48,33,0,33,0.0013858496659456955,8.011683131477683e-11,3.3306690738754696e-16
7,11,48,34,0,34,0.002362849761394862,7.166566721612974e-11,5.551115123125783e-16
7,11,48,35,0,35,0.0022801619764041014,6.392515872430366e-10,2.220446049250313e-16
7,11,48,36,0,36,0.0025875462168797473,6.774850674327207e-11,4.440892098500626e-16
7,11,48,37,0,37,0.0030551311883783862,4.977811465872037e-11,5.551115123125783e-16
7,11,48,38,0,38,0.0017430058475207636,1.7147954429516373e-09,6.661338147750939e-16
7,11,48,39,0,39,0.0026012607418169514,5.087540155008195e-11,6.661338147750939e-16
7,11,48,40,0,40,0.002955169735028025,1.601802549539924e-10,4.440892098500626e-16
7,11,48,41,0,41,0.0030352101026991448,4.788371192262931e-11,7.771561172376096e-16
7,11,48,42,0,42,0.0037462386976310565,3.927279080852865e-10,5.551115123125783e-16
7,11,48,43,0,43,0.003917175718427446,2.8038578502471277e-11,6.661338147750939e-16
7,11,48,44,0,44,0.003561906533759404,1.8541477531428247e-10,6.661338147750939e-16
7,11,48,45,0,45,0.0033984708199319325,8.277478515674675e-10,4.440892098500626e-16
7,11,48,46,0,46,0.003806012337396032,1.7743971710579288e-10,4.440892098500626e-16
7,11,48,47,0,47,0.0032353749018732684,8.355246454500963e-12,5.551115123125783e-16
7,11,48,48,0,48,0.004581049704735384,2.1643065777668422e-11,4.440892098500626e-16
6,13,47,0,0,0,0.011320668579840815,,
6,13,47,1,0,1,0.010721161399426662,7.273801969251606e-15,1.1102230246251565e-16
6,13,47,2,0,2,0.009753655239578276,3.537652925043616e-14,0.0
6,13,47,3,0,3,0.0107112169595882,1.787565772921255e-13,4.440892098500626e-16
6,13,47,4,0,4,0.009805890643202074,6.73521849798471e-14,0.0
6,13,47,5,0,5,0.010653648358059091,1.9222567237952693e-12,2.220446049250313e-16
6,13,48,6,0,6,5.8174619416008796e-05,3.2744173016146175e-12,5.551115123125783e-16
6,13,48,7,0,7,0.0006068424270497746,7.562721588870056e-11,3.3306690738754696e-16
6,13,48,8,0,8,0.0009156297120313722,1.6464543586293636e-12,2.220446049250313e-16
6,13,48,9,0,9,0.00073187965129399,2.1141239413005887e-10,2.220446049250313e-16
6,13,48,10,0,10,0.0020666404993348628,2.1816462251492968e-12,1.1102230246251565e-16
6,13,48,11,0,11,0.0013650527986427336,1.2802449722595224e-11,4.440892098500626e-16
6,13,48,12,0,12,0.0014784411871958543,1.6521712118658104e-10,7.771561172376096e-16
6,13,48,13,0,13,0.0018657201379275372,1.2288491010990652e-11,3.3306690738754696e-16
6,13,48,14,0,14,0.001960680753848833,1.0250363487680032e-11,3.3306690738754696e-16
6,13,48,15,0,15,0.0014834475375731988,5.299767303887389e-12,3.3306690738754696e-16
6,13,48,16,0,16,0.00220712369204891,1.5861715140251738e-11,2.220446049250313e-16
6,13,48,17,0,17,0.0021399058985231575,5.553616386015955e-12,7.771561172376096e-16
6,13,48,18,0,18,0.001942026177940543,1.02880313468473e-09,5.551115123125783e-16
6,13,48,19,0,19,0.003053879823594358,5.214395609946889e-12,2.220446049250313e-16
6,13,48,20,0,20,0.0029641827850675696,3.802353321874104e-10,4.440892098500626e-16
6,13,48,21,0,21,0.0028920687377067744,1.0964405155867485e-10,5.551115123125783e-16
6,13,48,22,0,22,0.002235962992300091,4.790342074725507e-12,7.771561172376096e-16
6,13,48,23,0,23,0.00270463097731121,1.9321172367043298e-11,4.440892098500626e-16
6,13,48,24,0,24,0.003637846739727057,7.334700123589814e-12,3.3306690738754696e-16
6,13,48,25,0,25,0.003989573235049267,4.761853336315236e-11,5.551115123125783e-16
6,13,48,26,0,26,0.0043458989829253305,5.814571558653053e-12,2.220446049250313e-16
6,13,48,27,0,27,0.003038346270372514,1.1118022983653076e-11,6.661338147750939e-16
6,13,48,28,0,28,0.0030523962830254036,4.571105234063684e-10,4.440892098500626e-16
6,13,48,29,0,29,0.004422819739751121,7.244687036457865e-11,6.661338147750939e-16
6,13,48,30,0,30,0.004633609145147028,3.102715447494525e-11,4.440892098500626e-16
6,13,48,31,0,31,0.0042720373445005256,9.645933553236089e-11,5.551115123125783e-16
6,13,48,32,0,32,0.004488973158046944,8.167581572021516e-10,5.551115123125783e-16
6,13,48,33,0,33,0.0035442537570169867,3.2513521187695293e-10,4.440892098500626e-16
6,13,48,34,0,34,0.003961513149845493,3.213806343992427e-11,4.440892098500626e-16
6,13,48,35,0,35,0.004246696461250177,4.09049110617096e-11,4.440892098500626e-16
6,13,48,36,0,36,0.004098379089457437,6.291274467214825e-12,5.551115123125783e-16
6,13,48,37,0,37,0.004981691538535597,3.206344635848073e-11,6.661338147750939e-16
6,13,48,38,0,38,0.00455470741649951,1.3654377392894092e-11,7.771561172376096e-16
6,13,48,39,0,39,0.00522356045910703,1.7771873109534226e-09,4.440892098500626e-16
6,13,48,40,0,40,0.0030330186878592346,1.398375254537542e-10,5.551115123125783e-16
6,13,48,41,0,41,0.004893318333291649,2.193498725667739e-09,3.3306690738754696e-16
6,13,48,42,0,42,0.004686456738936484,2.628705242190863e-11,6.661338147750939e-16
6,13,48,43,0,43,0.004515296637354548,4.157612628295823e-10,5.551115123125783e-16
6,13,48,44,0,44,0.004084352074015922,3.913964995798861e-11,3.3306690738754696e-16
6,13,48,45,0,45,0.004974292690511713,8.048025792210402e-10,5.551115123125783e-16
6,13,48,46,0,46,0.004498097823806918,1.1530728145560448e-09,6.661338147750939e-16
6,13,48,47,0,47,0.0051745221865030075,1.6893779822493568e-11,5.551115123125783e-16
6,13,48,48,0,48,0.0052898054510574465,2.5111723291428295e-10,3.3306690738754696e-16
2,49,48,0,0,0,3.063719508153525e-05,,
2,49,48,1,0,1,5.6710198569572234e-05,5.7638366148603e-13,0.0
2,49,48,2,0,2,0.00010032706552689136,3.10728517825225e-13,0.0
2,49,48,3,0,3,0.00013019302225086488,3.2135186689412476e-12,0.0
2,49,48,4,0,4,0.0002254072138676889,2.7576049232786513e-11,6.661338147750939e-16
2,49,48,5,0,5,5.809141473367203e-05,4.755985692851915e-12,2.220446049250313e-16
2,49,48,6,0,6,0.000323147295188693,7.6267613396121e-13,3.3306690738754696e-16
2,49,48,7,0,7,0.00030373529463052225,1.5835961852323616e-11,3.3306690738754696e-16
2,49,48,8,0,8,8.444229189309681e-05,1.6588578407555973e-12,1.1102230246251565e-16
2,49,48,9,0,9,0.00012300793045776873,1.7579229137956953e-11,1.1102230246251565e-16
2,49,48,10,0,10,4.299443487288531e-05,2.2084348490675386e-11,6.661338147750939e-16
2,49,48,11,0,11,0.00024594501281593616,8.889639108002586e-12,3.3306690738754696e-16
2,49,48,12,0,12,1.5658723224768096e-05,1.4033707619935261e-11,4.440892098500626e-16
2,49,48,13,0,13,0.00011852741035095359,6.560826308123305e-12,9.992007221626409e-16
2,49,48,14,0,14,9.819597119338474e-05,8.81882328765727e-11,6.661338147750939e-16
2,49,48,15,0,15,0.00030813771253632535,1.3797772216236427e-10,4.440892098500626e-16
2,49,48,16,0,16,5.5947486538183716e-05,7.541178071071112e-11,5.551115123125783e-16
2,49,48,17,0,17,2.4077577983279652e-05,9.792837099529264e-12,7.771561172376096e-16
2,49,48,18,0,18,2.8973730810720362e-05,7.707361712949267e-11,8.881784197001252e-16
2,49,48,19,0,19,3.843825124617663e-05,6.787718527783649e-11,4.440892098500626e-16
2,49,48,20,0,20,3.278602348344821e-05,9.884451504686624e-11,7.771561172376096e-16
2,49,48,21,0,21,2.3827741288909377e-05,4.665440794240693e-11,3.3306690738754696e-16
2,49,48,22,0,22,8.356541569771505e-05,1.3849828020452787e-11,4.440892098500626e-16
2,49,48,23,0,23,0.00013089804111665273,2.583231466028215e-10,4.440892098500626e-16
2,49,48,24,0,24,3.314119830985438e-05,3.430676464433013e-11,6.661338147750939e-16
2,49,48,25,0,25,3.717204666405072e-05,1.2546987914750052e-10,6.661338147750939e-16
2,49,48,26,1,26,4.01030040256148e-05,4.209842913549453e-10,5.551115123125783e-16
2,49,48,27,0,27,2.4427233721434833e-05,3.87369322483612e-11,5.551115123125783e-16
2,49,48,28,0,28,1.4130944922024158e-05,4.1441762056793636e-10,2.220446049250313e-16
2,49,48,29,0,29,0.00012071031958682494,1.602772588215082e-11,6.661338147750939e-16
2,49,48,30,0,30,1.0462873227913161e-05,1.9800008874190123e-10,4.440892098500626e-16
2,49,48,31,0,31,3.4284218083163926e-05,5.024058815921195e-10,7.771561172376096e-16
2,49,48,32,0,32,2.4188922471477358e-05,1.1216630057540585e-10,4.440892098500626e-16
2,49,48,33,0,33,1.8394518940118955e-05,1.2533397985555309e-10,8.881784197001252e-16
2,49,48,34,0,34,4.621029495084554e-06,3.6847616890096157e-10,7.771561172376096e-16
2,49,48,35,0,35,2.275188760478629e-06,9.214620160864629e-11,8.881784197001252e-16
2,49,48,36,0,36,2.3479076401285634e-05,1.8129348501537007e-10,7.771561172376096e-16
2,49,48,37,0,37,2.9454970096060343e-05,2.298919634701255e-09,6.661338147750939e-16
2,49,48,38,0,38,4.608452132415616e-05,5.769706930412403e-11,1.2212453270876722e-15
2,49,48,39,0,39,9.12554590962765e-06,8.218331398567216e-10,5.551115123125783e-16
2,49,48,40,0,40,2.5067922112929226e-05,1.0639006714740008e-09,5.551115123125783e-16
2,49,48,41,0,41,4.913654743937885e-05,1.596412509063629e-10,6.661338147750939e-16
2,49,48,42,0,42,3.8546742181859955e-05,1.986125958254511e-09,4.440892098500626e-16
2,49,48,43,0,43,5.003932745980815e-06,2.5934730471045916e-10,6.661338147750939e-16
2,49,48,44,0,44,3.590915938061534e-05,6.671339512800686e-11,5.551115123125783e-16
2,49,48,45,1,45,2.390856852395847e-05,1.4129991615953086e-09,6.661338147750939e-16
2,49,48,46,0,46,2.4654519503155375e-06,2.5039601894425495e-10,4.440892098500626e-16
2,49,48,47,0,47,1.4762927237698936e-06,2.8569331967054433e-10,5.551115123125783e-16
2,49,48,48,0,48,4.135944138950442e-05,3.1815241080469796e-11,4.440892098500626e-16
2,49,49,49,0,49,4.007183934117759e-05,1.5505538419089574e-11,4.440892098500626e-16
5,16,48,0,0,0,0.004501596589558847,,
5,16,48,1,0,1,0.006213137473360127,8.784416143749786e-15,1.1102230246251565e-16
5,16,48,2,0,2,0.00642648738952694,9.142614835330961e-14,0.0
5,16,48,3,0,3,0.00585705551684516,2.147156122552119e-13,3.3306690738754696e-16
5,16,48,4,0,4,0.006108209935498456,2.744324504171181e-13,4.440892098500626e-16
5,16,48,5,0,5,0.006005068908547974,2.5777749168240713e-13,2.220446049250313e-16
5,16,48,6,0,6,0.0063224958752918295,8.621746115196528e-13,3.3306690738754696e-16
5,16,48,7,0,7,0.0073716288230219066,1.341445288861307e-12,4.440892098500626e-16
5,16,48,8,0,8,0.006342280547600299,1.3656115591279303e-12,5.551115123125783e-16
5,16,48,9,0,9,0.006181790086379516,4.951685274060005e-13,2.220446049250313e-16
5,16,48,10,0,10,0.005247708692382946,4.512851137923897e-12,3.3306690738754696e-16
5,16,48,11,0,11,0.005202782608723677,1.9715460960574417e-12,5.551115123125783e-16
5,16,48,12,0,12,0.007026457955446782,2.0616769806014397e-12,4.440892098500626e-16
5,16,48,13,0,13,0.006181722587133605,2.1970856649011117e-12,5.551115123125783e-16
5,16,48,14,0,14,0.00660485813416628,3.102869953540989e-12,4.440892098500626e-16
5,16,48,15,0,15,0.0053622607951937335,4.1317369826672815e-12,4.440892098500626e-16
5,16,48,16,0,16,0.006594829062246422,1.4354315249957281e-11,5.551115123125783e-16
5,16,48,17,0,17,0.007889762365259885,1.980685030010238e-11,2.220446049250313e-16
5,16,48,18,0,18,0.0063544996389597016,9.519364074414599e-12,3.3306690738754696e-16
5,16,48,19,0,19,0.006506837342519551,1.1270617665860198e-11,4.440892098500626e-16
5,16,48,20,0,20,0.006663347300744764,1.4259559728487454e-12,5.551115123125783e-16
5,16,48,21,0,21,0.0063646767737643665,2.385487318845482e-11,7.771561172376096e-16
5,16,48,22,0,22,0.006152462805847895,4.226476526933057e-12,7.771561172376096e-16
5,16,48,23,0,23,0.008017276788410545,7.110687347019312e-11,5.551115123125783e-16
5,16,48,24,0,24,0.007230034040031268,7.321431182665225e-10,3.3306690738754696e-16
5,16,49,25,0,25,0.0003202265487836797,3.864624502240435e-11,4.440892098500626e-16
5,16,49,26,0,26,0.00031622952393944615,1.3991147744398007e-10,6.661338147750939e-16
5,16,49,27,0,27,0.000749832365583772,5.309451653128915e-11,2.220446049250313e-16
5,16,49,28,0,28,0.0004658514902924219,1.2164244112454793e-10,3.3306690738754696e-16
5,16,49,29,0,29,0.001131282591882142,9.935147717744866e-11,3.3306690738754696e-16
5,16,49,30,0,30,0.0012754568342649424,1.0327875303953341e-11,5.551115123125783e-16
5,16,49,31,0,31,0.0010868296814084573,5.336467613248246e-10,4.440892098500626e-16
5,16,49,32,0,32,0.0019154754328501518,1.1960219263709268e-10,3.3306690738754696e-16
5,16,49,33,0,33,0.0012372069564493408,2.493770551051162e-10,3.3306690738754696e-16
5,16,49,34,0,34,0.001385011219191719,4.694256292571985e-08,2.3314683517128287e-15
5,16,49,35,0,35,0.0015725796458759898,3.881977361568365e-09,4.440892098500626e-16
5,16,49,36,0,36,0.0017219492541327415,8.764217498171441e-11,4.440892098500626e-16
5,16,49,37,0,37,0.0016803015003950112,6.715044251154823e-11,4.440892098500626e-16
5,16,49,38,0,38,0.0016038322738689073,6.589452682585117e-11,4.440892098500626e-16
5,16,49,39,0,39,0.0019127257529312066,6.244687611052694e-11,6.661338147750939e-16
5,16,49,40,0,40,0.0014932998138057444,1.873244689606268e-11,3.3306690738754696e-16
5,16,49,41,0,41,0.002329220754653567,6.190943690956698e-11,4.440892098500626e-16
5,16,49,42,0,42,0.002564280514555353,2.1837851763105505e-10,5.551115123125783e-16
5,16,49,43,0,43,0.002463522167768214,2.760091765948526e-10,4.440892098500626e-16
5,16,49,44,0,44,0.002222564780667183,3.870957591990712e-11,3.3306690738754696e-16
5,16,49,45,0,45,0.0022948625898962078,6.433733555691328e-11,5.551115123125783e-16
5,16,49,46,0,46,0.0022390108139128864,1.7498801903503227e-10,3.3306690738754696e-16
5,16,49,47,0,47,0.002518065192286748,2.1965694159313914e-10,5.551115123125783e-16
5,16,49,48,0,48,0.002304150873385598,1.1241200205213536e-11,5.551115123125783e-16
5,16,49,49,0,49,0.002291199633918901,1.0245286480212783e-11,6.661338147750939e-16
3,29,48,0,0,0,0.0071125351032335065,,
3,29,48,1,0,1,0.005881723693992998,7.609062603945201e-15,0.0
3,29,48,2,0,2,0.00676296430392426,2.5629373825413778e-14,0.0
3,29,48,3,0,3,0.007551234929685828,2.7204942610254806e-13,0.0
3,29,48,4,0,4,0.00634945483813314,2.4543340026601216e-12,2.220446049250313e-16
3,29,48,5,0,5,0.005775770142397999,4.976217461986437e-13,2.220446049250313e-16
3,29,48,6,0,6,0.005091769355836651,7.14301492898223e-13,2.220446049250313e-16
3,29,49,7,0,7,0.00010504650275133961,2.3364158465261673e-12,4.440892098500626e-16
3,29,49,8,0,8,0.0005043524946435802,3.826502401085599e-11,1.1102230246251565e-16
3,29,49,9,0,9,0.0004908760466135029,2.564039141046851e-12,3.3306690738754696e-16
3,29,49,10,0,10,0.0002515364679352809,2.515123803055855e-10,2.220446049250313e-16
3,29,49,11,0,11,0.0007131548880663588,1.4116366947238222e-11,1.1102230246251565e-16
3,29,49,12,0,12,0.00035536037486805027,2.148566454168825e-11,5.551115123125783e-16
3,29,49,13,0,13,0.0009904170624778434,1.4618893557420363e-10,3.3306690738754696e-16
3,29,49,14,0,14,0.001118078288704283,9.100689520639597e-10,0.0
3,29,49,15,0,15,0.0010023683923026819,7.717932788565703e-11,5.551115123125783e-16
3,29,49,16,0,16,0.0012043242731519964,2.7986116079591737e-11,5.551115123125783e-16
3,29,49,17,0,17,0.0011399581751327264,9.321521815818548e-12,5.551115123125783e-16
3,29,49,18,0,18,0.0006912820311665042,1.1167433114531338e-10,5.551115123125783e-16
3,29,49,19,0,19,0.0010981173037673284,4.079683692229346e-09,5.551115123125783e-16
3,29,49,20,0,20,0.0009885748752857923,2.0050508825764106e-10,5.551115123125783e-16
3,29,49,21,0,21,0.0016541483110355973,7.67054978865902e-12,4.440892098500626e-16
3,29,49,22,0,22,0.00047736803717021736,2.214206278761303e-11,4.440892098500626e-16
3,29,49,23,0,23,0.0005395157566654983,5.2532647452045185e-11,7.771561172376096e-16
3,29,49,24,0,24,0.0005232118246106809,1.3078878512349363e-10,4.440892098500626e-16
3,29,49,25,0,25,0.0016099531297034083,1.0640851167066378e-10,3.3306690738754696e-16
3,29,49,26,0,26,0.0016270418197901896,1.4146452996492435e-11,5.551115123125783e-16
3,29,49,27,0,27,0.0008386608859756469,1.6959301000213767e-10,5.551115123125783e-16
3,29,49,28,0,28,0.001460949763965717,1.2959378773505416e-09,5.551115123125783e-16
3,29,49,29,0,29,0.001155068857794302,2.4145149963810713e-10,4.440892098500626e-16
3,29,49,30,0,30,0.0002345599715029529,1.397666037390006e-10,5.551115123125783e-16
3,29,49,31,0,31,0.0012736648643894579,1.1976153052293397e-10,5.551115123125783e-16
3,29,49,32,0,32,0.0010283728687533848,1.326769400383434e-10,3.3306690738754696e-16
3,29,49,33,0,33,0.0008678171006648417,5.2263964333830175e-11,6.661338147750939e-16
3,29,49,34,0,34,0.0008234131874428321,1.5880111725826885e-10,6.661338147750939e-16
3,29,49,35,0,35,0.001487822191846729,2.37152739619286e-10,5.551115123125783e-16
3,29,49,36,0,36,0.0017080984540586083,1.4019495005283638e-10,7.771561172376096e-16
3,29,49,37,0,37,0.0008429836274009265,3.3134799110689746e-11,3.3306690738754696e-16
3,29,49,38,0,38,0.0007512253005018978,8.15864717597143e-10,5.551115123125783e-16
3,29,49,39,0,39,0.0005898672773731777,1.2495343595224375e-10,4.440892098500626e-16
3,29,49,40,0,40,0.0009565117843835875,1.4909746129896872e-10,9.992007221626409e-16
3,29,49,41,0,41,0.0015368951802807722,1.556898955209337e-10,8.881784197001252e-16
3,29,49,42,0,42,0.0009459981019781752,8.478938336223602e-10,7.771561172376096e-16
3,29,49,43,0,43,0.0009542161054481577,8.568943498928918e-11,6.661338147750939e-16
3,29,49,44,0,44,0.0003627858069566181,4.4875430138947985e-10,5.551115123125783e-16
3,29,49,45,0,45,0.0009932511565836583,1.0541028072864742e-10,6.661338147750939e-16
3,29,49,46,0,46,0.0015875806028891,1.3859177691973348e-11,4.440892098500626e-16
3,29,49,47,0,47,0.0014075971684228286,1.891421278844718e-10,4.440892098500626e-16
3,29,49,48,0,48,0.0008932888719498517,1.0763603088313577e-11,4.440892098500626e-16
3,29,49,49,0,49,0.0013065119875678938,5.6105466292806405e-12,5.551115123125783e-16
2,50,49,0,0,0,0.00012436153663666465,,
2,50,49,1,0,1,1.6135720982933858e-05,8.718135241613365e-13,1.1102230246251565e-16
2,50,49,2,0,2,6.363862883077398e-06,9.797910499241857e-12,4.440892098500626e-16
2,50,49,3,0,3,0.00010310819175886285,3.2866483380835553e-13,2.220446049250313e-16
2,50,49,4,0,4,7.142765931346752e-05,8.374123486838637e-13,5.551115123125783e-16
2,50,49,5,0,5,0.0003116327648597955,4.633123007742925e-13,2.220446049250313e-16
2,50,49,6,0,6,0.00027238442393977437,5.558325120773904e-12,7.771561172376096e-16
2,50,49,7,0,7,9.187895206189008e-05,1.3672228184178402e-12,4.440892098500626e-16
2,50,49,8,0,8,6.115089509983382e-06,1.12392895068441e-11,4.440892098500626e-16
2,50,49,9,0,9,7.232233856363492e-05,1.6746064636485832e-11,4.440892098500626e-16
2,50,49,10,0,10,0.00010486830005517327,6.571343008376991e-12,4.440892098500626e-16
2,50,49,11,0,11,7.966590139242236e-05,1.0304382203547409e-10,2.220446049250313e-16
2,50,49,12,0,12,5.878634152073751e-06,2.0905538466289258e-11,5.551115123125783e-16
2,50,49,13,0,13,2.9700526123083475e-05,9.220354122566333e-12,8.881784197001252e-16
2,50,49,14,0,14,3.727554840193777e-05,8.577606703591048e-11,6.661338147750939e-16
2,50,49,15,0,15,3.877212769621454e-05,9.908109964403537e-12,4.440892098500626e-16
2,50,49,16,0,16,3.368647685512816e-05,5.808395901831424e-11,6.661338147750939e-16
2,50,49,17,0,17,2.7467231606671382e-05,2.0274930740918526e-11,4.440892098500626e-16
2,50,49,18,0,18,1.649287783402786e-05,1.3306189536288668e-11,4.440892098500626e-16
2,50,49,19,0,19,0.000214854890719239,7.91912855084166e-11,3.3306690738754696e-16
2,50,49,20,0,20,0.0001727560012595966,2.5814154144415295e-11,6.661338147750939e-16
2,50,49,21,0,21,4.409971641756278e-05,3.601795129685778e-11,4.440892098500626e-16
2,50,49,22,0,22,3.4571995342748785e-05,2.1538880453879386e-10,6.661338147750939e-16
2,50,49,23,0,23,0.00018921894675388867,1.2979021128927511e-10,3.3306690738754696e-16
2,50,49,24,0,24,1.411814525742382e-05,8.118582918515191e-09,3.3306690738754696e-16
2,50,49,25,0,25,5.34792880730358e-05,3.008930041781977e-11,5.551115123125783e-16
2,50,49,26,0,26,2.0665002335410446e-05,8.304243768333534e-11,5.551115123125783e-16
2,50,49,27,0,27,1.2806921023266333e-05,4.768458118263179e-11,5.551115123125783e-16
2,50,49,28,0,28,4.083500094361838e-05,2.2825971784265192e-10,5.551115123125783e-16
2,50,49,29,0,29,5.019814531926839e-05,1.733683332472334e-10,2.220446049250313e-16
2,50,49,30,0,30,1.4168954366396972e-06,2.545582812024959e-10,4.440892098500626e-16
2,50,49,31,0,31,9.438096956018825e-05,6.333809321203716e-10,5.551115123125783e-16
2,50,49,32,0,32,0.00012672254425949878,4.146945630193852e-10,7.771561172376096e-16
2,50,49,33,0,33,4.303489818985349e-06,9.387852740192411e-11,6.661338147750939e-16
2,50,49,34,0,34,1.244193507135074e-05,1.1256460154667332e-09,5.551115123125783e-16
2,50,49,35,0,35,6.177039780742407e-05,9.097979502756613e-10,6.661338147750939e-16
2,50,49,36,0,36,5.7385250837434096e-05,7.852414509190722e-11,5.551115123125783e-16
2,50,49,37,0,37,4.142511712892479e-05,2.4862304375364985e-09,4.440892098500626e-16
2,50,49,38,0,38,9.639775085188951e-05,5.225238909248504e-11,5.551115123125783e-16
2,50,49,39,0,39,2.0371812283773503e-05,4.076516858627975e-10,5.551115123125783e-16
2,50,49,40,0,40,1.891912875143707e-06,3.617482577908946e-10,4.440892098500626e-16
2,50,49,41,0,41,4.524629940701055e-06,5.515457793096683e-10,6.661338147750939e-16
2,50,49,42,0,42,1.4077583918011597e-05,2.9797905037782167e-10,4.440892098500626e-16
2,50,49,43,0,43,5.813820899820554e-05,5.505790096930947e-11,5.551115123125783e-16
2,50,49,44,0,44,1.2919133488566065e-05,8.1922622536978e-11,9.992007221626409e-16
2,50,49,45,0,45,8.199976723974824e-06,1.842030609400452e-09,8.881784197001252e-16
2,50,49,46,0,46,2.2633750142541472e-05,2.525043093584986e-10,7.771561172376096e-16
2,50,49,47,1,47,3.194800742666348e-05,5.0229451205035136e-11,5.551115123125783e-16
2,50,49,48,0,48,4.6611825575941365e-06,1.5589914892951288e-10,5.551115123125783e-16
2,50,49,49,0,49,6.89082353164277e-05,5.710626613736012e-11,5.551115123125783e-16
2,50,50,50,0,50,1.5761845235693678e-06,9.420612449997057e-11,8.881784197001252e-16
4,21,49,0,0,0,0.005694367066452937,,
4,21,49,1,0,1,0.006246064841865178,6.730676802771972e-15,1.1102230246251565e-16
4,21,49,2,0,2,0.006486263440372867,4.10242611601617e-13,1.1102230246251565e-16
4,21,49,3,0,3,0.00699410398928938,2.849023924391835e-13,0.0
4,21,49,4,0,4,0.006307764481154443,2.061423199202989e-13,1.1102230246251565e-16
4,21,49,5,0,5,0.0070515171220337,9.486076355794873e-13,0.0
4,21,49,6,0,6,0.006341320415961107,3.4172920738174026e-12,2.220446049250313e-16
4,21,49,7,0,7,0.007878712724977996,4.073431698603547e-12,3.3306690738754696e-16
4,21,49,8,0,8,0.0069745242128708305,1.0676137672193988e-11,4.440892098500626e-16
4,21,49,9,0,9,0.006301445032035514,8.870788911092678e-12,4.440892098500626e-16
4,21,49,10,0,10,0.00786318161292943,1.770970848149666e-11,3.3306690738754696e-16
4,21,49,11,0,11,0.005849229795923196,3.034021636281672e-12,5.551115123125783e-16
4,21,49,12,0,12,0.005503579191806048,2.494462281532088e-12,3.3306690738754696e-16
4,21,49,13,0,13,0.006457093864149295,4.111589972233601e-12,2.220446049250313e-16
4,21,49,14,0,14,0.007928447435757423,1.6855002741523404e-12,1.1102230246251565e-16
4,21,50,15,0,15,0.00010868971295337146,3.8255124929793894e-11,4.440892098500626e-16
4,21,50,16,0,16,0.00014820914076046768,1.7930552706137307e-11,7.771561172376096e-16
4,21,50,17,0,17,0.0005326513322295077,1.4906945428185708e-10,6.661338147750939e-16
4,21,50,18,0,18,0.0010332443023039722,6.130849825853425e-12,3.3306690738754696e-16
4,21,50,19,0,19,0.000844242915736216,5.1261096923663494e-11,5.551115123125783e-16
4,21,50,20,0,20,0.0004251284154036573,1.1603094617949455e-09,6.661338147750939e-16
4,21,50,21,0,21,0.0008864010291026686,5.0265678350763946e-11,5.551115123125783e-16
4,21,50,22,0,22,0.0012373457557994165,1.0348933604601e-11,3.3306690738754696e-16
4,21,50,23,0,23,0.0014030186564952965,4.75491695177511e-10,6.661338147750939e-16
4,21,50,24,0,24,0.0016123201967166683,3.047011889551468e-10,3.3306690738754696e-16
4,21,50,25,0,25,0.001448913387157022,5.079906528646879e-11,3.3306690738754696e-16
4,21,50,26,0,26,0.0019539529465943187,2.857320761885337e-10,3.3306690738754696e-16
4,21,50,27,0,27,0.0014046500095202322,1.2774326918537576e-10,3.3306690738754696e-16
4,21,50,28,0,28,0.0018262231793796063,4.843946307043493e-11,7.771561172376096e-16
4,21,50,29,0,29,0.0014550716098381807,9.969134166299417e-11,6.661338147750939e-16
4,21,50,30,0,30,0.001938226645815182,1.8163461666522296e-10,5.551115123125783e-16
4,21,50,31,0,31,0.0014443107632215897,7.043061712687308e-11,3.3306690738754696e-16
4,21,50,32,0,32,0.00197301505561559,2.5726168153984286e-10,4.440892098500626e-16
4,21,50,33,0,33,0.001853285524108095,5.211290384607997e-11,5.551115123125783e-16
4,21,50,34,0,34,0.0015066248196813083,5.852478669680818e-10,4.440892098500626e-16
4,21,50,35,0,35,0.0019441239255630102,5.3899430993322885e-11,3.3306690738754696e-16
4,21,50,36,0,36,0.0019276814081111047,5.744284653425797e-11,6.661338147750939e-16
4,21,50,37,0,37,0.0022963297287590294,8.112950078292926e-11,5.551115123125783e-16
4,21,50,38,0,38,0.001973278880722039,8.028665113613686e-11,4.440892098500626e-16
4,21,50,39,0,39,0.0019737184024071533,1.1905045345961884e-10,5.551115123125783e-16
4,21,50,40,0,40,0.0023482740084518504,1.0532027265013935e-10,5.551115123125783e-16
4,21,50,41,0,41,0.0022521876851210264,7.772658107434386e-11,4.440892098500626e-16
4,21,50,42,0,42,0.002431392266061319,1.0226519436643315e-11,1.1102230246251565e-15
4,21,50,43,0,43,0.003221004745765625,7.586073883740245e-11,4.440892098500626e-16
4,21,50,44,0,44,0.0031680612662239103,9.455440539438036e-11,4.440892098500626e-16
4,21,50,45,0,45,0.0023645907329232804,2.656862288774825e-09,5.551115123125783e-16
4,21,50,46,0,46,0.0030495559435655796,3.935600034468654e-11,5.551115123125783e-16
4,21,50,47,0,47,0.0028501296189408234,7.778399710021288e-11,5.551115123125783e-16
4,21,50,48,0,48,0.0032442848690049085,2.319818341364506e-11,5.551115123125783e-16
4,21,50,49,0,49,0.0020151190267238936,4.228248376036332e-11,4.440892098500626e-16
4,21,50,50,0,50,0.0014950880710510994,3.8437008556072765e-11,6.661338147750939e-16
8,10,49,0,0,0,0.007651742069452834,,
8,10,49,1,0,1,0.008184881334133915,6.554563702747892e-15,1.1102230246251565e-16
8,10,49,2,0,2,0.008605060795901837,2.6847448989750345e-14,1.1102230246251565e-16
8,10,49,3,0,3,0.00890536547309792,2.7633548160382722e-12,0.0
8,10,49,4,0,4,0.007768848501780729,2.1611131173216308e-13,2.220446049250313e-16
8,10,49,5,0,5,0.008728507329104589,8.01709968606457e-12,2.220446049250313e-16
8,10,49,6,0,6,0.008783013747977278,1.7312680444467767e-12,7.771561172376096e-16
8,10,49,7,0,7,0.009250489196973029,1.3765981655226318e-12,1.1102230246251565e-16
8,10,49,8,0,8,0.009250089303367123,9.461401600142776e-13,2.220446049250313e-16
8,10,49,9,0,9,0.00890187573217087,2.3396676440507903e-11,3.3306690738754696e-16
8,10,49,10,0,10,0.00984243793196177,5.742290940672357e-12,4.440892098500626e-16
8,10,49,11,0,11,0.009510734550953815,1.0407450228237062e-11,4.440892098500626e-16
8,10,49,12,0,12,0.00879249167905718,7.060580078577852e-12,5.551115123125783e-16
8,10,49,13,0,13,0.009809877058495108,2.3565212486049888e-11,3.3306690738754696e-16
8,10,49,14,0,14,0.012305357741073636,1.4141491327493627e-12,5.551115123125783e-16
8,10,50,15,0,15,6.090869025897678e-05,3.640627415651961e-11,5.551115123125783e-16
8,10,50,16,0,16,0.00036804441212420503,3.7438494635839486e-11,2.220446049250313e-16
8,10,50,17,0,17,0.00016013999093121038,3.3733317824840147e-09,5.551115123125783e-16
8,10,50,18,0,18,0.0004106769555463117,2.044517808297528e-10,3.3306690738754696e-16
8,10,50,19,0,19,0.000613151797479718,1.472070980089538e-10,3.3306690738754696e-16
8,10,50,20,0,20,0.001250886237804583,6.458301103061536e-11,4.440892098500626e-16
8,10,50,21,0,21,0.0010622637836450774,3.3440312098080164e-11,7.771561172376096e-16
8,10,50,22,0,22,0.0012853277346902853,8.726283995330458e-11,7.771561172376096e-16
8,10,50,23,0,23,0.0015361056747287976,1.1482435784581625e-10,4.440892098500626e-16
8,10,50,24,0,24,0.0012470431763497104,5.751777651345193e-11,7.771561172376096e-16
8,10,50,25,0,25,0.0019386178153372017,3.139101583729847e-11,6.661338147750939e-16
8,10,50,26,0,26,0.0025592279195285716,1.1987521087122448e-11,6.661338147750939e-16
8,10,50,27,0,27,0.002575870013337478,6.409341790103709e-10,5.551115123125783e-16
8,10,50,28,0,28,0.0022863819356179075,4.6987298977417674e-11,5.551115123125783e-16
8,10,50,29,0,29,0.002322180525439343,1.4438490961571334e-10,3.3306690738754696e-16
8,10,50,30,0,30,0.0031078551000433947,1.8724923131361002e-08,7.771561172376096e-16
8,10,50,31,0,31,0.0026058079533460643,2.9575568485110846e-11,6.661338147750939e-16
8,10,50,32,0,32,0.003705944850554291,6.043640858022912e-10,6.661338147750939e-16
8,10,50,33,0,33,0.002460719589153142,2.2486600148976585e-09,6.661338147750939e-16
8,10,50,34,0,34,0.002763796309545722,5.406441736790172e-11,6.661338147750939e-16
8,10,50,35,0,35,0.00374025173583391,2.097217595967243e-10,4.440892098500626e-16
8,10,50,36,0,36,0.003947116411185697,3.247711540222384e-11,3.3306690738754696e-16
8,10,50,37,0,37,0.0033189459257653843,9.999694301429546e-12,7.771561172376096e-16
8,10,50,38,0,38,0.0037825924760504733,1.1775841192666276e-10,4.440892098500626e-16
8,10,50,39,0,39,0.003557100610522481,3.196462823382074e-10,4.440892098500626e-16
8,10,50,40,0,40,0.003348294357750099,2.2786776419057315e-10,3.3306690738754696e-16
8,10,50,41,0,41,0.004796769506494055,8.061227517972937e-10,5.551115123125783e-16
8,10,50,42,0,42,0.004364063339343328,1.6001084497394362e-10,3.3306690738754696e-16
8,10,50,43,0,43,0.00434345267312398,7.195247543788805e-11,5.551115123125783e-16
8,10,50,44,0,44,0.004207210522177506,9.51614938596264e-12,5.551115123125783e-16
8,10,50,45,0,45,0.004827161799932326,3.1430138804796545e-10,7.771561172376096e-16
8,10,50,46,0,46,0.005103948178906602,3.1410245299017284e-11,4.440892098500626e-16
8,10,50,47,0,47,0.004097357364557493,2.0442190614095384e-11,5.551115123125783e-16
8,10,50,48,0,48,0.004977403639368498,7.552557612366905e-12,4.440892098500626e-16
8,10,50,49,0,49,0.004218194802894581,2.0413149255644727e-11,5.551115123125783e-16
8,10,50,50,0,50,0.0038929458463180986,1.07668151899724e-11,4.440892098500626e-16
2,51,50,0,0,0,0.0006056290576953327,,
2,51,50,1,0,1,3.015094242830358e-06,1.7874957267968657e-12,0.0
2,51,50,2,0,2,0.00014348321939530725,2.2792056913654243e-13,0.0
2,51,50,3,0,3,0.00028506115914980664,2.2405342108426047e-12,2.220446049250313e-16
2,51,50,4,0,4,0.00019478845550604122,9.242904186978605e-13,4.440892098500626e-16
2,51,50,5,0,5,0.0006894870551374776,1.6294985817358163e-10,5.551115123125783e-16
2,51,50,6,0,6,3.141849452007486e-05,1.889132123204668e-12,9.992007221626409e-16
2,51,50,7,0,7,0.00011303534883725473,6.562070120638585e-12,3.3306690738754696e-16
2,51,50,8,0,8,5.3487597003557624e-05,2.2308827764308487e-12,2.220446049250313e-16
2,51,50,9,0,9,5.199563974528082e-05,2.7041040994652262e-12,4.440892098500626e-16
2,51,50,10,0,10,0.00010570373391135042,3.175515357002293e-11,4.440892098500626e-16
2,51,50,11,0,11,0.00023552776809390765,7.286598190716598e-11,4.440892098500626e-16
2,51,50,12,0,12,1.4650089027082005e-05,1.2182922545915182e-11,1.1102230246251565e-16
2,51,50,13,0,13,8.526126096322496e-05,5.658061834243658e-11,3.3306690738754696e-16
2,51,50,14,0,14,0.0001966906767866574,2.0105083391672654e-11,5.551115123125783e-16
2,51,50,15,0,15,0.0003121349207048048,1.2595335989059722e-11,6.661338147750939e-16
2,51,50,16,0,16,1.197918219291965e-05,2.0953280443215152e-11,4.440892098500626e-16
2,51,50,17,0,17,0.00022031399178010962,1.609859204090171e-11,4.440892098500626e-16
2,51,50,18,0,18,2.4339595122991044e-05,8.114934720041092e-11,3.3306690738754696e-16
2,51,50,19,0,19,6.076863642409629e-05,8.0023459138299e-09,4.440892098500626e-16
2,51,50,20,0,20,0.00015429640746464842,1.1335120682573714e-11,1.1102230246251565e-15
2,51,50,21,0,21,0.00019278066678308036,1.9480886681902737e-11,3.3306690738754696e-16
2,51,50,22,0,22,1.6778827232475507e-05,1.7384647021859684e-10,5.551115123125783e-16
2,51,50,23,0,23,5.777043876610272e-05,4.645436111506626e-11,4.440892098500626e-16
2,51,50,24,0,24,1.116126868634602e-05,1.299219361334377e-10,7.771561172376096e-16
2,51,50,25,0,25,2.0056753724574615e-05,4.089455737853619e-11,6.661338147750939e-16
2,51,50,26,0,26,5.381564900758215e-05,3.472398561235171e-11,6.661338147750939e-16
2,51,50,27,0,27,3.229104988816334e-05,1.3832331754015552e-09,3.3306690738754696e-16
2,51,50,28,0,28,6.394157338207799e-06,1.525957742362444e-10,7.771561172376096e-16
2,51,50,29,0,29,2.797957880026429e-05,3.1895996244441144e-10,5.551115123125783e-16
2,51,50,30,0,30,0.00011159071790236168,1.6810729634186694e-10,4.440892098500626e-16
2,51,50,31,0,31,2.7029903935411617e-06,5.786772941137543e-11,7.771561172376096e-16
2,51,50,32,0,32,2.4571298651360833e-05,2.4638651449828223e-10,7.771561172376096e-16
2,51,50,33,0,33,3.6593774960003043e-05,1.4858083903075863e-10,5.551115123125783e-16
2,51,50,34,0,34,4.130986271161473e-05,7.444128686990574e-11,7.771561172376096e-16
2,51,50,35,0,35,3.970312772153629e-05,2.1274235951416604e-10,5.551115123125783e-16
2,51,50,36,0,36,4.880948628479777e-05,6.564388669760295e-11,6.661338147750939e-16
2,51,50,37,0,37,3.3026366481056867e-06,2.162519962411295e-09,6.661338147750939e-16
2,51,50,38,0,38,2.012426430811902e-05,2.5458537132099902e-09,7.771561172376096e-16
2,51,50,39,0,39,1.462379529195916e-05,7.906085343815796e-11,4.440892098500626e-16
2,51,50,40,0,40,6.1024670594733596e-05,1.9300845124085334e-10,3.3306690738754696e-16
2,51,50,41,0,41,2.0689349916076987e-05,3.0937810787823404e-10,7.771561172376096e-16
2,51,50,42,0,42,4.817766575424665e-05,1.2525003477451135e-10,5.551115123125783e-16
2,51,50,43,0,43,1.0234378907717258e-06,8.6179042896306e-10,5.551115123125783e-16
2,51,50,44,0,44,6.433217483779541e-05,9.392635822900731e-11,5.551115123125783e-16
2,51,50,45,0,45,4.733109276977785e-05,2.6996611497381917e-09,5.551115123125783e-16
2,51,50,46,0,46,7.89884885708425e-06,1.131953914297404e-10,4.440892098500626e-16
2,51,50,47,0,47,3.0838801962773757e-06,4.3158667335404896e-10,8.881784197001252e-16
2,51,50,48,0,48,3.3273802550773543e-05,4.578753674397735e-10,6.661338147750939e-16
2,51,50,49,0,49,1.6594122900695484e-05,4.097095237530625e-11,5.551115123125783e-16
2,51,50,50,0,50,4.770138516773349e-06,6.557196956326978e-11,5.551115123125783e-16
2,51,51,51,0,51,5.334422772171689e-07,1.083709699257747e-09,5.551115123125783e-16
9,9,50,0,0,0,0.005021969616996526,,
9,9,50,1,0,1,0.005221778098552348,1.2478825633949204e-14,0.0
9,9,50,2,0,2,0.004896780736556212,9.871793439827796e-14,2.220446049250313e-16
9,9,50,3,0,3,0.006127188819023464,1.0334889899306048e-13,1.1102230246251565e-16
9,9,50,4,0,4,0.006163331315018072,3.058979564654289e-13,1.1102230246251565e-16
9,9,50,5,0,5,0.006361224573077064,2.9821623134125044e-13,2.220446049250313e-16
9,9,50,6,0,6,0.006125733444968027,5.934164846259861e-13,2.220446049250313e-16
9,9,50,7,0,7,0.0058282682378117305,1.4888894947698766e-12,1.1102230246251565e-16
9,9,50,8,0,8,0.00557580338742536,1.536443239810327e-11,2.220446049250313e-16
9,9,50,9,0,9,0.0060243567345570105,3.4466362811759132e-12,6.661338147750939e-16
9,9,50,10,0,10,0.006693046083000233,4.172249431456095e-12,2.220446049250313e-16
9,9,50,11,0,11,0.00658226504430655,2.238391937330637e-12,4.440892098500626e-16
9,9,50,12,0,12,0.006872863208030611,6.1302527895951314e-12,3.3306690738754696e-16
9,9,50,13,0,13,0.0060058802498572615,7.128863430034387e-12,3.3306690738754696e-16
9,9,50,14,0,14,0.007327614348443644,1.777446326270864e-12,3.3306690738754696e-16
9,9,50,15,0,15,0.006864286361935017,7.770062834445262e-13,3.3306690738754696e-16
9,9,50,16,0,16,0.006941521868381009,1.5343205262791885e-10,3.3306690738754696e-16
9,9,50,17,0,17,0.007086253725470156,3.907028215490657e-11,3.3306690738754696e-16
9,9,50,18,0,18,0.00720042772025476,9.259254249506015e-12,4.440892098500626e-16
9,9,50,19,0,19,0.006909280232015069,4.82161434325997e-12,3.3306690738754696e-16
9,9,50,20,0,20,0.007407744514517562,7.771704367485714e-12,6.661338147750939e-16
9,9,50,21,0,21,0.007373327256003131,3.740772728494951e-12,4.440892098500626e-16
9,9,50,22,0,22,0.007635226792077992,6.057778587299877e-11,6.661338147750939e-16
9,9,50,23,0,23,0.007723450255034372,5.777343552988635e-11,6.661338147750939e-16
9,9,50,24,0,24,0.006455038546756922,3.711352613654022e-12,3.3306690738754696e-16
9,9,50,25,0,25,0.00705302494323558,1.66995469283862e-11,4.440892098500626e-16
9,9,50,26,0,26,0.009102791254773293,5.8899503254239686e-12,2.220446049250313e-16
9,9,50,27,0,27,0.008538194890263036,1.0898662312222971e-11,4.440892098500626e-16
9,9,50,28,0,28,0.007647177089437784,1.3147198916086525e-11,2.220446049250313e-16
9,9,50,29,0,29,0.008606559637995954,9.690870721938792e-12,2.220446049250313e-16
9,9,51,30,0,30,2.0844604508213207e-05,1.2028645746109601e-09,4.440892098500626e-16
9,9,51,31,0,31,0.00043161640405272385,3.663269923502756e-10,5.551115123125783e-16
9,9,51,32,0,32,0.0006975157507839415,6.159746031869608e-11,6.661338147750939e-16
9,9,51,33,0,33,0.0003719101052346032,1.3918766053941761e-10,3.3306690738754696e-16
9,9,51,34,0,34,0.0005082081454028694,5.370746047444348e-11,5.551115123125783e-16
9,9,51,35,0,35,0.0010680743971575432,8.033157040078454e-10,7.771561172376096e-16
9,9,51,36,0,36,0.001148958367508071,2.354531924530363e-10,5.551115123125783e-16
9,9,51,37,0,37,0.001583700802232634,1.0669891861719278e-09,5.551115123125783e-16
9,9,51,38,0,38,0.001131114863861927,9.704276726847202e-10,5.551115123125783e-16
9,9,51,39,0,39,0.0017827231867107384,1.1268945136510234e-10,5.551115123125783e-16
9,9,51,40,0,40,0.001876219985748966,3.899103782344871e-09,6.661338147750939e-16
9,9,51,41,0,41,0.0019041042722996707,1.099599657557409e-09,4.440892098500626e-16
9,9,51,42,0,42,0.0021318395289080245,2.839889420428145e-10,7.771561172376096e-16
9,9,51,43,0,43,0.0024487265205044503,7.916771171108045e-11,7.771561172376096e-16
9,9,51,44,0,44,0.002299215602100223,6.083902118839958e-11,5.551115123125783e-16
9,9,51,45,0,45,0.0024176555447763333,1.2152618662050526e-08,6.661338147750939e-16
9,9,51,46,0,46,0.002667775260160787,3.3588551258164776e-11,5.551115123125783e-16
9,9,51,47,0,47,0.0030344627865192863,2.9070063653274012e-11,9.992007221626409e-16
9,9,51,48,0,48,0.002456428604216074,3.573293930914002e-11,4.440892098500626e-16
9,9,51,49,0,49,0.00286969378310184,2.4344210733747383e-11,7.771561172376096e-16
9,9,51,50,0,50,0.0027668910009737624,7.273463155546649e-09,4.440892098500626e-16
9,9,51,51,0,51,0.002705581549226451,1.0423071920159135e-11,5.551115123125783e-16
3,30,50,0,0,0,0.0038700553881674533,,
3,30,50,1,0,1,0.0035896273882886002,8.702790256734428e-15,0.0
3,30,50,2,0,2,0.004112350016429866,5.6600292206193635e-14,3.3306690738754696e-16
3,30,50,3,0,3,0.00435729987144035,1.6186657874850346e-13,1.1102230246251565e-16
3,30,50,4,0,4,0.004828346740220426,1.934290347518067e-13,2.220446049250313e-16
3,30,50,5,0,5,0.004121683523858704,1.0604572179590276e-12,3.3306690738754696e-16
3,30,50,6,0,6,0.003955639950780338,3.402038187082225e-13,7.771561172376096e-16
3,30,50,7,0,7,0.004040678004212596,1.0129300917939182e-12,4.440892098500626e-16
3,30,50,8,0,8,0.0049979621764795765,1.223117721144499e-12,1.1102230246251565e-16
3,30,50,9,0,9,0.004517917297363592,3.9627566206408463e-13,4.440892098500626e-16
3,30,50,10,0,10,0.0025611102347230315,4.143153179638229e-12,4.440892098500626e-16
3,30,50,11,0,11,0.0034923516659585876,3.656680748383802e-11,2.220446049250313e-16
3,30,50,12,0,12,0.000510179220109132,2.384108542076217e-10,6.661338147750939e-16
3,30,50,13,0,13,0.0023425487697135805,1.5493072470507776e-11,6.661338147750939e-16
3,30,50,14,0,14,0.0041144083384459795,2.189637384019291e-12,3.3306690738754696e-16
3,30,50,15,0,15,0.0034149799879824787,2.828644275391436e-11,5.551115123125783e-16
3,30,50,16,0,16,0.0032148470421334784,2.2721769267658195e-11,1.1102230246251565e-16
3,30,50,17,0,17,0.0036485279704833082,8.331498718057921e-12,2.220446049250313e-16
3,30,50,18,0,18,0.0035250620069814343,1.1200589655133641e-11,6.661338147750939e-16
3,30,50,19,0,19,0.001330646194465703,1.6831322305281126e-10,1.1102230246251565e-16
3,30,50,20,0,20,0.0031162117997088658,1.6045014406120652e-11,6.661338147750939e-16
3,30,51,21,0,21,0.0001023394407222434,4.0584758452140823e-11,8.881784197001252e-16
3,30,51,22,0,22,6.856899697390657e-05,1.180101757119629e-08,2.220446049250313e-16
3,30,51,23,0,23,6.246927640192735e-05,9.414958795557028e-10,2.220446049250313e-16
3,30,51,24,0,24,0.00016508737062417093,3.6021020119391265e-11,3.3306690738754696e-16
3,30,51,25,0,25,0.0003085644739042418,1.2211777606802958e-10,6.661338147750939e-16
3,30,51,26,0,26,0.00020748950479949766,6.75984832522247e-11,8.881784197001252e-16
3,30,51,27,0,27,0.0005632939192599662,3.3894799170343315e-09,3.3306690738754696e-16
3,30,51,28,0,28,0.0006098902492342219,2.643675620483915e-10,4.440892098500626e-16
3,30,51,29,0,29,0.0008497615170527732,1.0571392422945722e-10,4.440892098500626e-16
3,30,51,30,0,30,0.0001446789786779229,9.695747650883537e-11,4.440892098500626e-16
3,30,51,31,0,31,0.0006852780307867599,5.632083541509918e-11,5.551115123125783e-16
3,30,51,32,0,32,0.0003487019051447775,6.062431616035486e-11,6.661338147750939e-16
3,30,51,33,0,33,0.0007971085777658091,1.4490396521834706e-10,5.551115123125783e-16
3,30,51,34,0,34,0.00021637498201767613,1.3899870918749197e-10,5.551115123125783e-16
3,30,51,35,0,35,0.000571367998970622,3.965944113082749e-10,6.661338147750939e-16
3,30,51,36,0,36,0.0008284120025552037,3.883191944217803e-10,5.551115123125783e-16
3,30,51,37,0,37,0.0007286988993479528,2.0731828753078382e-10,5.551115123125783e-16
3,30,51,38,0,38,0.00031679427651174033,1.914888867150092e-10,6.661338147750939e-16
3,30,51,39,0,39,0.0006105343369313612,2.2302155726191185e-11,7.771561172376096e-16
3,30,51,40,0,40,0.0009639791376697227,2.93538992824414e-11,4.440892098500626e-16
3,30,51,41,0,41,0.0003974026414295057,1.9673439532491645e-10,6.661338147750939e-16
3,30,51,42,0,42,0.0009899697489513224,3.768987471661175e-11,6.661338147750939e-16
3,30,51,43,0,43,0.0008822768946458193,4.869701239313997e-11,7.771561172376096e-16
3,30,51,44,0,44,0.00027889956785190475,6.671459650500904e-10,4.440892098500626e-16
3,30,51,45,0,45,0.0005959197102730409,8.316982296129848e-10,6.661338147750939e-16
3,30,51,46,0,46,0.0009508028906059212,5.82406628702031e-11,7.771561172376096e-16
3,30,51,47,0,47,0.0007897884988188884,6.914457000277073e-11,6.661338147750939e-16
3,30,51,48,0,48,0.0011151810651135587,1.6594716863286686e-10,7.771561172376096e-16
3,30,51,49,0,49,0.000638508103510111,2.4304115909415375e-10,6.661338147750939e-16
3,30,51,50,0,50,0.0008968047811036827,3.528439814079911e-11,5.551115123125783e-16
3,30,51,51,0,51,0.001007790806538383,4.545479225369802e-11,6.661338147750939e-16
2,52,51,0,0,0,0.000388940657670968,,
2,52,51,1,0,1,5.173901413049577e-05,1.7079565257358636e-13,0.0
2,52,51,2,0,2,0.00035292205928146605,1.4073569077976328e-13,0.0
2,52,51,3,0,3,0.00014403133570539036,4.160861225184904e-13,3.3306690738754696e-16
2,52,51,4,0,4,0.000178849140247342,1.4198347073390223e-10,8.881784197001252e-16
2,52,51,5,0,5,6.787161232823059e-06,7.730198894510851e-12,5.551115123125783e-16
2,52,51,6,0,6,0.00018216495881150612,9.846557919595264e-12,2.220446049250313e-16
2,52,51,7,0,7,7.870811419396209e-05,1.2071946788720659e-12,5.551115123125783e-16
2,52,51,8,0,8,0.00010436238981619758,1.1765402809257099e-11,5.551115123125783e-16
2,52,51,9,0,9,2.161072606613416e-05,2.200281420594118e-11,2.220446049250313e-16
2,52,51,10,0,10,5.588439236042723e-05,2.5975454374646876e-11,3.3306690738754696e-16
2,52,51,11,0,11,0.00012405765179745198,8.59422555494659e-11,5.551115123125783e-16
2,52,51,12,0,12,0.00026935816805017504,1.3502501412572215e-11,5.551115123125783e-16
2,52,51,13,0,13,5.6198429359168526e-05,1.07155968744638e-11,5.551115123125783e-16
2,52,51,14,0,14,2.718525252856063e-05,1.2409284270450221e-11,4.440892098500626e-16
2,52,51,15,0,15,6.204365292249857e-05,1.1091221956007136e-10,3.3306690738754696e-16
2,52,51,16,0,16,7.609215764634154e-05,5.170952796357466e-09,5.551115123125783e-16
2,52,51,17,0,17,0.00019232080137936304,1.6526049736560985e-10,9.992007221626409e-16
2,52,51,18,0,18,0.00024288677810467576,2.6100805687430518e-11,3.3306690738754696e-16
2,52,51,19,0,19,6.853625056438875e-06,6.842748201637019e-10,2.220446049250313e-16
2,52,51,20,0,20,0.00010127271286554402,3.0252246666518093e-10,6.661338147750939e-16
2,52,51,21,0,21,2.1451095551777635e-06,2.2225188672198358e-10,5.551115123125783e-16
2,52,51,22,0,22,6.93717861107053e-08,1.236230732058296e-09,4.440892098500626e-16
2,52,51,23,0,23,1.4378982799372951e-06,1.1837250131629718e-10,3.3306690738754696e-16
2,52,51,24,0,24,2.1255302921625937e-05,1.9944372641282274e-09,4.440892098500626e-16
2,52,51,25,0,25,2.7665493295181833e-05,1.2621706201443203e-10,3.3306690738754696e-16
2,52,51,26,0,26,8.818537737209562e-05,3.8386298684079386e-11,7.771561172376096e-16
2,52,51,27,0,27,6.641036396731215e-05,4.654161529462377e-08,1.7763568394002505e-15
2,52,51,28,0,28,1.2411452949659261e-05,3.512435524030868e-10,4.440892098500626e-16
2,52,51,29,0,29,4.103562667708182e-05,2.837724159285662e-09,3.3306690738754696e-16
2,52,51,30,0,30,0.00012099827534345464,8.344099468961161e-10,7.771561172376096e-16
2,52,51,31,0,31,3.096352942466152e-05,8.588587526519171e-09,7.771561172376096e-16
2,52,51,32,0,32,5.256258290184634e-05,2.8859471292693497e-11,9.992007221626409e-16
2,52,51,33,0,33,5.1317936916535427e-05,2.517593592973841e-09,8.881784197001252e-16
2,52,51,34,0,34,0.00021663911812475574,4.2396205999305935e-11,7.771561172376096e-16
2,52,51,35,0,35,6.79790493506994e-05,2.733962907621539e-10,9.992007221626409e-16
2,52,51,36,0,36,3.245280804165287e-05,3.713882449641312e-11,5.551115123125783e-16
2,52,51,37,0,37,3.285212342047369e-05,3.4909767063677245e-09,2.220446049250313e-16
2,52,51,38,0,38,7.585688144138326e-05,2.0467732906742454e-10,6.661338147750939e-16
2,52,51,39,0,39,1.737422908411286e-05,2.7004636486486345e-10,4.440892098500626e-16
2,52,51,40,0,40,1.3909248482012966e-06,2.0903395492125058e-09,6.661338147750939e-16
2,52,51,41,0,41,2.7678790399291754e-05,1.323801069595052e-10,8.881784197001252e-16
2,52,51,42,0,42,7.771275953095762e-07,2.4392651144095035e-10,4.440892098500626e-16
2,52,51,43,0,43,4.503348505290125e-05,4.4894244971462414e-10,6.661338147750939e-16
2,52,51,44,0,44,3.839078719796225e-06,1.909251003176919e-09,5.551115123125783e-16
2,52,51,45,0,45,7.32201241056092e-05,1.6167344463670935e-10,6.661338147750939e-16
2,52,51,46,0,46,6.814917656806777e-05,2.3486370204799883e-11,9.992007221626409e-16
2,52,51,47,0,47,1.2385146740205916e-05,9.622651323229573e-09,7.771561172376096e-16
2,52,51,48,0,48,7.173759172221828e-05,2.823771320784951e-10,6.661338147750939e-16
2,52,51,49,0,49,3.697414427674815e-05,3.3453363808052425e-10,4.440892098500626e-16
2,52,51,50,0,50,2.6816043547669254e-05,1.3762671779975212e-11,6.661338147750939e-16
2,52,51,51,0,51,1.0262317750338205e-06,1.1825613787821647e-10,6.661338147750939e-16
2,52,52,52,0,52,2.4512571357276305e-05,9.135804409353649e-11,5.551115123125783e-16
5,17,51,0,0,0,0.005693764529045578,,
5,17,51,1,0,1,0.007092126447440703,8.668337202239545e-15,0.0
5,17,51,2,0,2,0.0063385202757681265,3.395841781007141e-14,0.0
5,17,51,3,0,3,0.0072923578039378375,1.5274325616309575e-13,1.1102230246251565e-16
5,17,51,4,0,4,0.007599718001235183,6.675209138877456e-12,1.1102230246251565e-16
5,17,51,5,0,5,0.005346040559166798,8.39908945713721e-13,5.551115123125783e-16
5,17,51,6,0,6,0.00694991444485175,3.939117569101801e-13,3.3306690738754696e-16
5,17,51,7,0,7,0.007320207024254889,1.9402174185698413e-13,1.1102230246251565e-15
5,17,51,8,0,8,0.007324355388821042,5.53470640757132e-13,4.440892098500626e-16
5,17,51,9,0,9,0.008804515104697647,6.824720881005129e-12,3.3306690738754696e-16
5,17,51,10,0,10,0.007619021555458722,2.4933515672902677e-12,3.3306690738754696e-16
5,17,51,11,0,11,0.007957861375129442,7.884163004868578e-13,4.440892098500626e-16
5,17,51,12,0,12,0.007933604416058535,5.4396784665873406e-11,2.220446049250313e-16
5,17,51,13,0,13,0.007947910708334702,1.634066413685739e-12,6.661338147750939e-16
5,17,51,14,0,14,0.008093101098206412,4.525059173320879e-12,4.440892098500626e-16
5,17,51,15,0,15,0.006708225023801887,3.483714421173203e-12,4.440892098500626e-16
5,17,51,16,0,16,0.007400049738559056,2.6845782983177567e-12,4.440892098500626e-16
5,17,51,17,0,17,0.006854001363874412,2.732783505270132e-12,6.661338147750939e-16
5,17,52,18,0,18,3.267977509172604e-05,3.393327666701164e-11,2.220446049250313e-16
5,17,52,19,0,19,0.00022119446500806555,4.2769429310855506e-11,4.440892098500626e-16
5,17,52,20,0,20,0.0001775545452152005,3.542224886100095e-10,3.3306690738754696e-16
5,17,52,21,0,21,0.0007588958871366544,5.8985316041879054e-09,4.440892098500626e-16
5,17,52,22,0,22,0.0002964919328103151,2.760568897846104e-10,4.440892098500626e-16
5,17,52,23,0,23,0.0012467410468711138,1.040423047630143e-09,7.771561172376096e-16
5,17,52,24,0,24,0.0010115266596630642,5.1138620377048926e-11,3.3306690738754696e-16
5,17,52,25,0,25,0.0010971498895851746,3.4043098519351e-11,3.3306690738754696e-16
5,17,52,26,0,26,0.0014409500185133541,9.267777033527074e-11,6.661338147750939e-16
5,17,52,27,0,27,0.0019672231827047968,9.825607001924155e-11,3.3306690738754696e-16
5,17,52,28,0,28,0.0013092410934289153,1.1092388631134548e-10,4.440892098500626e-16
5,17,52,29,0,29,0.0019043966678240485,7.348329113204207e-11,7.771561172376096e-16
5,17,52,30,0,30,0.0018483873381588071,9.407238644826388e-11,4.440892098500626e-16
5,17,52,31,0,31,0.002017224216898981,1.8425141700646362e-11,7.771561172376096e-16
5,17,52,32,0,32,0.0025991286600214173,2.290593027922958e-10,4.440892098500626e-16
5,17,52,33,0,33,0.0019651820740326084,1.5338612863745882e-11,7.771561172376096e-16
5,17,52,34,0,34,0.0021137571824316,5.89415209646256e-11,6.661338147750939e-16
5,17,52,35,0,35,0.002264330742650438,4.8719212110020164e-11,3.3306690738754696e-16
5,17,52,36,0,36,0.0024282230253712105,3.55336090709025e-11,4.440892098500626e-16
5,17,52,37,0,37,0.002624643798778382,2.3882664644952677e-11,8.881784197001252e-16
5,17,52,38,0,38,0.002233337604500035,2.494316849538904e-10,5.551115123125783e-16
5,17,52,39,0,39,0.0022224764554660812,2.6788647793558612e-11,5.551115123125783e-16
5,17,52,40,0,40,0.0026927244014425364,2.4464460535913725e-10,6.661338147750939e-16
5,17,52,41,0,41,0.0023360839007932053,6.856022786987964e-11,5.551115123125783e-16
5,17,52,42,0,42,0.0019523654832642897,1.2991164397260136e-10,5.551115123125783e-16
5,17,52,43,0,43,0.002548358976789263,9.699853550870429e-11,6.661338147750939e-16
5,17,52,44,0,44,0.0025044607713137035,1.082104305528952e-09,7.771561172376096e-16
5,17,52,45,0,45,0.003182411150321752,3.228475224088529e-10,1.1102230246251565e-15
5,17,52,46,0,46,0.001965752740565864,3.6178590531562504e-10,5.551115123125783e-16
5,17,52,47,0,47,0.003131893666118723,1.6474524325076688e-09,6.661338147750939e-16
5,17,52,48,0,48,0.003299306622085759,1.1329936075252282e-10,5.551115123125783e-16
5,17,52,49,0,49,0.0025465556661087635,9.958443652916678e-11,7.771561172376096e-16
5,17,52,50,0,50,0.0023262607938163917,2.0284790457694114e-10,8.881784197001252e-16
5,17,52,51,0,51,0.0035366767700896412,1.0456391702112567e-11,6.661338147750939e-16
5,17,52,52,0,52,0.003366660945450124,3.167648226276377e-11,5.551115123125783e-16
6,14,51,0,0,0,0.0074733582513133445,,
6,14,51,1,0,1,0.0074761143509261595,5.994268297949522e-15,2.220446049250313e-16
6,14,51,2,0,2,0.008368224513612764,2.1931454160180644e-14,3.3306690738754696e-16
6,14,51,3,0,3,0.008936341091416531,2.8260634428268296e-13,1.1102230246251565e-16
6,14,51,4,0,4,0.007016328643568642,3.3048446565627613e-13,4.440892098500626e-16
6,14,51,5,0,5,0.008525047586247132,4.3495158560599e-13,0.0
6,14,51,6,0,6,0.007556199399304377,1.9496340915139783e-12,9.992007221626409e-16
6,14,51,7,0,7,0.009520374761406346,4.793239288781327e-13,3.3306690738754696e-16
6,14,51,8,0,8,0.00868373560277815,1.3729051106824378e-11,2.220446049250313e-16
6,14,51,9,0,9,0.008169507873102132,1.131747975449728e-11,3.3306690738754696e-16
6,14,51,10,0,10,0.008586143412090715,1.1811564687033374e-09,4.440892098500626e-16
6,14,51,11,0,11,0.009238487316267165,7.034994176819823e-12,3.3306690738754696e-16
6,14,51,12,0,12,0.010535214891129921,1.7779430979214827e-12,2.220446049250313e-16
6,14,52,13,0,13,0.00011876934031764731,1.566552081342588e-10,3.3306690738754696e-16
6,14,52,14,0,14,0.00021598665708891127,4.3618661903206495e-10,3.3306690738754696e-16
6,14,52,15,0,15,0.0005039523998826294,1.870768467884383e-11,4.440892098500626e-16
6,14,52,16,0,16,0.00036214639239148284,1.7543773912848945e-11,2.220446049250313e-16
6,14,52,17,0,17,0.0005690914235796581,1.3659507083504154e-11,3.3306690738754696e-16
6,14,52,18,0,18,0.000902553306183132,8.832793306908842e-10,8.881784197001252e-16
6,14,52,19,0,19,0.0011396084535352522,1.2391713977049266e-10,7.771561172376096e-16
6,14,52,20,0,20,0.0016226375122646952,1.7167844675893993e-10,3.3306690738754696e-16
6,14,52,21,0,21,0.001342605172727127,1.551082694381981e-11,5.551115123125783e-16
6,14,52,22,0,22,0.0011880135940192005,3.061527444292226e-10,8.881784197001252e-16
6,14,52,23,0,23,0.0014752780815739772,1.1875977430334494e-10,4.440892098500626e-16
6,14,52,24,0,24,0.002014008792858668,7.124037442562438e-10,7.771561172376096e-16
6,14,52,25,0,25,0.002195354897348534,3.3451191188608263e-11,6.661338147750939e-16
6,14,52,26,0,26,0.0024896479322916464,2.5192836427718843e-11,8.881784197001252e-16
6,14,52,27,0,27,0.0023530848058891675,4.535006068434005e-12,4.440892098500626e-16
6,14,52,28,0,28,0.002367965135547157,1.2727688804814614e-11,4.440892098500626e-16
6,14,52,29,0,29,0.001918472448372266,1.385766094078208e-10,5.551115123125783e-16
6,14,52,30,0,30,0.0023766685074149687,1.5040657521416026e-10,4.440892098500626e-16
6,14,52,31,0,31,0.002475816357719225,7.154890859585339e-11,4.440892098500626e-16
6,14,52,32,0,32,0.0029253311430993555,1.3079921907540754e-10,3.3306690738754696e-16
6,14,52,33,0,33,0.0037472721406312894,1.2665386088678304e-10,3.3306690738754696e-16
6,14,52,34,0,34,0.0030378519420928367,4.1094015602128454e-11,4.440892098500626e-16
6,14,52,35,0,35,0.0032686156706249704,2.1522241165369306e-10,3.3306690738754696e-16
6,14,52,36,0,36,0.0025824938326332505,4.7878929115121785e-11,5.551115123125783e-16
6,14,52,37,0,37,0.0033831572573067826,2.5080381740927843e-11,6.661338147750939e-16
6,14,52,38,0,38,0.0033286576429876263,8.290203316811069e-10,4.440892098500626e-16
6,14,52,39,0,39,0.0036756241691282567,7.596759368111975e-11,4.440892098500626e-16
6,14,52,40,0,40,0.0039053368145144252,3.128689050462888e-11,4.440892098500626e-16
6,14,52,41,0,41,0.003989880953747158,4.2866263898056697e-10,1.1102230246251565e-15
6,14,52,42,0,42,0.0038880948503488082,7.904649576349639e-11,4.440892098500626e-16
6,14,52,43,0,43,0.0038472860479705803,4.040300298705137e-09,6.661338147750939e-16
6,14,52,44,0,44,0.003997444440074825,7.837172571207326e-11,8.881784197001252e-16
6,14,52,45,0,45,0.0042029436933171994,1.944858752341755e-09,7.771561172376096e-16
6,14,52,46,0,46,0.002815868367716831,4.571621163723712e-11,4.440892098500626e-16
6,14,52,47,0,47,0.003948289603398748,6.782328678619168e-09,4.440892098500626e-16
6,14,52,48,0,48,0.003400938021438355,5.1233327276817267e-11,4.440892098500626e-16
6,14,52,49,0,49,0.004826418407651806,4.628973313129729e-11,7.771561172376096e-16
6,14,52,50,0,50,0.003047932919899083,1.1597121628167776e-11,7.771561172376096e-16
6,14,52,51,0,51,0.0035933298975427976,9.151607021338078e-12,5.551115123125783e-16
6,14,52,52,0,52,0.004236162930457891,1.3789166542825703e-11,7.771561172376096e-16
2,53,52,0,0,0,0.00020147943886525944,,
2,53,52,1,0,1,0.00016691957397171534,2.313468130616447e-13,0.0
2,53,52,2,0,2,0.0001746551270365414,3.4422872714116586e-13,2.220446049250313e-16
2,53,52,3,0,3,4.994395318146549e-05,7.763765448265012e-13,4.440892098500626e-16
2,53,52,4,0,4,8.39023965630675e-05,1.5197923312023423e-12,1.1102230246251565e-16
2,53,52,5,0,5,0.00012265691836961997,2.2083107892742204e-12,1.1102230246251565e-16
2,53,52,6,0,6,0.0002105800308574349,7.882013821138361e-13,2.220446049250313e-16
2,53,52,7,0,7,0.00010180709234819503,3.040761906982445e-12,2.220446049250313e-16
2,53,52,8,0,8,4.473683392722373e-05,2.7685715867718006e-11,3.3306690738754696e-16
2,53,52,9,0,9,3.164135828325203e-05,5.823383630990086e-12,3.3306690738754696e-16
2,53,52,10,0,10,7.809355231958323e-05,9.455770878690393e-12,4.440892098500626e-16
2,53,52,11,0,11,4.702755399588166e-05,2.6378568017071257e-11,5.551115123125783e-16
2,53,52,12,0,12,4.1504627757890315e-05,1.1603411939776407e-11,2.220446049250313e-16
2,53,52,13,0,13,9.558366700906815e-05,1.5431830584330497e-11,5.551115123125783e-16
2,53,52,14,0,14,0.0001034317140804273,2.063733202689735e-11,6.661338147750939e-16
2,53,52,15,0,15,0.00020645546351612143,1.1543656275438346e-11,2.220446049250313e-16
2,53,52,16,0,16,9.47530803345745e-06,1.894678251788539e-11,4.440892098500626e-16
2,53,52,17,0,17,2.771024413395803e-05,2.3739999946372404e-11,5.551115123125783e-16
2,53,52,18,0,18,0.0001431225088684187,3.412030808791169e-11,6.661338147750939e-16
2,53,52,19,0,19,5.180351200742168e-06,3.8422628766977523e-10,7.771561172376096e-16
2,53,52,20,0,20,4.589913879105624e-05,1.558660639281604e-11,3.3306690738754696e-16
2,53,52,21,0,21,7.382106211979093e-05,6.211226828845054e-11,2.220446049250313e-16
2,53,52,22,0,22,2.880982189475658e-06,2.1789373699271206e-10,3.3306690738754696e-16
2,53,52,23,0,23,7.188043670664271e-05,6.038169890336908e-10,3.3306690738754696e-16
2,53,52,24,0,24,0.00013599865081048463,1.7429270172650496e-09,3.3306690738754696e-16
2,53,52,25,0,25,3.0000775805127572e-05,9.542880804157082e-09,3.3306690738754696e-16
2,53,52,26,0,26,1.3498836559367696e-05,8.981554835324467e-11,5.551115123125783e-16
2,53,52,27,0,27,4.757171142840922e-05,5.315819540624351e-10,7.771561172376096e-16
2,53,52,28,0,28,2.5554660165525784e-05,7.456064672525892e-09,1.1102230246251565e-15
2,53,52,29,0,29,0.0001171380284183413,3.6081834190067324e-11,6.661338147750939e-16
2,53,52,30,0,30,3.0287437303969193e-05,2.5291089747794636e-09,6.661338147750939e-16
2,53,52,31,0,31,8.978035046443929e-05,9.946584858058066e-10,5.551115123125783e-16
2,53,52,32,0,32,8.39204256362602e-05,2.17216302437787e-09,5.551115123125783e-16
2,53,52,33,0,33,1.2561599154759082e-05,8.417152298229981e-09,7.771561172376096e-16
2,53,52,34,0,34,5.058944910802866e-06,4.626065094243982e-09,3.3306690738754696e-16
2,53,52,35,0,35,3.964367898931979e-06,6.825876009102404e-10,4.440892098500626e-16
2,53,52,36,0,36,7.479973521314265e-06,1.8889782697567834e-10,8.881784197001252e-16
2,53,52,37,0,37,3.195413580351543e-05,1.2630596880291162e-10,5.551115123125783e-16
2,53,52,38,0,38,1.3413239911644004e-05,3.259219201496334e-10,7.771561172376096e-16
2,53,52,39,0,39,3.102642533560926e-05,1.0399957257145812e-10,4.440892098500626e-16
2,53,52,40,0,40,4.697326724485919e-06,1.3049329393451553e-10,9.992007221626409e-16
2,53,52,41,0,41,7.996494829357925e-06,1.602025900831588e-10,6.661338147750939e-16
2,53,52,42,0,42,1.0820072187745891e-05,1.0074342309130357e-09,4.440892098500626e-16
2,53,52,43,0,43,6.6898984766359024e-06,3.5824911662783347e-09,8.881784197001252e-16
2,53,52,44,0,44,2.9325225604505205e-05,1.5448089812072517e-09,3.3306690738754696e-16
2,53,52,45,0,45,3.074350195040794e-05,4.479371479125848e-10,8.881784197001252e-16
2,53,52,46,0,46,6.062500763914167e-06,5.5524932992118995e-09,5.551115123125783e-16
2,53,52,47,0,47,6.11506028149037e-06,4.5245640597603783e-10,7.771561172376096e-16
2,53,52,48,0,48,2.9771194530311506e-05,5.676377660122821e-09,5.551115123125783e-16
2,53,52,49,0,49,1.8912379504142444e-05,3.168077896957522e-11,4.440892098500626e-16
2,53,52,50,0,50,3.64354771705197e-05,1.7717878971282573e-09,6.661338147750939e-16
2,53,52,51,0,51,1.0646432263498827e-05,1.4760743379310765e-10,4.440892098500626e-16
2,53,52,52,0,52,2.557293554607216e-05,7.895442162613709e-10,5.551115123125783e-16
2,53,53,53,0,53,1.4682810331977336e-06,8.19096410564038e-10,6.661338147750939e-16
7,12,52,0,0,0,0.002108727188087494,,
7,12,52,1,0,1,0.0013483630748662811,2.087036255130389e-14,1.1102230246251565e-16
7,12,52,2,0,2,0.0021685414054775,1.2037094739338912e-12,0.0
7,12,52,3,0,3,0.0027096073187825526,9.740071860593305e-14,0.0
7,12,52,4,0,4,0.00262084732471005,2.959708269532659e-12,2.220446049250313e-16
7,12,52,5,0,5,0.0020099126320830335,3.594438477339681e-13,0.0
7,12,52,6,0,6,0.0030516924140382476,2.01029114762525e-12,1.1102230246251565e-16
7,12,52,7,0,7,0.002621389349087307,1.4280391461805072e-12,4.440892098500626e-16
7,12,52,8,0,8,0.003482014145045234,1.2021551839629689e-12,2.220446049250313e-16
7,12,52,9,0,9,0.0033859077657482617,3.91506931901709e-12,3.3306690738754696e-16
7,12,52,10,0,10,0.003636073261785519,6.924255542085525e-13,5.551115123125783e-16
7,12,52,11,0,11,0.004154561224563171,4.495404078781171e-12,2.220446049250313e-16
7,12,52,12,0,12,0.004441565250397283,1.9444984621207962e-12,5.551115123125783e-16
7,12,52,13,0,13,0.0047572508318393155,3.3090547557323744e-12,5.551115123125783e-16
7,12,52,14,0,14,0.0033312637430641385,5.354130015414153e-12,4.440892098500626e-16
7,12,52,15,0,15,0.004561390237613186,5.6687053276492285e-11,1.1102230246251565e-15
7,12,52,16,0,16,0.003599470795084125,1.578348069330165e-11,3.3306690738754696e-16
7,12,52,17,0,17,0.0039713146308434895,5.907289129250681e-12,3.3306690738754696e-16
7,12,52,18,0,18,0.0041423173644201325,1.666816156374302e-11,5.551115123125783e-16
7,12,52,19,0,19,0.003728033696988704,1.3827614163718855e-10,3.3306690738754696e-16
7,12,52,20,0,20,0.004301017638938477,1.3151405946526788e-11,3.3306690738754696e-16
7,12,52,21,0,21,0.004931416923035514,2.8600285439159803e-11,9.992007221626409e-16
7,12,52,22,0,22,0.005363017213988994,1.3821891052961631e-11,5.551115123125783e-16
7,12,52,23,0,23,0.0042901543237823525,6.408967042229721e-11,4.440892098500626e-16
7,12,52,24,0,24,0.00517353765147823,2.5872917855831943e-11,6.661338147750939e-16
7,12,52,25,0,25,0.005374734250020108,1.3745611509751732e-11,6.661338147750939e-16
7,12,52,26,0,26,0.005892834102411276,4.687797498095877e-12,4.440892098500626e-16
7,12,52,27,0,27,0.004417655145448669,1.2191834904445204e-11,4.440892098500626e-16
7,12,52,28,0,28,0.006110537893846131,6.605072137920833e-11,4.440892098500626e-16
7,12,52,29,0,29,0.005935746247727017,1.6167321952911319e-10,4.440892098500626e-16
7,12,52,30,0,30,0.005781079425060265,2.3352743854773517e-10,6.661338147750939e-16
7,12,52,31,0,31,0.005359429191574073,1.6364765385051425e-10,5.551115123125783e-16
7,12,52,32,0,32,0.00651305217882914,1.204479792803443e-11,5.551115123125783e-16
7,12,52,33,0,33,0.005903513475664721,1.5867623797385154e-11,3.3306690738754696e-16
7,12,52,34,0,34,0.00548901815534749,2.516714025456473e-11,5.551115123125783e-16
7,12,52,35,0,35,0.005450484379228338,2.5519355912476536e-11,3.3306690738754696e-16
7,12,52,36,0,36,0.006487541459973089,2.138780521159269e-11,3.3306690738754696e-16
7,12,52,37,0,37,0.008209387859254612,6.483285685204484e-10,5.551115123125783e-16
7,12,52,38,0,38,0.006551813142749305,5.269043335681837e-11,4.440892098500626e-16
7,12,52,39,0,39,0.006243468678471685,3.2209538678012636e-10,6.661338147750939e-16
7,12,52,40,0,40,0.005984926773099689,1.4101083783865704e-10,5.551115123125783e-16
7,12,52,41,0,41,0.008029964132889972,4.2467613507118767e-11,4.440892098500626e-16
7,12,52,42,0,42,0.007028272994303607,7.468493335699189e-11,4.440892098500626e-16
7,12,52,43,0,43,0.008001430713380445,1.6175420253043516e-09,7.771561172376096e-16
7,12,52,44,0,44,0.006904875696563418,1.1805491167207344e-10,6.661338147750939e-16
7,12,53,45,0,45,4.1757500538015624e-05,4.420100624649229e-09,5.551115123125783e-16
7,12,53,46,0,46,0.00031750667190669793,3.0301642845407437e-10,8.881784197001252e-16
7,12,53,47,0,47,0.0006282348874281074,1.2600412674398656e-10,6.661338147750939e-16
7,12,53,48,0,48,0.0008048278833818964,7.435327268009589e-11,4.440892098500626e-16
7,12,53,49,0,49,0.0008226428737909965,2.0066057886569747e-10,5.551115123125783e-16
7,12,53,50,0,50,0.0012403067337952833,2.2987318073227017e-07,4.729550084903167e-14
7,12,53,51,0,51,0.0006512804213121743,8.377163768890965e-11,6.661338147750939e-16
7,12,53,52,0,52,0.0008387590536921988,4.088095193272122e-10,5.551115123125783e-16
7,12,53,53,0,53,0.0013157110641768253,2.6352435615796224e-09,6.661338147750939e-16
4,22,52,0,0,0,0.001348719299119076,,
4,22,52,1,0,1,0.0015185282837512797,1.3832647780707401e-14,0.0
4,22,52,2,0,2,0.0024361281790294363,3.371331717398769e-14,3.3306690738754696e-16
4,22,52,3,0,3,0.0014860367133856403,3.6176679278311644e-13,3.3306690738754696e-16
4,22,52,4,0,4,0.00258555494777679,2.3049947548541363e-13,3.3306690738754696e-16
4,22,52,5,0,5,0.002177000753150725,7.64309512785767e-13,2.220446049250313e-16
4,22,52,6,0,6,0.002546898287552125,3.9420483659100367e-13,5.551115123125783e-16
4,22,52,7,0,7,0.002201292244316719,9.419412011859007e-13,3.3306690738754696e-16
4,22,52,8,0,8,0.002480798913310431,7.622315039827685e-13,5.551115123125783e-16
4,22,52,9,0,9,0.003167602353325643,7.21443097922207e-13,2.220446049250313e-16
4,22,52,10,0,10,0.0021895798601984377,7.475022494000506e-12,2.220446049250313e-16
4,22,52,11,0,11,0.003260017518626257,2.3856575881378678e-11,3.3306690738754696e-16
4,22,52,12,0,12,0.0035671635917048777,7.582901472627788e-12,3.3306690738754696e-16
4,22,52,13,0,13,0.002881678203645212,9.224987497411295e-12,3.3306690738754696e-16
4,22,52,14,0,14,0.0031289470027752782,2.4073782784016237e-11,4.440892098500626e-16
4,22,52,15,0,15,0.0034637212435861963,4.4200609954845865e-12,3.3306690738754696e-16
4,22,52,16,0,16,0.003244856172599983,6.1958432288288436e-12,6.661338147750939e-16
4,22,52,17,0,17,0.0036230585255538628,5.891995297693319e-12,6.661338147750939e-16
4,22,52,18,0,18,0.0028641013472365294,8.253045925132477e-12,3.3306690738754696e-16
4,22,52,19,0,19,0.0035457721822166905,1.3073927398071214e-11,6.661338147750939e-16
4,22,52,20,0,20,0.00411136895464515,8.915044574485792e-12,6.661338147750939e-16
4,22,52,21,0,21,0.003632356796017724,4.040164731397637e-10,4.440892098500626e-16
4,22,52,22,0,22,0.003988256697845615,4.95844379682272e-11,3.3306690738754696e-16
4,22,52,23,0,23,0.003992985681212989,3.9090555770147036e-12,7.771561172376096e-16
4,22,52,24,0,24,0.0032821296284293996,9.279920235805736e-10,5.551115123125783e-16
4,22,52,25,0,25,0.004244710556015172,3.341855170491955e-10,7.771561172376096e-16
4,22,52,26,0,26,0.004390880834920813,4.6848272584164755e-12,5.551115123125783e-16
4,22,52,27,0,27,0.003336099118396603,1.1523981679150184e-10,4.440892098500626e-16
4,22,52,28,0,28,0.003689625136630881,1.389691118817512e-10,4.440892098500626e-16
4,22,52,29,0,29,0.0038897923882100067,2.2351718234187663e-10,6.661338147750939e-16
4,22,52,30,0,30,0.004335759669540198,3.862531370598716e-11,4.440892098500626e-16
4,22,52,31,0,31,0.003791103497389861,1.1409183699126833e-10,5.551115123125783e-16
4,22,52,32,0,32,0.003363767861647621,3.4859711150084634e-10,4.440892098500626e-16
4,22,52,33,0,33,0.0034313461416205487,1.3294635395763167e-11,5.551115123125783e-16
4,22,52,34,0,34,0.002203663415779125,4.801656063816675e-11,3.3306690738754696e-16
4,22,52,35,0,35,0.004356307574471216,4.77611496181892e-11,4.440892098500626e-16
4,22,52,36,0,36,0.0037517738743132467,6.641826923294935e-11,7.771561172376096e-16
4,22,52,37,0,37,0.0012873193430143375,1.1714227707399196e-10,6.661338147750939e-16
4,22,52,38,0,38,0.003646098199697605,3.311680996552305e-11,5.551115123125783e-16
4,22,52,39,0,39,0.004111621330945994,1.2052468829561616e-10,3.3306690738754696e-16
4,22,52,40,0,40,0.0037400731763446646,3.462252171480697e-11,6.661338147750939e-16
4,22,52,41,0,41,0.0037455184283979653,2.360096887058622e-11,6.661338147750939e-16
4,22,52,42,0,42,0.002856392829354097,9.577095269889254e-11,3.3306690738754696e-16
4,22,52,43,0,43,0.0035432396229228584,4.249482141954149e-11,8.881784197001252e-16
4,22,52,44,0,44,0.004366119805822388,1.3301547246850004e-11,4.440892098500626e-16
4,22,53,45,0,45,2.203665494613762e-05,1.0418566546432507e-09,6.661338147750939e-16
4,22,53,46,0,46,0.0002408321848613562,4.872963733689656e-10,4.440892098500626e-16
4,22,53,47,0,47,0.00027453733907851737,8.369871830664517e-11,4.440892098500626e-16
4,22,53,48,0,48,0.00039108463893420734,6.917090623594096e-11,6.661338147750939e-16
4,22,53,49,0,49,0.0005185942200965699,1.4175032928758255e-10,6.661338147750939e-16
4,22,53,50,0,50,0.000445479171506689,1.47327279552644e-09,6.661338147750939e-16
4,22,53,51,0,51,0.0005472674277242715,6.881403815457966e-10,6.661338147750939e-16
4,22,53,52,0,52,0.0004002844715022343,8.48264388935682e-11,6.661338147750939e-16
4,22,53,53,0,53,0.0010608611869677366,9.266827754065066e-11,6.661338147750939e-16
3,31,52,0,0,0,0.0023765214628626865,,
3,31,52,1,0,1,0.001928894816171147,1.1189781956698026e-14,0.0
3,31,52,2,0,2,0.002416210760225074,1.6698952007649963e-13,2.220446049250313e-16
3,31,52,3,0,3,0.0031831964981499524,7.535611631037099e-14,2.220446049250313e-16
3,31,52,4,0,4,0.001776767712238815,2.5192089012726104e-13,1.1102230246251565e-16
3,31,52,5,0,5,0.002537381202133091,7.360521336549549e-13,4.440892098500626e-16
3,31,52,6,0,6,0.002678304028156791,3.603072813460496e-13,2.220446049250313e-16
3,31,52,7,0,7,0.0019548566108192125,2.9696105815213375e-12,2.220446049250313e-16
3,31,52,8,0,8,0.0023485068994931325,8.14675060509352e-12,3.3306690738754696e-16
3,31,52,9,0,9,0.0008898026547938975,5.464424254232618e-13,2.220446049250313e-16
3,31,52,10,0,10,0.0027088374616109114,1.0396767663203768e-11,7.771561172376096e-16
3,31,52,11,0,11,0.00350432159450427,2.0061817381197065e-12,6.661338147750939e-16
3,31,52,12,0,12,0.002510076506358989,1.4727527014808382e-11,5.551115123125783e-16
3,31,52,13,0,13,0.0018146876375846606,7.582116248744044e-11,2.220446049250313e-16
3,31,52,14,0,14,0.002655008544847401,2.598192307688304e-12,4.440892098500626e-16
3,31,52,15,0,15,0.003144827177865185,1.0336886456680178e-10,6.661338147750939e-16
3,31,52,16,0,16,0.0016009025775778796,1.3389685102953414e-11,3.3306690738754696e-16
3,31,52,17,0,17,0.0016057701863375763,2.1820218954539647e-10,5.551115123125783e-16
3,31,52,18,0,18,0.00188383559688303,5.937079430835862e-11,7.771561172376096e-16
3,31,52,19,0,19,0.0031356659383216384,1.8562160912651859e-10,6.661338147750939e-16
3,31,52,20,0,20,0.0010856921708507212,9.550251867788684e-12,5.551115123125783e-16
3,31,52,21,0,21,0.0017351473239188206,1.4448560628195416e-11,5.551115123125783e-16
3,31,52,22,0,22,0.0012867684574067234,7.335331908852791e-12,5.551115123125783e-16
3,31,52,23,0,23,0.0017811952849929526,3.2880438033545954e-10,6.661338147750939e-16
3,31,52,24,0,24,0.00020754071500491992,9.248153146924081e-12,5.551115123125783e-16
3,31,52,25,0,25,0.0027601296592382617,3.025844488832816e-11,3.3306690738754696e-16
3,31,52,26,0,26,0.0015039340018404906,1.0910494876351398e-11,2.220446049250313e-16
3,31,52,27,0,27,0.0005069760622478117,1.1254335177601286e-10,3.3306690738754696e-16
3,31,52,28,0,28,0.0019591530854704362,2.2859573076113242e-11,4.440892098500626e-16
3,31,52,29,0,29,0.0021012518531550646,7.300918890934755e-11,4.440892098500626e-16
3,31,52,30,0,30,0.0008287788187430479,2.869702918623485e-10,4.440892098500626e-16
3,31,52,31,0,31,0.002024234129099118,1.3264349177814875e-09,3.3306690738754696e-16
3,31,52,32,0,32,0.0016326743303020955,2.6799838255269702e-11,6.661338147750939e-16
3,31,52,33,0,33,0.000771176047110215,3.158338865179835e-11,4.440892098500626e-16
3,31,52,34,0,34,0.002500932706208826,1.987409560201661e-11,7.771561172376096e-16
3,31,52,35,0,35,0.0010835331375451391,2.7918482416925145e-11,5.551115123125783e-16
3,31,53,36,0,36,4.005887381739163e-05,1.3010571416267213e-09,5.551115123125783e-16
3,31,53,37,0,37,9.573500360567788e-05,9.784335358476389e-10,5.551115123125783e-16
3,31,53,38,0,38,0.00012121616281868231,1.5709655170136866e-08,6.661338147750939e-16
3,31,53,39,0,39,8.945744877073574e-05,1.1508050448241556e-10,5.551115123125783e-16
3,31,53,40,0,40,0.00034462538232478814,2.7958916142273896e-10,7.771561172376096e-16
3,31,53,41,0,41,7.84085796849639e-05,4.711826915625569e-10,5.551115123125783e-16
3,31,53,42,0,42,0.000133515156239505,3.114359765423087e-10,5.551115123125783e-16
3,31,53,43,0,43,0.00027108566616408436,2.763111867791445e-10,4.440892098500626e-16
3,31,53,44,0,44,0.0002947044066077483,5.003294525315603e-10,6.661338147750939e-16
3,31,53,45,0,45,0.0003739342150171847,6.362804031641903e-10,5.551115123125783e-16
3,31,53,46,0,46,0.00048027953291799127,4.0107483307578586e-09,8.881784197001252e-16
3,31,53,47,0,47,0.0002809302993225243,1.1304367272003474e-09,4.440892098500626e-16
3,31,53,48,0,48,0.00042295396491458346,3.547072214715093e-11,5.551115123125783e-16
3,31,53,49,0,49,0.00044368049619519757,2.1511393175979994e-09,7.771561172376096e-16
3,31,53,50,0,50,0.00014073642995525296,7.20352160527245e-10,6.661338147750939e-16
3,31,53,51,0,51,0.00023784109483032884,8.258709461591442e-11,6.661338147750939e-16
3,31,53,52,0,52,0.0002714380908535579,2.8610768777773563e-11,7.771561172376096e-16
3,31,53,53,0,53,0.0003455319767730051,6.380182365155264e-10,7.771561172376096e-16
2,54,53,0,0,0,0.0001485010237873441,,
2,54,53,1,0,1,0.00021102477759680165,1.2569152066558963e-13,0.0
2,54,53,2,0,2,0.00012609477500310652,1.1061624532090595e-12,0.0
2,54,53,3,0,3,0.0005234707550134146,3.2102766773233965e-12,2.220446049250313e-16
2,54,53,4,0,4,0.0005008049065172588,4.551019012579786e-13,4.440892098500626e-16
2,54,53,5,0,5,0.00013272453751276336,9.419772459143088e-13,1.1102230246251565e-16
2,54,53,6,0,6,0.0001640735101560515,1.6818757884695396e-12,3.3306690738754696e-16
2,54,53,7,0,7,0.00014176301259595487,1.5566825863689966e-12,5.551115123125783e-16
2,54,53,8,0,8,0.0001700456356074258,5.187452434497887e-12,3.3306690738754696e-16
2,54,53,9,0,9,0.00019917038979592002,1.5069404996901222e-12,5.551115123125783e-16
2,54,53,10,0,10,4.632978886591965e-05,2.9293220350011745e-11,3.3306690738754696e-16
2,54,53,11,0,11,3.060762002104871e-05,1.7651856839703135e-11,1.1102230246251565e-16
2,54,53,12,0,12,0.00030616206703285443,1.4195615403276044e-12,3.3306690738754696e-16
2,54,53,13,0,13,0.0004695486703647048,1.1586825798434396e-10,5.551115123125783e-16
2,54,53,14,0,14,0.00022208700949001177,9.51012603034568e-11,6.661338147750939e-16
2,54,53,15,0,15,4.523686163730712e-05,2.324666714564123e-09,2.220446049250313e-16
2,54,53,16,0,16,1.2160317681601234e-05,5.5633302679482356e-11,3.3306690738754696e-16
2,54,53,17,0,17,2.577200682231454e-05,1.0289174480359554e-10,7.771561172376096e-16
2,54,53,18,0,18,5.6156200117697806e-05,1.9673707888789596e-11,6.661338147750939e-16
2,54,53,19,0,19,9.909818654992032e-05,5.500491028920847e-12,4.440892098500626e-16
2,54,53,20,0,20,0.00022438315791254508,1.2453954832149174e-11,6.661338147750939e-16
2,54,53,21,0,21,6.471562089796131e-05,1.6151129998538048e-10,5.551115123125783e-16
2,54,53,22,0,22,5.2451790526585554e-06,2.6389636764939312e-11,5.551115123125783e-16
2,54,53,23,0,23,1.6347042478880298e-05,9.128748202193829e-11,5.551115123125783e-16
2,54,53,24,0,24,1.5620120089602843e-05,1.9467818515405595e-10,8.881784197001252e-16
2,54,53,25,0,25,0.00010172654949852379,4.683045309917108e-11,4.440892098500626e-16
2,54,53,26,0,26,2.209282471534971e-05,2.0446307836560663e-09,3.3306690738754696e-16
2,54,53,27,0,27,1.612025474774476e-05,2.354757840059893e-09,7.771561172376096e-16
2,54,53,28,0,28,0.0001389265292026294,2.8391292190213925e-09,4.440892098500626e-16
2,54,53,29,0,29,2.6668655937480624e-05,4.688233540099566e-11,5.551115123125783e-16
2,54,53,30,0,30,4.583478945336297e-05,4.89180059171593e-10,6.661338147750939e-16
2,54,53,31,0,31,5.1746615794582754e-05,1.0868912966288725e-07,1.0103029524088925e-14
2,54,53,32,0,32,0.00010438731030766337,6.930806514376435e-10,6.661338147750939e-16
2,54,53,33,0,33,8.13734930121662e-06,1.276739616149532e-10,6.661338147750939e-16
2,54,53,34,0,34,2.4961163719176174e-06,1.1835215634795724e-10,5.551115123125783e-16
2,54,53,35,0,35,9.105303857069084e-06,2.4047887671427585e-09,5.551115123125783e-16
2,54,53,36,0,36,6.257589041411069e-05,1.41779420488503e-10,7.771561172376096e-16
2,54,53,37,0,37,2.726444244580237e-05,1.650324633750384e-09,8.881784197001252e-16
2,54,53,38,0,38,5.670053792789952e-05,2.6162291999103637e-09,7.771561172376096e-16
2,54,53,39,0,39,1.2441422638766136e-05,2.086941886473034e-10,3.3306690738754696e-16
2,54,53,40,0,40,4.675605887558841e-05,1.2649926546850666e-10,1.3322676295501878e-15
2,54,53,41,0,41,1.1710669268244284e-05,1.6422259255347172e-10,6.661338147750939e-16
2,54,53,42,0,42,1.3314483894297734e-05,8.753804301699592e-11,8.881784197001252e-16
2,54,53,43,0,43,9.420878922075268e-06,5.2981960984833215e-09,6.661338147750939e-16
2,54,53,44,0,44,3.0713768315672764e-05,3.5126593071246677e-10,5.551115123125783e-16
2,54,53,45,0,45,3.067912062377681e-05,4.3490643420608693e-10,8.881784197001252e-16
2,54,53,46,0,46,9.880627941423782e-06,1.0276778304144057e-09,5.551115123125783e-16
2,54,53,47,0,47,1.563530428741393e-05,3.9859576637275964e-09,4.440892098500626e-16
2,54,53,48,1,48,3.134592068474513e-06,6.719587872300422e-10,5.551115123125783e-16
2,54,53,49,0,49,7.603646418470013e-06,1.9400958363669175e-08,6.661338147750939e-16
2,54,53,50,0,50,3.1631353974061585e-05,2.261251784141444e-10,5.551115123125783e-16
2,54,53,51,0,51,1.8071938337900617e-06,2.7713583934799247e-09,6.661338147750939e-16
2,54,53,52,0,52,1.357596913355251e-05,1.1707483699460313e-09,5.551115123125783e-16
2,54,53,53,0,53,9.311424330947002e-06,7.705481690149463e-11,9.992007221626409e-16
2,54,54,54,0,54,1.5985443951404577e-07,1.6914237741669207e-09,6.661338147750939e-16
2,55,54,0,0,0,4.885118295248465e-05,,
2,55,54,1,0,1,2.2110363298408687e-05,6.119473077800764e-13,1.1102230246251565e-16
2,55,54,2,0,2,2.4424200832140504e-05,6.626016591682792e-12,2.220446049250313e-16
2,55,54,3,0,3,0.0002700061580633203,1.4575553009194601e-12,1.1102230246251565e-16
2,55,54,4,0,4,0.0001657825216244979,1.6263280720825442e-12,1.1102230246251565e-16
2,55,54,5,0,5,0.0003676306387820631,4.266888288496022e-13,2.220446049250313e-16
2,55,54,6,0,6,3.707022491007835e-06,1.4652938654575027e-11,4.440892098500626e-16
2,55,54,7,0,7,4.7843199540426096e-05,2.6585332784679713e-10,1.1102230246251565e-16
2,55,54,8,0,8,1.987892077157304e-05,5.319721936144221e-12,2.220446049250313e-16
2,55,54,9,0,9,1.7757837019742697e-05,6.58486630868675e-11,8.881784197001252e-16
2,55,54,10,0,10,0.00025693777402776083,3.769680941149793e-11,7.771561172376096e-16
2,55,54,11,0,11,0.00014734664786265048,9.269671134377189e-11,2.220446049250313e-16
2,55,54,12,0,12,5.196349382750274e-05,3.215743478351365e-11,2.220446049250313e-16
2,55,54,13,0,13,4.1362007975733756e-05,3.6778410556035027e-10,4.440892098500626e-16
2,55,54,14,0,14,5.411503805942325e-05,2.261771127093597e-10,3.3306690738754696e-16
2,55,54,15,0,15,3.377352638317648e-05,1.3772963057057665e-10,5.551115123125783e-16
2,55,54,16,0,16,0.00024094094476287512,2.807561642731188e-11,7.771561172376096e-16
2,55,54,17,0,17,6.60339569847198e-05,9.643634941145156e-11,5.551115123125783e-16
2,55,54,18,0,18,2.599280920756442e-05,5.820266692725602e-11,2.220446049250313e-16
2,55,54,19,0,19,4.88020048553266e-05,1.1108737118621686e-11,6.661338147750939e-16
2,55,54,20,0,20,1.1631926509467018e-05,5.831203658313974e-11,2.220446049250313e-16
2,55,54,21,0,21,0.0001273299868829695,1.5098994733725117e-10,5.551115123125783e-16
2,55,54,22,0,22,4.338152487650432e-06,1.531471365071272e-10,5.551115123125783e-16
2,55,54,23,0,23,4.203907071968693e-05,1.5863536426619238e-10,6.661338147750939e-16
2,55,54,24,0,24,8.746377811344691e-06,8.292327396905459e-11,4.440892098500626e-16
2,55,54,25,0,25,7.805239644593507e-05,1.6138712963914248e-11,6.661338147750939e-16
2,55,54,26,0,26,1.6853549365220723e-05,5.016521798197147e-10,4.440892098500626e-16
2,55,54,27,0,27,2.3738161681804164e-05,4.686792878320678e-10,4.440892098500626e-16
2,55,54,28,0,28,2.312628913237815e-05,1.1540885763139524e-10,5.551115123125783e-16
2,55,54,29,0,29,1.3008320953842875e-05,1.2627247597777224e-10,3.3306690738754696e-16
2,55,54,30,0,30,9.713043964280926e-05,8.331099073536173e-10,5.551115123125783e-16
2,55,54,31,1,31,7.41881159420528e-05,4.931493570228547e-09,3.3306690738754696e-16
2,55,54,32,0,32,6.198180553749354e-05,2.1633214340532847e-10,6.661338147750939e-16
2,55,54,33,0,33,5.286788709440744e-05,5.5803438285218394e-11,4.440892098500626e-16
2,55,54,34,0,34,8.062410171957937e-06,1.0390568429852263e-08,7.771561172376096e-16
2,55,54,35,0,35,2.04537599516807e-06,3.9096298793034556e-10,6.661338147750939e-16
2,55,54,36,0,36,4.04377291858952e-05,6.544990632031943e-11,5.551115123125783e-16
2,55,54,37,0,37,1.8064708242845676e-05,3.396418634208532e-10,5.551115123125783e-16
2,55,54,38,0,38,0.00012142723568298937,1.2132798566213777e-10,8.881784197001252e-16
2,55,54,39,0,39,3.7187083405398434e-05,8.40074741400273e-10,6.661338147750939e-16
2,55,54,40,0,40,6.356057336191094e-06,3.373015609951756e-10,7.771561172376096e-16
2,55,54,41,0,41,1.2984100290654606e-05,1.7121467428860204e-10,6.661338147750939e-16
2,55,54,42,0,42,6.215721698730568e-05,7.362438687459124e-11,4.440892098500626e-16
2,55,54,43,0,43,7.457942593780174e-06,1.116982517926345e-10,4.440892098500626e-16
2,55,54,44,0,44,2.530220965395381e-06,1.5531925358898102e-10,6.661338147750939e-16
2,55,54,45,0,45,1.2076236357208188e-05,4.140408494314817e-09,7.771561172376096e-16
2,55,54,46,0,46,1.5298378038145237e-05,2.2474136660312294e-10,5.551115123125783e-16
2,55,54,47,0,47,1.7470041882232996e-05,9.759371121164182e-11,7.771561172376096e-16
2,55,54,48,0,48,4.909050418938788e-05,4.908743084359306e-10,6.661338147750939e-16
2,55,54,49,0,49,3.607686404078389e-06,4.1190017251327903e-10,4.440892098500626e-16
2,55,54,50,0,50,4.1238690474154524e-05,3.3667965640715084e-11,1.2212453270876722e-15
2,55,54,51,0,51,3.7153464668282534e-06,8.461283963851336e-11,5.551115123125783e-16
2,55,54,52,0,52,1.0761112004192114e-05,8.186293464120056e-11,7.771561172376096e-16
2,55,54,53,0,53,1.2912148475759718e-05,6.625007160914365e-11,6.661338147750939e-16
2,55,54,54,0,54,6.083755752243914e-06,8.179248804387876e-11,5.551115123125783e-16
2,55,55,55,0,55,1.4667748437484709e-05,1.1276579511477861e-10,8.881784197001252e-16
3,32,54,0,0,0,0.0007712764802935049,,
3,32,54,1,0,1,0.0007414144534839725,5.867861107657427e-14,1.1102230246251565e-16
3,32,54,2,0,2,0.0012846293885155882,2.028835290175881e-13,3.3306690738754696e-16
3,32,54,3,0,3,0.001047902008069375,4.686360532271573e-13,0.0
3,32,54,4,0,4,0.0009481475720601332,4.371100427195461e-12,0.0
3,32,54,5,0,5,0.0011468911713453432,2.7907096112775415e-12,2.220446049250313e-16
3,32,54,6,0,6,0.0009616569326034755,2.307309576969828e-12,3.3306690738754696e-16
3,32,54,7,0,7,0.0015496166547917095,1.9112272079423225e-11,5.551115123125783e-16
3,32,54,8,0,8,0.0010199577663949318,6.52920346346938e-12,6.661338147750939e-16
3,32,54,9,0,9,0.0012711938831198434,2.122999188557316e-11,4.440892098500626e-16
3,32,54,10,0,10,0.0010348210371366414,1.2451469296478647e-11,4.440892098500626e-16
3,32,54,11,0,11,0.0013300780407638569,2.428847980140992e-11,3.3306690738754696e-16
3,32,54,12,0,12,0.00100024545313288,4.1649076452410535e-11,7.771561172376096e-16
3,32,54,13,0,13,0.001528381257210027,5.033222833973447e-12,3.3306690738754696e-16
3,32,54,14,0,14,0.0018429167689002347,4.943353384889374e-12,3.3306690738754696e-16
3,32,54,15,0,15,0.0015050390564215464,9.84679824542727e-12,4.440892098500626e-16
3,32,54,16,0,16,0.0012143582550461203,1.0231985993791203e-11,3.3306690738754696e-16
3,32,54,17,0,17,0.0013649447808614587,2.6026475443998594e-11,2.220446049250313e-16
3,32,54,18,0,18,0.0020604425483589793,4.646381987932732e-12,7.771561172376096e-16
3,32,54,19,0,19,0.0009076308481101586,8.151077062327754e-12,7.771561172376096e-16
3,32,54,20,0,20,0.0009565507664966188,3.346480167375809e-11,5.551115123125783e-16
3,32,54,21,0,21,0.00048418658779711193,2.559502542303732e-11,8.881784197001252e-16
3,32,54,22,0,22,0.00167548488655716,3.9089342867819207e-11,5.551115123125783e-16
3,32,54,23,0,23,0.0010281027407045326,9.569738435095843e-12,8.881784197001252e-16
3,32,54,24,0,24,0.000882120252068524,5.930529623925266e-10,3.3306690738754696e-16
3,32,54,25,0,25,0.0007943355530733826,3.88859944360368e-10,3.3306690738754696e-16
3,32,54,26,0,26,0.0019282609845392004,9.733658745394679e-11,5.551115123125783e-16
3,32,54,27,1,27,0.0017618695702157406,1.3809419861924355e-10,6.661338147750939e-16
3,32,54,28,0,28,0.0010610201114229529,5.01292030027259e-10,7.771561172376096e-16
3,32,54,29,0,29,0.0016691676042605013,1.1271680289000439e-10,4.440892098500626e-16
3,32,54,30,0,30,0.0018594539903414372,8.54170743071337e-11,6.661338147750939e-16
3,32,54,31,0,31,0.001338163378725572,2.1261688704032415e-10,6.661338147750939e-16
3,32,54,32,0,32,0.0007906585774232443,1.1138091701029575e-10,5.551115123125783e-16
3,32,54,33,0,33,0.0013579334808620103,5.295124990683769e-11,4.440892098500626e-16
3,32,54,34,0,34,0.0005205791932982681,2.5478131150051666e-10,5.551115123125783e-16
3,32,54,35,0,35,0.0009576068833420767,1.4483991104841312e-10,4.440892098500626e-16
3,32,54,36,0,36,0.002180673255110437,1.2430374893256383e-10,6.661338147750939e-16
3,32,54,37,0,37,0.00147884620693858,1.640289848799698e-10,4.440892098500626e-16
3,32,54,38,0,38,0.0017224978984623632,5.545030534896635e-10,8.881784197001252e-16
3,32,54,39,0,39,0.0015260751159811385,1.2873812066937754e-10,6.661338147750939e-16
3,32,54,40,0,40,0.0008291101241167775,3.323027150555803e-11,3.3306690738754696e-16
3,32,54,41,0,41,0.0009566675122952937,4.977139521385319e-10,6.661338147750939e-16
3,32,54,42,0,42,0.001142709065769025,5.070938378854377e-11,7.771561172376096e-16
3,32,54,43,0,43,0.0005703094919918149,4.504579673450924e-10,7.771561172376096e-16
3,32,54,44,0,44,0.0014444675771414703,4.8895376506076285e-11,6.661338147750939e-16
3,32,54,45,0,45,0.0007853727710610778,2.4655532574623327e-10,5.551115123125783e-16
3,32,54,46,0,46,0.0003125681270843821,1.7027860109331086e-11,5.551115123125783e-16
3,32,54,47,0,47,0.0013132683506419103,3.561514615382306e-11,6.661338147750939e-16
3,32,54,48,0,48,0.0004991214031934903,8.356250751804507e-10,8.881784197001252e-16
3,32,54,49,0,49,0.0008591964193495227,2.1430875919322186e-10,4.440892098500626e-16
3,32,54,50,0,50,0.0012123397094552608,7.368276472529041e-11,2.220446049250313e-16
3,32,54,51,0,51,0.000336479488479803,3.101709226394277e-11,4.440892098500626e-16
3,32,55,52,0,52,3.533086368641705e-05,2.603707731058095e-10,5.551115123125783e-16
3,32,55,53,0,53,0.00012332085328222868,1.6565671234475558e-10,5.551115123125783e-16
3,32,55,54,0,54,6.393991060712631e-05,1.335093501523118e-10,9.992007221626409e-16
3,32,55,55,0,55,4.307716961564896e-05,1.0079760693854375e-10,7.771561172376096e-16
4,23,54,0,0,0,0.005989761096949479,,
4,23,54,1,0,1,0.005380625374034965,7.022157372266448e-15,1.1102230246251565e-16
4,23,54,2,0,2,0.0050069532811218105,1.380914492431855e-13,5.551115123125783e-16
4,23,54,3,0,3,0.006268890320738578,9.596835220103767e-14,0.0
4,23,54,4,0,4,0.0057461236995746765,3.1237700471933026e-13,4.440892098500626e-16
4,23,54,5,0,5,0.006086530748890432,2.429990184221985e-12,1.1102230246251565e-16
4,23,54,6,0,6,0.005442249559160145,2.1436079336304084e-13,0.0
4,23,54,7,0,7,0.005513087754841121,2.3593481430010827e-13,4.440892098500626e-16
4,23,54,8,0,8,0.005515008776305749,9.592536038649092e-13,3.3306690738754696e-16
4,23,54,9,0,9,0.003894527196817839,4.494286345200085e-12,2.220446049250313e-16
4,23,54,10,0,10,0.005978802977808261,3.0078433545296307e-12,1.1102230246251565e-16
4,23,54,11,0,11,0.005997918842146906,7.257964115571976e-13,9.992007221626409e-16
4,23,54,12,0,12,0.005791402434771364,5.89270287317698e-12,2.220446049250313e-16
4,23,54,13,0,13,0.005671652372977679,3.731255105823852e-12,5.551115123125783e-16
4,23,54,14,0,14,0.00452109435695877,1.3473929919954808e-11,4.440892098500626e-16
4,23,54,15,0,15,0.00549937370974162,2.1702149619191977e-11,4.440892098500626e-16
4,23,54,16,0,16,0.005310152634680848,4.036891896199129e-11,4.440892098500626e-16
4,23,54,17,0,17,0.004172232635787983,2.851223818377108e-12,2.220446049250313e-16
4,23,54,18,0,18,0.00236035757739062,5.909072448476955e-12,6.661338147750939e-16
4,23,54,19,0,19,0.006984366824233106,9.003355228513402e-11,4.440892098500626e-16
4,23,54,20,0,20,0.006043570242572271,4.051646518890064e-12,5.551115123125783e-16
4,23,54,21,0,21,0.004824599044319866,1.5710204781917757e-10,4.440892098500626e-16
4,23,55,22,0,22,2.822509705829876e-05,8.895359491218302e-11,4.440892098500626e-16
4,23,55,23,0,23,0.0001348550289188349,8.285372161274732e-11,2.220446049250313e-16
4,23,55,24,0,24,0.00044357598456440335,7.132785954776478e-10,4.440892098500626e-16
4,23,55,25,0,25,0.0006703249868586033,1.1665274499373633e-09,5.551115123125783e-16
4,23,55,26,0,26,0.0008163924941550536,5.214357530386571e-11,4.440892098500626e-16
4,23,55,27,0,27,0.0006998597892644838,6.438039505548201e-10,4.440892098500626e-16
4,23,55,28,0,28,0.0005746929574395289,2.3605067449662527e-10,7.771561172376096e-16
4,23,55,29,0,29,0.0009374634144425474,1.1455125243897488e-09,6.661338147750939e-16
4,23,55,30,0,30,0.0008328201423180726,4.894743787184273e-10,6.661338147750939e-16
4,23,55,31,0,31,0.0010027504987015154,7.600805491669685e-11,6.661338147750939e-16
4,23,55,32,0,32,0.001033203559642987,1.400125405932503e-09,4.440892098500626e-16
4,23,55,33,0,33,0.0009570477894401126,2.545608196396595e-10,7.771561172376096e-16
4,23,55,34,0,34,0.0010828651856946855,1.8781720124826184e-09,6.661338147750939e-16
4,23,55,35,0,35,0.0011446009729226096,1.281204862669601e-10,6.661338147750939e-16
4,23,55,36,0,36,0.0018198667063148266,5.947096431584974e-11,5.551115123125783e-16
4,23,55,37,0,37,0.0010397385403896652,2.811213924143982e-10,4.440892098500626e-16
4,23,55,38,0,38,0.0010860372979099309,6.605088363634633e-11,5.551115123125783e-16
4,23,55,39,0,39,0.001512981544161272,3.8888454436353225e-11,4.440892098500626e-16
4,23,55,40,0,40,0.0012654754254886572,2.568341875555376e-09,6.661338147750939e-16
4,23,55,41,0,41,0.0012684325577483322,5.361947396944086e-11,6.661338147750939e-16
4,23,55,42,0,42,0.0017266022523811943,1.7901405703909252e-10,6.661338147750939e-16
4,23,55,43,0,43,0.002164824939894963,6.89989343205976e-10,8.881784197001252e-16
4,23,55,44,0,44,0.0010212118186574374,5.708400123828384e-11,8.881784197001252e-16
4,23,55,45,0,45,0.001246111836058201,2.4990079187266488e-09,6.661338147750939e-16
4,23,55,46,0,46,0.0015821651089258442,3.0384207172979824e-11,8.881784197001252e-16
4,23,55,47,0,47,0.0014087358054946481,1.8561921639556626e-09,5.551115123125783e-16
4,23,55,48,0,48,0.001613963905662309,2.0090330234589416e-10,4.440892098500626e-16
4,23,55,49,0,49,0.0021258161681530913,3.6791334174212645e-10,8.881784197001252e-16
4,23,55,50,0,50,0.0022076809514411312,2.1411659438412972e-10,9.992007221626409e-16
4,23,55,51,0,51,0.000691800634622431,9.456518146657436e-10,6.661338147750939e-16
4,23,55,52,0,52,0.0017712338907604085,4.242064733236249e-11,5.551115123125783e-16
4,23,55,53,0,53,0.0021095204010982086,7.412331110236649e-11,5.551115123125783e-16
4,23,55,54,0,54,0.002031014655854796,2.086598593095041e-11,3.3306690738754696e-16
4,23,55,55,0,55,0.0020962543061000044,2.0415070395215587e-11,6.661338147750939e-16
5,18,54,0,0,0,0.008383412489952126,,
5,18,54,1,0,1,0.007124004298413667,8.231252514497118e-15,0.0
5,18,54,2,0,2,0.008549747942696417,1.0958805844148128e-13,1.1102230246251565e-16
5,18,54,3,0,3,0.008558028853038439,9.574951161237695e-13,4.440892098500626e-16
5,18,54,4,0,4,0.00841289293105534,5.762188526652255e-13,3.3306690738754696e-16
5,18,54,5,0,5,0.008005461744240619,1.760556092058854e-12,4.440892098500626e-16
5,18,54,6,0,6,0.007430335765298225,4.0728384473775983e-13,0.0
5,18,54,7,0,7,0.00869116258131106,6.398380095680258e-12,3.3306690738754696e-16
5,18,54,8,0,8,0.006581782549227067,1.1398874606261137e-10,3.3306690738754696e-16
5,18,54,9,0,9,0.008617629564900548,1.4620695806277292e-12,3.3306690738754696e-16
5,18,55,10,0,10,0.00011639139448583094,5.213299987603673e-12,4.440892098500626e-16
5,18,55,11,0,11,0.0003630952822536837,3.783607980432231e-12,5.551115123125783e-16
5,18,55,12,0,12,0.0008361098482544596,1.1170985143498401e-11,5.551115123125783e-16
5,18,55,13,0,13,0.0003548061469402307,2.296650390220708e-11,3.3306690738754696e-16
5,18,55,14,0,14,0.0006065064768548603,2.3999179159607263e-12,3.3306690738754696e-16
5,18,55,15,0,15,0.0014110412584210298,1.3193679464747079e-11,4.440892098500626e-16
5,18,55,16,0,16,0.001025357292689062,4.696752973978974e-11,5.551115123125783e-16
5,18,55,17,0,17,0.001171144036346295,2.187723272009412e-10,4.440892098500626e-16
5,18,55,18,0,18,0.0011354439569965342,2.534361511062174e-10,4.440892098500626e-16
5,18,55,19,0,19,0.001585255721770482,3.9602998911062436e-11,3.3306690738754696e-16
5,18,55,20,0,20,0.0015188679157456214,1.688129168851529e-11,3.3306690738754696e-16
5,18,55,21,0,21,0.0019656532705584666,9.087856914021466e-12,4.440892098500626e-16
5,18,55,22,0,22,0.0014248002554620224,1.9313108701506621e-10,5.551115123125783e-16
5,18,55,23,0,23,0.0015349994052920805,6.147063123168378e-11,4.440892098500626e-16
5,18,55,24,0,24,0.0021182606729631057,1.3017284591555908e-10,4.440892098500626e-16
5,18,55,25,0,25,0.0018868407006633595,3.2837323503610155e-11,5.551115123125783e-16
5,18,55,26,0,26,0.0021580828756067004,1.8988407144781916e-11,4.440892098500626e-16
5,18,55,27,0,27,0.002105570048283109,2.2652258405322525e-11,5.551115123125783e-16
5,18,55,28,0,28,0.0026893310083665714,4.505375781889859e-10,3.3306690738754696e-16
5,18,55,29,0,29,0.002290680837742981,7.204069251769496e-11,5.551115123125783e-16
5,18,55,30,0,30,0.0023381398838053483,1.0647843654956417e-10,5.551115123125783e-16
5,18,55,31,0,31,0.002954437014258148,9.686091277779714e-12,5.551115123125783e-16
5,18,55,32,0,32,0.0015222133000791047,1.4589506369607353e-11,7.771561172376096e-16
5,18,55,33,0,33,0.002794326889744731,1.30105880353231e-10,8.881784197001252e-16
5,18,55,34,0,34,0.003383692979419949,3.2634852644689684e-10,6.661338147750939e-16
5,18,55,35,0,35,0.0030527329889265095,7.011245918372303e-11,5.551115123125783e-16
5,18,55,36,0,36,0.0033408697728573183,2.3382667519701726e-11,5.551115123125783e-16
5,18,55,37,0,37,0.0035690415054827444,3.43910172136024e-11,7.771561172376096e-16
5,18,55,38,0,38,0.002994234339127273,5.815736986758634e-11,3.3306690738754696e-16
5,18,55,39,0,39,0.003006471046079271,1.3372096599705793e-10,4.440892098500626e-16
5,18,55,40,0,40,0.002582401403939813,2.1732817379166865e-10,6.661338147750939e-16
5,18,55,41,0,41,0.003935395556569344,1.2448803578570555e-10,8.881784197001252e-16
5,18,55,42,0,42,0.0030642847219161614,4.975312284141633e-10,4.440892098500626e-16
5,18,55,43,0,43,0.002166218940925628,1.1944408608514713e-10,3.3306690738754696e-16
5,18,55,44,0,44,0.0036936254295916893,3.514375836227634e-09,6.661338147750939e-16
5,18,55,45,0,45,0.0029256889661431877,2.2216567146532883e-10,3.3306690738754696e-16
5,18,55,46,0,46,0.0025229489759616987,2.5718476775592043e-07,6.661338147750939e-16
5,18,55,47,0,47,0.003301177388707161,1.2443584377906214e-10,7.771561172376096e-16
5,18,55,48,0,48,0.003755111418355874,4.990764921715143e-11,6.661338147750939e-16
5,18,55,49,0,49,0.00339438882832163,3.769684265347287e-11,7.771561172376096e-16
5,18,55,50,0,50,0.004027973955215882,9.530447961248633e-11,9.992007221626409e-16
5,18,55,51,0,51,0.004662972251496665,6.415125054154203e-11,7.771561172376096e-16
5,18,55,52,0,52,0.004085346117147393,3.3119195806434016e-11,5.551115123125783e-16
5,18,55,53,0,53,0.0035457359826960837,3.412018250566207e-11,8.881784197001252e-16
5,18,55,54,0,54,0.003751664177432141,9.029142794220754e-12,8.881784197001252e-16
5,18,55,55,0,55,0.0044548185331317915,1.011071183706252e-10,4.440892098500626e-16
8,11,55,0,0,0,0.0001110003247378532,,
8,11,55,1,0,1,0.00034712005388478734,4.4007584082118905e-14,0.0
8,11,55,2,0,2,0.0006176072206674037,1.3040863883506683e-13,4.440892098500626e-16
8,11,55,3,0,3,0.0013944305904174106,2.839473373150088e-13,0.0
8,11,55,4,0,4,0.0008129069897826647,4.54512413352972e-12,4.440892098500626e-16
8,11,55,5,0,5,0.0009310483442836766,8.57561459478579e-12,2.220446049250313e-16
8,11,55,6,0,6,0.0007062300199249774,1.2622599374018532e-11,1.1102230246251565e-16
8,11,55,7,0,7,0.0017688678725873042,2.153943696077135e-12,5.551115123125783e-16
8,11,55,8,0,8,0.00214607200702738,1.921208505478614e-12,5.551115123125783e-16
8,11,55,9,0,9,0.001385269102684269,1.988302192326084e-11,3.3306690738754696e-16
8,11,55,10,0,10,0.001744024369610125,2.4338273073843383e-12,6.661338147750939e-16
8,11,55,11,0,11,0.0019931364273251106,4.346634836350939e-12,4.440892098500626e-16
8,11,55,12,0,12,0.002602526832097645,8.911011341603923e-12,2.220446049250313e-16
8,11,55,13,0,13,0.002405989875541434,1.0642482821371271e-11,2.220446049250313e-16
8,11,55,14,0,14,0.002144869841353758,1.0938011354055409e-11,4.440892098500626e-16
8,11,55,15,0,15,0.002655807222044698,6.929619989595227e-12,7.771561172376096e-16
8,11,55,16,0,16,0.0029047335549691757,1.0500973705345392e-11,3.3306690738754696e-16
8,11,55,17,0,17,0.0031271681567894456,5.04350677861295e-12,4.440892098500626e-16
8,11,55,18,0,18,0.0034496628463057104,3.948941495658461e-11,4.440892098500626e-16
8,11,55,19,0,19,0.002687419768248778,1.103755792075722e-11,4.440892098500626e-16
8,11,55,20,0,20,0.003900804157205628,1.681443971687968e-11,4.440892098500626e-16
8,11,55,21,0,21,0.003800388149194007,8.254576218570702e-12,4.440892098500626e-16
8,11,55,22,0,22,0.003898494373898352,1.0534364127139535e-09,5.551115123125783e-16
8,11,55,23,0,23,0.003463170701430461,4.972330861077164e-11,3.3306690738754696e-16
8,11,55,24,0,24,0.0035756482243906123,1.189424676659679e-11,7.771561172376096e-16
8,11,55,25,0,25,0.00483375249058152,1.880435642145867e-11,6.661338147750939e-16
8,11,55,26,0,26,0.0034214320310023676,1.8711219804035968e-11,4.440892098500626e-16
8,11,55,27,0,27,0.0043806946151412635,4.4902376576982016e-11,7.771561172376096e-16
8,11,55,28,0,28,0.004956445937769844,5.840853868814838e-11,4.440892098500626e-16
8,11,55,29,0,29,0.004551131326289787,4.313408269740866e-12,4.440892098500626e-16
8,11,55,30,0,30,0.004347357987531081,1.7002968907290258e-10,5.551115123125783e-16
8,11,55,31,0,31,0.004297249129373095,7.793026269647335e-11,5.551115123125783e-16
8,11,55,32,0,32,0.004628094052361378,4.159638916600844e-10,3.3306690738754696e-16
8,11,55,33,0,33,0.004933767105154823,3.7359542731831065e-11,6.661338147750939e-16
8,11,55,34,0,34,0.004409158585249843,3.7405986679357677e-10,4.440892098500626e-16
8,11,55,35,0,35,0.004753118006054311,2.450189912301781e-11,5.551115123125783e-16
8,11,55,36,0,36,0.005354803784402836,8.845111074457462e-11,3.3306690738754696e-16
8,11,55,37,0,37,0.004822388711510671,3.006445488524447e-10,4.440892098500626e-16
8,11,55,38,0,38,0.005440347169811508,2.1778437624685875e-11,3.3306690738754696e-16
8,11,55,39,0,39,0.006119131312052672,6.037602158758768e-11,3.3306690738754696e-16
8,11,55,40,0,40,0.0034534274265770747,1.700427088082001e-10,5.551115123125783e-16
8,11,55,41,0,41,0.004607676244081648,2.3787410588419698e-11,4.440892098500626e-16
8,11,55,42,0,42,0.0051189518114224935,2.4794576900224144e-10,3.3306690738754696e-16
8,11,55,43,0,43,0.005963915162343474,8.544612991521904e-12,5.551115123125783e-16
8,11,55,44,0,44,0.006459457063216592,4.57427596034269e-11,4.440892098500626e-16
8,11,55,45,0,45,0.005293027891753718,1.4850359910037415e-10,8.881784197001252e-16
8,11,55,46,0,46,0.005855258297643202,1.4849114962446467e-11,4.440892098500626e-16
8,11,55,47,0,47,0.005174041677336794,3.456193959828254e-11,4.440892098500626e-16
8,11,55,48,0,48,0.005254849530340183,2.7824384161745632e-11,5.551115123125783e-16
8,11,55,49,0,49,0.005248682171512846,7.839753936721096e-12,5.551115123125783e-16
8,11,55,50,0,50,0.006300235556524675,2.797743367363121e-10,5.551115123125783e-16
8,11,55,51,0,51,0.005611361965296214,2.954439240658384e-10,5.551115123125783e-16
8,11,55,52,0,52,0.005372396804873483,1.1731318165263007e-10,4.440892098500626e-16
8,11,55,53,0,53,0.006336565862213105,7.163089365441472e-10,6.661338147750939e-16
8,11,55,54,0,54,0.0051718551193552925,1.3601788035406479e-11,6.661338147750939e-16
8,11,55,55,0,55,0.006254713270753978,7.840796891806143e-12,4.440892098500626e-16
8,11,56,56,0,56,0.0002212536297993933,4.4898251436107665e-09,5.551115123125783e-16
2,56,55,0,0,0,4.519456397944042e-05,,
2,56,55,1,0,1,0.0002931485318554835,1.5278199836881296e-13,0.0
2,56,55,2,0,2,0.0001934579018777024,3.2260254835372243e-13,0.0
2,56,55,3,0,3,1.81029875547947e-05,5.0868800668097486e-12,0.0
2,56,55,4,0,4,7.478700558685083e-06,2.827055396786175e-12,3.3306690738754696e-16
2,56,55,5,0,5,0.00010533678236843669,4.020612906795521e-12,4.440892098500626e-16
2,56,55,6,0,6,8.842198785926402e-05,1.1413518421865558e-12,3.3306690738754696e-16
2,56,55,7,0,7,0.00012622098068175991,9.750783369447383e-12,3.3306690738754696e-16
2,56,55,8,0,8,0.0001990484785181531,2.3773034169328063e-12,4.440892098500626e-16
2,56,55,9,0,9,3.38810509315315e-05,8.810560222289855e-12,1.1102230246251565e-16
2,56,55,10,0,10,0.00010398017517574827,6.6442101803621496e-12,2.220446049250313e-16
2,56,55,11,0,11,3.1991875965289633e-06,1.8661105514514604e-10,5.551115123125783e-16
2,56,55,12,0,12,0.00015613390578954111,3.534548186681163e-11,5.551115123125783e-16
2,56,55,13,0,13,7.989719222698632e-06,1.2815373675062486e-11,5.551115123125783e-16
2,56,55,14,0,14,9.418717817389e-05,1.688670072229395e-11,2.220446049250313e-16
2,56,55,15,0,15,6.431361718126584e-05,9.154371841127254e-11,5.551115123125783e-16
2,56,55,16,0,16,1.552355970699394e-05,3.283963954125143e-11,4.440892098500626e-16
2,56,55,17,0,17,3.645483378532888e-05,4.710196949304889e-11,4.440892098500626e-16
2,56,55,18,0,18,0.00018932823341940251,6.420173538919864e-09,7.771561172376096e-16
2,56,55,19,0,19,2.602977077616443e-05,1.2559575001488686e-09,4.440892098500626e-16
2,56,55,20,0,20,9.146883493589689e-06,6.208432346432203e-11,7.771561172376096e-16
2,56,55,21,0,21,2.9769593361396837e-05,8.412527981106271e-10,9.992007221626409e-16
2,56,55,22,0,22,4.031352392284701e-05,4.814768987397349e-11,5.551115123125783e-16
2,56,55,23,0,23,5.070562252116564e-05,2.512164027128256e-10,1.1102230246251565e-15
2,56,55,24,0,24,3.867037997805562e-05,4.769019988173753e-10,5.551115123125783e-16
2,56,55,25,0,25,9.781565215772502e-05,1.5980630250736732e-10,8.881784197001252e-16
2,56,55,26,0,26,2.28621279074367e-05,2.8141761509015366e-10,6.661338147750939e-16
2,56,55,27,0,27,3.3373186479350666e-05,6.056460955270338e-10,6.661338147750939e-16
2,56,55,28,0,28,6.762777753482077e-05,7.930389792367809e-11,9.992007221626409e-16
2,56,55,29,0,29,1.0419425952330968e-05,1.28301147051545e-09,5.551115123125783e-16
2,56,55,30,1,30,8.16198070132649e-06,1.8966941856555563e-10,5.551115123125783e-16
2,56,55,31,0,31,3.897925115088364e-05,1.294416994124006e-10,5.551115123125783e-16
2,56,55,32,0,32,6.62386458940617e-05,5.777745803893195e-10,5.551115123125783e-16
2,56,55,33,0,33,5.592560022111941e-05,3.120206418203079e-10,5.551115123125783e-16
2,56,55,34,0,34,3.0898417616856167e-06,4.3323234547370144e-09,3.3306690738754696e-16
2,56,55,35,0,35,2.7140919419238373e-05,1.7704919627498394e-10,4.440892098500626e-16
2,56,55,36,0,36,2.7258183832109612e-05,6.531204705836117e-10,5.551115123125783e-16
2,56,55,37,0,37,2.4570522693920244e-05,1.255616695208243e-10,5.551115123125783e-16
2,56,55,38,0,38,1.3355681161760177e-05,1.2611335063794283e-10,4.440892098500626e-16
2,56,55,39,0,39,4.168132764264508e-06,7.44456478481672e-10,8.881784197001252e-16
2,56,55,40,0,40,1.965723622914094e-05,4.463652273227401e-10,1.1102230246251565e-15
2,56,55,41,0,41,2.8980808184325534e-05,8.830124398152525e-11,6.661338147750939e-16
2,56,55,42,0,42,1.2339734404608136e-05,1.976851953722062e-09,5.551115123125783e-16
2,56,55,43,0,43,1.0250193751928425e-06,1.5783127602097943e-08,6.661338147750939e-16
2,56,55,44,0,44,3.2748845429178705e-06,1.1359585199139293e-09,3.3306690738754696e-16
2,56,55,45,0,45,2.1416094310324256e-05,2.039477290148763e-09,4.440892098500626e-16
2,56,55,46,0,46,1.8297932075470965e-05,2.853940279180786e-10,5.551115123125783e-16
2,56,55,47,0,47,2.0349975382979498e-05,2.767773026356878e-09,7.771561172376096e-16
2,56,55,48,0,48,3.003782356127997e-05,6.892160915216859e-10,4.440892098500626e-16
2,56,55,49,0,49,4.236902741380698e-05,8.933998442301015e-11,4.440892098500626e-16
2,56,55,50,0,50,3.7634065479593376e-06,5.406503261026997e-11,5.551115123125783e-16
2,56,55,51,0,51,4.0821618129136324e-07,6.96430481834838e-10,4.440892098500626e-16
2,56,55,52,0,52,1.631100116870066e-05,1.84284265047402e-10,8.881784197001252e-16
2,56,55,53,0,53,7.708289546184789e-05,4.9328146728946286e-11,5.551115123125783e-16
2,56,55,54,0,54,1.9545930329921683e-06,2.7193369961270727e-10,5.551115123125783e-16
2,56,55,55,0,55,3.715143757603834e-05,6.990571621243623e-11,6.661338147750939e-16
2,56,56,56,0,56,3.508839498366658e-07,2.5627050493145123e-09,7.771561172376096e-16
6,15,55,0,0,0,0.006975336515866442,,
6,15,55,1,0,1,0.006956375962132795,5.913290766720648e-15,1.1102230246251565e-16
6,15,55,2,0,2,0.006905261206068818,1.608126571299771e-13,1.1102230246251565e-16
6,15,55,3,0,3,0.007218657906942239,8.792472584207377e-13,1.1102230246251565e-16
6,15,55,4,0,4,0.007570546536084025,1.5313804675770762e-13,3.3306690738754696e-16
6,15,55,5,0,5,0.007137432006781061,4.628734956554045e-13,4.440892098500626e-16
6,15,55,6,0,6,0.006742730319336265,1.2064875256894856e-12,5.551115123125783e-16
6,15,55,7,0,7,0.006622524255903149,3.90821618599537e-13,2.220446049250313e-16
6,15,55,8,0,8,0.0059991978092711045,3.2581446463203355e-13,2.220446049250313e-16
6,15,55,9,0,9,0.007663692388728837,1.466628958460879e-11,4.440892098500626e-16
6,15,55,10,0,10,0.007326539147494969,1.2502786102462618e-12,3.3306690738754696e-16
6,15,55,11,0,11,0.007428167436246255,9.684748648410972e-13,4.440892098500626e-16
6,15,55,12,0,12,0.006625372148694998,3.9140790453473095e-12,3.3306690738754696e-16
6,15,55,13,0,13,0.007725381497205612,1.2317723421546794e-10,5.551115123125783e-16
6,15,55,14,0,14,0.0079315635757287,8.801550754017404e-12,3.3306690738754696e-16
6,15,55,15,0,15,0.00687912863589764,2.5642339564677337e-11,5.551115123125783e-16
6,15,55,16,0,16,0.008315928144549997,5.811817636346268e-12,4.440892098500626e-16
6,15,55,17,0,17,0.006858390208210071,3.793310083563859e-11,4.440892098500626e-16
6,15,55,18,0,18,0.0068864782901521425,2.723185897348145e-11,5.551115123125783e-16
6,15,55,19,0,19,0.008206747592823933,2.024467364982904e-11,1.1102230246251565e-16
6,15,55,20,0,20,0.006956579015844074,1.0563284987050233e-09,3.3306690738754696e-16
6,15,56,21,0,21,0.00015304984857674229,3.542520948019643e-11,4.440892098500626e-16
6,15,56,22,0,22,0.00028771608568749045,1.0732638970311109e-10,5.551115123125783e-16
6,15,56,23,0,23,0.0003577794439818714,5.743124479929442e-10,4.440892098500626e-16
6,15,56,24,0,24,0.0010689074717841708,3.376818375946757e-11,3.3306690738754696e-16
6,15,56,25,0,25,0.0006621447174994569,1.3245629289551094e-09,3.3306690738754696e-16
6,15,56,26,0,26,0.0011298475388286141,2.658161277327071e-10,4.440892098500626e-16
6,15,56,27,0,27,0.0009546590270605045,3.8079792649018224e-10,5.551115123125783e-16
6,15,56,28,0,28,0.0008639924100573689,5.633341038203809e-11,6.661338147750939e-16
6,15,56,29,0,29,0.0013102832314349532,4.142608345320391e-11,7.771561172376096e-16
6,15,56,30,0,30,0.001526398053157985,1.9810878800444728e-10,4.440892098500626e-16
6,15,56,31,0,31,0.001376371183573268,4.40382573819352e-11,4.440892098500626e-16
6,15,56,32,0,32,0.0012739518579614612,6.398779078433257e-11,5.551115123125783e-16
6,15,56,33,0,33,0.001663127666152696,4.659139306979892e-11,3.3306690738754696e-16
6,15,56,34,0,34,0.0018974663044146098,1.2652732879055087e-10,4.440892098500626e-16
6,15,56,35,0,35,0.0016696003706603035,1.5743567358185138e-09,6.661338147750939e-16
6,15,56,36,0,36,0.0021913846098174723,2.3480374211176887e-09,5.551115123125783e-16
6,15,56,37,0,37,0.0013951700412295853,7.347955660576592e-11,4.440892098500626e-16
6,15,56,38,0,38,0.0025533434195758836,1.3560943240164806e-10,5.551115123125783e-16
6,15,56,39,0,39,0.0026864827000513975,1.57496363066083e-10,5.551115123125783e-16
6,15,56,40,0,40,0.0024923742953622216,2.3165076545949295e-09,4.440892098500626e-16
6,15,56,41,0,41,0.002041697138325871,1.4068851066547482e-07,6.661338147750939e-16
6,15,56,42,0,42,0.0022040329169396556,1.9138404501395174e-11,6.661338147750939e-16
6,15,56,43,0,43,0.00288587016169173,5.893774561902087e-11,5.551115123125783e-16
6,15,56,44,0,44,0.0028096676973988896,4.47990084877613e-11,6.661338147750939e-16
6,15,56,45,0,45,0.002295826477684889,5.79891888562623e-10,6.661338147750939e-16
6,15,56,46,0,46,0.0025983823648327805,1.9861754824427407e-11,4.440892098500626e-16
6,15,56,47,0,47,0.0025703757164102945,3.3703377470502156e-11,4.440892098500626e-16
6,15,56,48,0,48,0.0028979789007542354,5.531623398412114e-11,7.771561172376096e-16
6,15,56,49,0,49,0.0026639425982505063,3.122812685821324e-11,3.3306690738754696e-16
6,15,56,50,0,50,0.00281622624762515,3.7498247479399325e-11,9.992007221626409e-16
6,15,56,51,0,51,0.0031889054658996705,1.5046040666285328e-10,7.771561172376096e-16
6,15,56,52,0,52,0.0039570193942664875,1.1937065632727165e-10,6.661338147750939e-16
6,15,56,53,0,53,0.0031652388160159544,3.013755321127264e-11,5.551115123125783e-16
6,15,56,54,0,54,0.0038632588947609425,1.6417264009376468e-11,5.551115123125783e-16
6,15,56,55,0,55,0.004093732010297569,4.5390805586580214e-11,1.1102230246251565e-15
6,15,56,56,0,56,0.003949860033192598,9.648380522017624e-11,7.771561172376096e-16
3,33,55,0,0,0,0.0049505518366121095,,
3,33,55,1,0,1,0.004882282047321845,9.555379423868816e-15,0.0
3,33,55,2,0,2,0.005797924547643488,1.1054684441785958e-13,3.3306690738754696e-16
3,33,55,3,0,3,0.005509840182013686,3.3661998279423205e-12,1.1102230246251565e-16
3,33,55,4,0,4,0.0052940173900076146,7.5027310338453e-13,1.1102230246251565e-16
3,33,55,5,0,5,0.005761506197115137,9.47810823965441e-12,6.661338147750939e-16
3,33,55,6,0,6,0.00047313977146787756,3.4957437218602158e-12,0.0
3,33,55,7,0,7,0.0036982619433798955,2.534179314788788e-12,7.771561172376096e-16
3,33,55,8,0,8,0.004699884359504624,2.9733287171518698e-12,2.220446049250313e-16
3,33,55,9,0,9,0.005171003055170049,2.878010844461148e-11,4.440892098500626e-16
3,33,55,10,0,10,0.003156217129091812,3.386106845251116e-12,2.220446049250313e-16
3,33,55,11,0,11,0.004195558204808102,1.0559729743505564e-11,4.440892098500626e-16
3,33,56,12,0,12,7.740322404030508e-05,6.679802148244043e-11,5.551115123125783e-16
3,33,56,13,0,13,0.0002446264626145497,6.651337775659638e-11,2.220446049250313e-16
3,33,56,14,0,14,0.0003411336703796416,8.068918392441635e-11,5.551115123125783e-16
3,33,56,15,0,15,0.0004976252921934799,7.557709664574856e-11,5.551115123125783e-16
3,33,56,16,0,16,0.0005525261741898516,2.7567875857212525e-11,4.440892098500626e-16
3,33,56,17,0,17,0.00024163830186738373,1.0079861050004838e-09,3.3306690738754696e-16
3,33,56,18,0,18,0.0004945870811295241,9.98589973539099e-10,2.220446049250313e-16
3,33,56,19,0,19,0.0006870825881466942,3.800379732750996e-11,5.551115123125783e-16
3,33,56,20,0,20,0.000404967687620689,4.408194878081873e-09,4.440892098500626e-16
3,33,56,21,0,21,0.00047190245116627443,7.22471756162631e-11,7.771561172376096e-16
3,33,56,22,0,22,0.000734188210379631,3.759521455235895e-11,2.220446049250313e-16
3,33,56,23,0,23,0.0007723347328037481,4.094004910078662e-10,5.551115123125783e-16
3,33,56,24,0,24,0.0005355697894418122,2.43657241555242e-11,2.220446049250313e-16
3,33,56,25,0,25,0.0007342299869377147,1.0211622863544368e-11,4.440892098500626e-16
3,33,56,26,0,26,0.000722055344698693,1.6938481654751367e-11,6.661338147750939e-16
3,33,56,27,0,27,0.0005196017306774945,4.397758964028164e-10,4.440892098500626e-16
3,33,56,28,0,28,0.0006375293705259414,1.4292621680696466e-10,6.661338147750939e-16
3,33,56,29,0,29,0.0011430260192813785,3.0952591536718477e-11,4.440892098500626e-16
3,33,56,30,0,30,0.00038294006187365904,1.1878720117625552e-09,5.551115123125783e-16
3,33,56,31,0,31,0.00033632985423025165,1.1097228055692324e-10,6.661338147750939e-16
3,33,56,32,0,32,8.583461185224485e-05,9.69869368797737e-11,6.661338147750939e-16
3,33,56,33,0,33,0.0005210110040332692,1.0467158346991307e-10,7.771561172376096e-16
3,33,56,34,0,34,0.0010026904641050913,1.1462720109851883e-10,6.661338147750939e-16
3,33,56,35,0,35,0.0002792019497820034,6.968056968244189e-10,4.440892098500626e-16
3,33,56,36,0,36,0.0002049704058319649,1.4817402180321973e-10,3.3306690738754696e-16
3,33,56,37,0,37,0.0014861058636636336,8.490799004089293e-10,6.661338147750939e-16
3,33,56,38,0,38,0.0002693737362737167,1.089254349183775e-10,7.771561172376096e-16
3,33,56,39,0,39,0.0012151958674834025,2.9476801731845623e-09,5.551115123125783e-16
3,33,56,40,0,40,0.0009084207089542235,2.2572465374378433e-09,6.661338147750939e-16
3,33,56,41,0,41,0.0010994410387619314,1.3044821394997963e-10,5.551115123125783e-16
3,33,56,42,0,42,0.0006789702530644458,1.343625527707996e-10,5.551115123125783e-16
3,33,56,43,0,43,0.0011222565822984758,5.1128171773042655e-09,6.661338147750939e-16
3,33,56,44,0,44,0.0004957154284899464,1.3332543036859197e-10,5.551115123125783e-16
3,33,56,45,0,45,0.000604788346368444,6.224375328705971e-10,5.551115123125783e-16
3,33,56,46,0,46,0.0005675959259224369,4.3553612341604036e-10,7.771561172376096e-16
3,33,56,47,0,47,0.0009267135639953799,5.199514025653326e-11,5.551115123125783e-16
3,33,56,48,0,48,0.0007053613496049733,2.5697507828278114e-10,7.771561172376096e-16
3,33,56,49,0,49,0.0005576145938885527,2.343866938140631e-09,6.661338147750939e-16
3,33,56,50,0,50,0.000982423265281992,1.4285634946836868e-10,3.3306690738754696e-16
3,33,56,51,0,51,0.0009114519348524062,3.316331251462797e-10,9.992007221626409e-16
3,33,56,52,0,52,0.0007293406306856363,3.730464400534212e-11,8.881784197001252e-16
3,33,56,53,0,53,0.0001648641342802749,4.60313380740396e-11,5.551115123125783e-16
3,33,56,54,0,54,0.001155378393927307,4.0270163571238915e-11,4.440892098500626e-16
3,33,56,55,0,55,0.0012044133768528322,2.7963435856882987e-10,8.881784197001252e-16
3,33,56,56,0,56,0.000529946828083215,1.792782128514544e-11,8.881784197001252e-16
9,10,56,0,0,0,0.00440621399023554,,
9,10,56,1,0,1,0.005371401680013068,1.0353223682618316e-14,0.0
9,10,56,2,0,2,0.005617801960211423,5.138318641218162e-14,1.1102230246251565e-16
9,10,56,3,0,3,0.004650793970683496,3.476862518303616e-13,1.1102230246251565e-16
9,10,56,4,0,4,0.005124040464815748,1.5416385991517492e-12,0.0
9,10,56,5,0,5,0.005220340795849691,1.4855483754068817e-12,2.220446049250313e-16
9,10,56,6,0,6,0.00578768398914321,1.0826734935969742e-11,3.3306690738754696e-16
9,10,56,7,0,7,0.0057249933340036635,1.3530107657903806e-12,1.1102230246251565e-16
9,10,56,8,0,8,0.006618918352665132,1.3602802152321995e-11,8.881784197001252e-16
9,10,56,9,0,9,0.0052486224059319206,1.4674446956811686e-12,6.661338147750939e-16
9,10,56,10,0,10,0.005489534920359932,1.524354145698777e-12,3.3306690738754696e-16
9,10,56,11,0,11,0.006492059640646898,1.3703936225768782e-09,3.3306690738754696e-16
9,10,56,12,0,12,0.006259687146682013,2.0098393947815565e-12,3.3306690738754696e-16
9,10,56,13,0,13,0.006261690263955319,1.2224432430124723e-10,4.440892098500626e-16
9,10,56,14,0,14,0.006292000257345812,1.4872282880902652e-12,1.1102230246251565e-16
9,10,56,15,0,15,0.005811272914079664,1.1504954455278334e-11,2.220446049250313e-16
9,10,56,16,0,16,0.0069584620930230505,1.9776236331123043e-12,2.220446049250313e-16
9,10,56,17,0,17,0.00661178426109539,1.4457345167821027e-12,3.3306690738754696e-16
9,10,56,18,0,18,0.005756105853456632,2.648177284304365e-12,3.3306690738754696e-16
9,10,56,19,0,19,0.007348090286954406,1.927054276922752e-12,3.3306690738754696e-16
9,10,56,20,0,20,0.007104719745496151,1.948127022070575e-10,1.1102230246251565e-16
9,10,56,21,0,21,0.005918991736207006,6.664967951435926e-12,3.3306690738754696e-16
9,10,56,22,0,22,0.006272223871674441,6.960608530564996e-12,5.551115123125783e-16
9,10,56,23,0,23,0.006696955701267004,9.108510290162066e-12,4.440892098500626e-16
9,10,56,24,0,24,0.007326774267828845,2.6835945879517877e-11,3.3306690738754696e-16
9,10,56,25,0,25,0.005691586930771529,7.00733946354565e-12,4.440892098500626e-16
9,10,56,26,0,26,0.007270597930050042,2.1643676379487957e-10,6.661338147750939e-16
9,10,56,27,0,27,0.00704699934673486,1.295768146523317e-10,6.661338147750939e-16
9,10,56,28,0,28,0.007356331822401189,4.970499764472254e-12,5.551115123125783e-16
9,10,56,29,0,29,0.007272460475693173,1.3559084822922536e-11,3.3306690738754696e-16
9,10,56,30,0,30,0.00655824928045348,1.4773658443628384e-11,7.771561172376096e-16
9,10,56,31,0,31,0.00829346992163237,2.343362900483024e-11,5.551115123125783e-16
9,10,56,32,0,32,0.008160453556576824,2.1929502976196452e-11,3.3306690738754696e-16
9,10,57,33,0,33,5.0154717819036336e-05,1.7712954690190023e-08,7.771561172376096e-16
9,10,57,34,0,34,0.0003500681180474631,5.810809603616496e-10,4.440892098500626e-16
9,10,57,35,0,35,0.000348336533685055,1.982709834752202e-10,6.661338147750939e-16
9,10,57,36,0,36,0.0007478957729581856,1.6165104419973059e-09,4.440892098500626e-16
9,10,57,37,0,37,0.0007641982949313464,3.5034838557844177e-09,4.440892098500626e-16
9,10,57,38,0,38,0.000928955004562715,1.2611994434281337e-10,8.881784197001252e-16
9,10,57,39,0,39,0.0007862305949211125,6.614193486212347e-11,5.551115123125783e-16
9,10,57,40,0,40,0.0009010327755672926,1.1171661809535114e-10,7.771561172376096e-16
9,10,57,41,0,41,0.0012747824187497696,4.307492510353097e-11,6.661338147750939e-16
9,10,57,42,0,42,0.0017706280932408011,7.274294956768787e-10,5.551115123125783e-16
9,10,57,43,0,43,0.0017978144308507134,1.7949346217499232e-10,5.551115123125783e-16
9,10,57,44,0,44,0.0011291738237459452,1.4529444223206194e-10,7.771561172376096e-16
9,10,57,45,0,45,0.0018253610211979466,1.9465051955389833e-10,6.661338147750939e-16
9,10,57,46,0,46,0.002039947043959289,4.898121350719058e-10,4.440892098500626e-16
9,10,57,47,0,47,0.0021690635226847945,3.088552777410514e-10,4.440892098500626e-16
9,10,57,48,0,48,0.002057874778437122,2.171273366901623e-10,5.551115123125783e-16
9,10,57,49,0,49,0.0015883318920814984,9.246626026815649e-11,5.551115123125783e-16
9,10,57,50,0,50,0.0014298679333616625,6.977972645994495e-11,6.661338147750939e-16
9,10,57,51,0,51,0.002222794325224115,3.2848213192717533e-10,9.992007221626409e-16
9,10,57,52,0,52,0.0019486306431531094,1.6508530303539752e-10,7.771561172376096e-16
9,10,57,53,0,53,0.0026631411120620267,2.0581341077927497e-10,5.551115123125783e-16
9,10,57,54,0,54,0.002643286925318144,2.1791150844352485e-10,4.440892098500626e-16
9,10,57,55,0,55,0.0025123436565994703,4.877672385119455e-11,1.1102230246251565e-15
9,10,57,56,0,56,0.002620265781530804,3.61912789178336e-11,5.551115123125783e-16
9,10,57,57,0,57,0.0027750293622617744,1.295602309643077e-10,1.1102230246251565e-15
7,13,56,0,0,0,0.007369430735427384,,
7,13,56,1,0,1,0.008981169192400464,7.452370169201427e-15,0.0
7,13,56,2,0,2,0.0069683306751078195,3.292642098571135e-13,3.3306690738754696e-16
7,13,56,3,0,3,0.009143168560351803,1.1134764775462785e-13,3.3306690738754696e-16
7,13,56,4,0,4,0.007816393796974208,3.5243030704882637e-13,3.3306690738754696e-16
7,13,56,5,0,5,0.007407504585164518,1.9362420352003447e-13,2.220446049250313e-16
7,13,56,6,0,6,0.007785041441145542,8.782027134451948e-14,1.1102230246251565e-16
7,13,56,7,0,7,0.007913544892632081,2.7775555688962234e-13,3.3306690738754696e-16
7,13,56,8,0,8,0.006538539334445473,2.048112527573793e-12,3.3306690738754696e-16
7,13,56,9,0,9,0.007749192855113938,6.098757793820597e-13,2.220446049250313e-16
7,13,56,10,0,10,0.008794005494076287,1.1374643340880988e-11,4.440892098500626e-16
7,13,56,11,0,11,0.007844566669276916,1.4045427695759269e-12,2.220446049250313e-16
7,13,56,12,0,12,0.00841944082806329,8.863543028624616e-12,8.881784197001252e-16
7,13,56,13,0,13,0.007192282518240606,4.6571764608075615e-12,4.440892098500626e-16
7,13,56,14,0,14,0.00863536709396292,3.1263121607059744e-11,4.440892098500626e-16
7,13,57,15,0,15,4.522171915904174e-05,2.2096953490826873e-10,3.3306690738754696e-16
7,13,57,16,0,16,0.0005446443042487909,8.022922152940593e-11,2.220446049250313e-16
7,13,57,17,0,17,0.0008590033740283312,4.353309591609997e-11,5.551115123125783e-16
7,13,57,18,0,18,0.0005570308111468789,1.7882063709028504e-10,6.661338147750939e-16
7,13,57,19,0,19,0.0009503928899378737,2.715170099646829e-10,3.3306690738754696e-16
7,13,57,20,0,20,0.0008219128744326378,5.075603373045768e-11,4.440892098500626e-16
7,13,57,21,0,21,0.0012332525539957959,1.0516255495995386e-10,4.440892098500626e-16
7,13,57,22,0,22,0.001061704534377952,8.570726740466936e-11,3.3306690738754696e-16
7,13,57,23,0,23,0.0018915651989389705,1.5283308655139858e-11,5.551115123125783e-16
7,13,57,24,0,24,0.0020842076727181904,3.449691462903608e-10,4.440892098500626e-16
7,13,57,25,0,25,0.0019419472352202463,7.802454391562054e-11,3.3306690738754696e-16
7,13,57,26,0,26,0.0021292756857967145,6.923523444268124e-11,8.881784197001252e-16
7,13,57,27,0,27,0.0019205195023627999,2.725297398942251e-11,4.440892098500626e-16
7,13,57,28,0,28,0.002341105498273916,2.6913601736761125e-10,3.3306690738754696e-16
7,13,57,29,0,29,0.002537652186164197,1.2569586832031154e-10,3.3306690738754696e-16
7,13,57,30,0,30,0.0020920053817099944,2.0969667929180832e-10,2.220446049250313e-16
7,13,57,31,0,31,0.0027890374479540027,9.936350230224855e-11,4.440892098500626e-16
7,13,57,32,0,32,0.002130964166805769,2.4937421968294278e-11,5.551115123125783e-16
7,13,57,33,0,33,0.00266766979058473,3.192064742921791e-10,5.551115123125783e-16
7,13,57,34,0,34,0.003027708982902062,3.085508034676195e-11,5.551115123125783e-16
7,13,57,35,0,35,0.002213307849159808,1.1042750396911123e-10,7.771561172376096e-16
7,13,57,36,0,36,0.0027736368033924107,2.625300095003791e-11,6.661338147750939e-16
7,13,57,37,0,37,0.0032871643354641256,3.5766880533730237e-11,4.440892098500626e-16
7,13,57,38,0,38,0.004120096231124116,1.0353001124993306e-09,6.661338147750939e-16
7,13,57,39,0,39,0.0032125777113207405,4.858602309139021e-10,5.551115123125783e-16
7,13,57,40,0,40,0.0027953282400053335,2.663204356756877e-10,6.661338147750939e-16
7,13,57,41,0,41,0.0035298199850427735,2.491605041514355e-10,4.440892098500626e-16
7,13,57,42,0,42,0.0033686346219398856,2.1413189564812277e-10,3.3306690738754696e-16
7,13,57,43,0,43,0.0037984743698459217,1.776707364972933e-11,5.551115123125783e-16
7,13,57,44,0,44,0.003441255391790929,3.9134599725604007e-11,5.551115123125783e-16
7,13,57,45,0,45,0.003051971817663886,1.5394153665940514e-10,7.771561172376096e-16
7,13,57,46,0,46,0.0038054097502974184,1.0846431457877484e-10,6.661338147750939e-16
7,13,57,47,0,47,0.003418156245326568,1.074758496287476e-09,5.551115123125783e-16
7,13,57,48,0,48,0.003968633202613149,4.620971501774859e-11,3.3306690738754696e-16
7,13,57,49,0,49,0.003521718134535549,1.1965862349028131e-10,4.440892098500626e-16
7,13,57,50,0,50,0.0036539545905138497,1.1727528238178104e-10,8.881784197001252e-16
7,13,57,51,0,51,0.004116136092230938,4.660378518533894e-10,8.881784197001252e-16
7,13,57,52,0,52,0.0045489302791109935,6.05868008074328e-11,6.661338147750939e-16
7,13,57,53,0,53,0.0041782292668877605,4.197617631796579e-10,5.551115123125783e-16
7,13,57,54,0,54,0.004713910082848972,1.3232308774085412e-10,6.661338147750939e-16
7,13,57,55,0,55,0.0042559138027935366,6.910267536247271e-11,6.661338147750939e-16
7,13,57,56,0,56,0.004062138564174396,5.4392573062918924e-12,5.551115123125783e-16
7,13,57,57,0,57,0.004200375656328608,4.231029523652978e-11,7.771561172376096e-16
4,24,57,0,0,0,0.0008637999725388785,,
4,24,57,1,0,1,0.0006586928256288212,4.3732556777909156e-14,1.1102230246251565e-16
4,24,57,2,0,2,0.0005671752981936509,4.420723268796743e-13,0.0
4,24,57,3,0,3,0.0006853486013288871,4.228690104371625e-13,0.0
4,24,57,4,0,4,0.0008568780373859127,1.6643988081240987e-13,3.3306690738754696e-16
4,24,57,5,0,5,0.0014063574601356956,7.849016165162148e-12,1.1102230246251565e-16
4,24,57,6,0,6,0.0016031142454745752,1.3227810999556488e-11,3.3306690738754696e-16
4,24,57,7,0,7,0.0019222832119036284,2.3012177383649697e-12,4.440892098500626e-16
4,24,57,8,0,8,0.0014909043084894475,2.896445764841404e-11,5.551115123125783e-16
4,24,57,9,0,9,0.0017050557608436275,3.949642805268878e-12,4.440892098500626e-16
4,24,57,10,0,10,0.0017619051124737348,6.461287142142122e-11,4.440892098500626e-16
4,24,57,11,0,11,0.001222361318234701,4.055275247017249e-10,4.440892098500626e-16
4,24,57,12,0,12,0.0022135212176493486,1.895296980231223e-11,2.220446049250313e-16
4,24,57,13,0,13,0.0021557971937644933,4.170380425804731e-11,3.3306690738754696e-16
4,24,57,14,0,14,0.0024231536380368824,7.356437149602798e-11,3.3306690738754696e-16
4,24,57,15,0,15,0.0025218091293227646,2.704548022819355e-11,3.3306690738754696e-16
4,24,57,16,0,16,0.0027356069105451157,2.5101592045580528e-11,4.440892098500626e-16
4,24,57,17,0,17,0.002209492749251828,9.425668794830044e-12,3.3306690738754696e-16
4,24,57,18,0,18,0.0019814093859068485,9.478062335886508e-11,3.3306690738754696e-16
4,24,57,19,0,19,0.0022529879638277612,2.727651902325963e-11,4.440892098500626e-16
4,24,57,20,0,20,0.0017186625054965482,1.5873533080769043e-11,4.440892098500626e-16
4,24,57,21,0,21,0.00242994408236891,3.213106250540074e-11,3.3306690738754696e-16
4,24,57,22,0,22,0.0028881049399954355,7.56603911056751e-12,4.440892098500626e-16
4,24,57,23,0,23,0.002711641773606163,3.7050832428097737e-10,7.771561172376096e-16
4,24,57,24,0,24,0.002810229159652438,1.6521961454120287e-10,3.3306690738754696e-16
4,24,57,25,0,25,0.002410178697988707,6.374227950723027e-11,4.440892098500626e-16
4,24,57,26,0,26,0.0020663477607103906,2.217189009069341e-11,1.1102230246251565e-16
4,24,57,27,0,27,0.002614127223063352,1.3083827895857746e-10,5.551115123125783e-16
4,24,57,28,0,28,0.003578400893820599,1.560057417755581e-11,4.440892098500626e-16
4,24,57,29,0,29,0.00274416668151527,6.696901541382914e-11,8.881784197001252e-16
4,24,57,30,0,30,0.002666281551383624,3.953386952592793e-10,5.551115123125783e-16
4,24,57,31,0,31,0.0035823761096035636,1.2971782291963326e-10,5.551115123125783e-16
4,24,57,32,0,32,0.002691425574062901,5.741937653467915e-10,9.992007221626409e-16
4,24,57,33,0,33,0.002993783027320246,3.66243100094527e-10,4.440892098500626e-16
4,24,57,34,0,34,0.0034714568367865636,1.360589107975926e-10,4.440892098500626e-16
4,24,57,35,0,35,0.003721428876196405,3.1376541059858415e-10,6.661338147750939e-16
4,24,57,36,0,36,0.0022462497284876323,2.039645965421864e-11,3.3306690738754696e-16
4,24,57,37,0,37,0.0029104929991742748,2.396937577773166e-09,7.771561172376096e-16
4,24,57,38,0,38,0.002623455125468933,4.852520374240899e-10,6.661338147750939e-16
4,24,57,39,0,39,0.0033121424386550642,3.2093429799988883e-10,5.551115123125783e-16
4,24,57,40,0,40,0.002014919693042004,9.531835194951462e-10,4.440892098500626e-16
4,24,57,41,0,41,0.003064779620567565,5.963400728053021e-11,7.771561172376096e-16
4,24,57,42,0,42,0.0030430049883569846,1.4768454385457574e-08,8.881784197001252e-16
4,24,57,43,0,43,0.003453548588597408,7.989771975578293e-11,7.771561172376096e-16
4,24,57,44,0,44,0.0029875878635240234,3.5587273333488503e-10,8.881784197001252e-16
4,24,57,45,0,45,0.0029373874759388006,1.1065761479566994e-10,5.551115123125783e-16
4,24,57,46,0,46,0.0039170859334750905,6.037472881541722e-11,4.440892098500626e-16
4,24,57,47,0,47,0.0037288604103882374,9.199007538005806e-10,6.661338147750939e-16
4,24,57,48,0,48,0.0037568446094653823,2.9036064958815145e-10,7.771561172376096e-16
4,24,57,49,0,49,0.003959105219293981,2.1655084636585384e-10,3.3306690738754696e-16
4,24,57,50,0,50,0.0030491290373478204,2.2546262399189237e-11,6.661338147750939e-16
4,24,57,51,0,51,0.0027070122443219914,2.4951772917849757e-10,5.551115123125783e-16
4,24,57,52,0,52,0.0032062947992003133,5.254409077124902e-10,8.881784197001252e-16
4,24,57,53,0,53,0.0032263645522532707,4.1261442980636026e-11,4.440892098500626e-16
4,24,57,54,0,54,0.00274215332711103,3.1802971623315364e-11,8.881784197001252e-16
4,24,58,55,0,55,0.0001809660848301564,2.418938232964311e-09,5.551115123125783e-16
4,24,58,56,0,56,9.664636191058135e-05,5.085659648518007e-09,8.881784197001252e-16
4,24,58,57,0,57,0.0001795330898216298,2.188324906602214e-09,7.771561172376096e-16
4,24,58,58,0,58,0.0003163748255264425,8.675076322542613e-11,6.661338147750939e-16
3,34,57,0,0,0,0.003431363633096291,,
3,34,57,1,0,1,0.0031159126726361965,5.233739113022448e-15,0.0
3,34,57,2,0,2,0.0030681117490442716,3.382882178093797e-14,2.220446049250313e-16
3,34,57,3,0,3,0.0032417243463111257,1.1908784204389787e-13,7.771561172376096e-16
3,34,57,4,0,4,0.003361589147020471,1.1342195636406202e-12,4.440892098500626e-16
3,34,57,5,0,5,0.004462208230863538,3.241066888614255e-13,3.3306690738754696e-16
3,34,57,6,0,6,0.0035527962067091836,8.786888566668943e-12,3.3306690738754696e-16
3,34,57,7,0,7,0.0030791934657991744,7.611264653506462e-12,4.440892098500626e-16
3,34,57,8,0,8,0.002269345340418839,3.38848877068736e-13,4.440892098500626e-16
3,34,57,9,0,9,0.003337371330008438,2.1014729414089914e-12,1.1102230246251565e-16
3,34,57,10,0,10,0.0025408717881278487,7.457033270468857e-12,3.3306690738754696e-16
3,34,57,11,0,11,0.002585286932484495,4.590488086049262e-11,5.551115123125783e-16
3,34,57,12,0,12,0.0023712565711774066,7.604942528710998e-11,8.881784197001252e-16
3,34,57,13,0,13,0.003104960989098572,3.444925587802611e-12,5.551115123125783e-16
3,34,57,14,0,14,0.002514263663941985,7.082780572852732e-12,4.440892098500626e-16
3,34,57,15,0,15,0.002587706826131264,2.9942053696170953e-12,6.661338147750939e-16
3,34,57,16,0,16,0.001931953488424044,2.026661391437635e-11,5.551115123125783e-16
3,34,57,17,0,17,0.0032433044309766734,6.755834192433863e-12,2.220446049250313e-16
3,34,57,18,0,18,0.0027837243167694167,9.096147838049305e-11,5.551115123125783e-16
3,34,57,19,0,19,0.003523692283782283,3.444856675667523e-11,5.551115123125783e-16
3,34,57,20,0,20,0.002891918385000183,2.7813273691525258e-11,8.881784197001252e-16
3,34,57,21,0,21,0.0007205318998502582,5.423209448013539e-11,7.771561172376096e-16
3,34,57,22,0,22,0.0025636983671763537,1.504721678952171e-11,4.440892098500626e-16
3,34,57,23,0,23,0.0010915849685429108,4.4526180622827896e-11,5.551115123125783e-16
3,34,57,24,0,24,0.0025309838919306844,7.863629353660895e-11,8.881784197001252e-16
3,34,57,25,0,25,0.0031098581827000192,1.5659931836671334e-11,6.661338147750939e-16
3,34,57,26,0,26,0.0024401115895066024,1.8266394271798697e-11,6.661338147750939e-16
3,34,57,27,0,27,0.002557329063426647,5.1670547064353445e-09,4.440892098500626e-16
3,34,58,28,0,28,5.043495271171217e-06,4.084098539227061e-09,7.771561172376096e-16
3,34,58,29,0,29,0.00015570102896752912,1.2378614971863824e-10,4.440892098500626e-16
3,34,58,30,0,30,7.967206508629465e-05,7.140609789879274e-10,7.771561172376096e-16
3,34,58,31,0,31,0.0002555084023893033,2.3469336326449122e-11,4.440892098500626e-16
3,34,58,32,0,32,0.00013882769710418775,2.03650931992105e-10,7.771561172376096e-16
3,34,58,33,0,33,0.0003069368006597686,1.2829638042643608e-10,5.551115123125783e-16
3,34,58,34,0,34,0.00025916248798430407,6.224921900652666e-10,6.661338147750939e-16
3,34,58,35,0,35,0.00032741931029527533,2.2697062307383111e-10,4.440892098500626e-16
3,34,58,36,0,36,0.0004733664937731412,1.254021610139886e-10,5.551115123125783e-16
3,34,58,37,0,37,0.00035306655124008355,1.3930387758963521e-08,5.551115123125783e-16
3,34,58,38,0,38,4.9898857257570346e-05,9.865882143715955e-10,4.440892098500626e-16
3,34,58,39,0,39,0.00032846371793724695,5.459340326286103e-11,5.551115123125783e-16
3,34,58,40,0,40,0.0005470982147631025,6.179995343359283e-10,7.771561172376096e-16
3,34,58,41,0,41,0.0007846901867527124,7.354002450879231e-10,7.771561172376096e-16
3,34,58,42,0,42,0.0005490701830579652,7.180418523954962e-11,4.440892098500626e-16
3,34,58,43,0,43,0.0005647050172635493,3.6186800526905726e-09,4.440892098500626e-16
3,34,58,44,0,44,0.00048155043454158156,1.73140921335012e-09,8.881784197001252e-16
3,34,58,45,0,45,0.00022125462480773476,5.622027392066517e-11,8.881784197001252e-16
3,34,58,46,0,46,0.0005222778039892034,6.8824096687283384e-09,7.771561172376096e-16
3,34,58,47,0,47,0.0006854031690021412,5.5619583021344994e-09,6.661338147750939e-16
3,34,58,48,0,48,0.0004348348519439086,7.336729333053933e-10,6.661338147750939e-16
3,34,58,49,0,49,0.00022873824957719133,3.1874175559359417e-09,4.440892098500626e-16
3,34,58,50,0,50,0.0007481472318372459,1.0257910776126977e-08,7.771561172376096e-16
3,34,58,51,0,51,0.0003391965138401641,2.891992657327674e-10,5.551115123125783e-16
3,34,58,52,0,52,0.000372120647945832,1.393578499313102e-10,6.661338147750939e-16
3,34,58,53,0,53,0.0004743279848374144,3.560289919755039e-10,6.661338147750939e-16
3,34,58,54,0,54,0.0005754886364303451,5.647742920391525e-11,6.661338147750939e-16
3,34,58,55,0,55,0.0002211103242433669,4.05688736319038e-09,4.440892098500626e-16
3,34,58,56,0,56,0.0005401429135567466,2.9633884521933243e-10,5.551115123125783e-16
3,34,58,57,0,57,0.0003830339039862428,2.639833164260053e-10,8.881784197001252e-16
3,34,58,58,0,58,0.0006278759174406002,1.1945088538457343e-10,5.551115123125783e-16
5,19,57,0,0,0,0.008227491882604977,,
5,19,58,1,0,1,0.00020318035489751528,7.530537883105192e-14,1.1102230246251565e-16
5,19,58,2,0,2,0.00024050828999285957,7.030498293604176e-12,0.0
5,19,58,3,0,3,0.0005810780660607529,5.95884661612328e-13,2.220446049250313e-16
5,19,58,4,0,4,0.0005583055664505252,7.020949992112964e-13,0.0
5,19,58,5,0,5,0.0005246795452617425,8.559352654721841e-12,3.3306690738754696e-16
5,19,58,6,0,6,0.0010387082775829212,1.7449104959448998e-11,4.440892098500626e-16
5,19,58,7,0,7,0.0009604727395653913,4.9593464992968075e-12,5.551115123125783e-16
5,19,58,8,0,8,0.0015295125398131907,1.27294194045106e-11,4.440892098500626e-16
5,19,58,9,0,9,0.001979468124444008,2.8867872630311874e-12,4.440892098500626e-16
5,19,58,10,0,10,0.0018435976927742197,9.411866785393631e-13,4.440892098500626e-16
5,19,58,11,0,11,0.0012719170140914812,6.92232176316456e-12,4.440892098500626e-16
5,19,58,12,0,12,0.0014521263304175518,2.5994173077406816e-11,4.440892098500626e-16
5,19,58,13,0,13,0.0016532820681258004,3.697401294135951e-12,4.440892098500626e-16
5,19,58,14,0,14,0.0016859239244131964,8.971355646729723e-12,1.1102230246251565e-16
5,19,58,15,0,15,0.002193208857162899,3.200117131651481e-11,2.220446049250313e-16
5,19,58,16,0,16,0.0019496949315408057,1.2700812924407123e-11,5.551115123125783e-16
5,19,58,17,0,17,0.002077805681573097,1.5865938653833975e-11,6.661338147750939e-16
5,19,58,18,0,18,0.002460622707734888,1.1842054167647733e-11,9.992007221626409e-16
5,19,58,19,0,19,0.0027948030845551786,5.637040132045872e-11,5.551115123125783e-16
5,19,58,20,0,20,0.002503114608721481,1.2762141225604673e-11,4.440892098500626e-16
5,19,58,21,0,21,0.0023540282403220064,1.493261394358037e-11,3.3306690738754696e-16
5,19,58,22,0,22,0.0022033759407843125,1.0935098630103742e-11,4.440892098500626e-16
5,19,58,23,0,23,0.002217012959484853,1.9942576660542295e-11,1.1102230246251565e-16
5,19,58,24,0,24,0.002817623671788039,1.3683978536673551e-11,2.220446049250313e-16
5,19,58,25,0,25,0.0024451799051936622,1.2546187301769214e-09,5.551115123125783e-16
5,19,58,26,0,26,0.002657892661267584,2.2988424973128572e-10,4.440892098500626e-16
5,19,58,27,0,27,0.003184042136077751,3.7216868164438654e-10,6.661338147750939e-16
5,19,58,28,0,28,0.0031987577909849863,3.117881877833879e-11,4.440892098500626e-16
5,19,58,29,0,29,0.0018778095638550256,1.1933304884506717e-11,5.551115123125783e-16
5,19,58,30,0,30,0.0030155508111020385,9.294174020949777e-12,4.440892098500626e-16
5,19,58,31,0,31,0.0036780233596745964,4.843068333211595e-11,9.992007221626409e-16
5,19,58,32,0,32,0.0025293499090513977,2.542349447648263e-11,7.771561172376096e-16
5,19,58,33,0,33,0.0032223211233649413,9.722069101926671e-11,6.661338147750939e-16
5,19,58,34,0,34,0.0037100903755207,1.3301408754142476e-10,5.551115123125783e-16
5,19,58,35,0,35,0.0037022113695482283,9.720862827414443e-11,5.551115123125783e-16
5,19,58,36,0,36,0.0031435920383869856,7.967002273847704e-11,5.551115123125783e-16
5,19,58,37,0,37,0.002299688923579418,1.479288695779176e-10,5.551115123125783e-16
5,19,58,38,0,38,0.0042868372571080275,1.235379024908905e-10,9.992007221626409e-16
5,19,58,39,0,39,0.0037865046484347274,3.571354065569987e-11,8.881784197001252e-16
5,19,58,40,0,40,0.00367889831391478,1.4598535283823258e-09,5.551115123125783e-16
5,19,58,41,0,41,0.0038655073370237217,2.0939981138916135e-09,7.771561172376096e-16
5,19,58,42,0,42,0.0038908177971662605,3.992006360570177e-11,1.4432899320127035e-15
5,19,58,43,0,43,0.004469997233132133,3.214057273325777e-10,5.551115123125783e-16
5,19,58,44,0,44,0.002790826142564448,1.0634460670522477e-10,7.771561172376096e-16
5,19,58,45,0,45,0.003632611822445446,1.217147500989892e-10,5.551115123125783e-16
5,19,58,46,0,46,0.0044750187721111535,4.749569203692582e-10,5.551115123125783e-16
5,19,58,47,0,47,0.0041719223363772635,5.7586924922265315e-11,5.551115123125783e-16
5,19,58,48,0,48,0.004423544239885368,2.3558087144868196e-10,7.771561172376096e-16
5,19,58,49,0,49,0.004799920109118797,4.958867461248285e-11,6.661338147750939e-16
5,19,58,50,0,50,0.004322133588579357,5.4919251461114595e-11,5.551115123125783e-16
5,19,58,51,0,51,0.004177881334104985,6.567850807910336e-11,5.551115123125783e-16
5,19,58,52,0,52,0.004141287353077304,1.3749999879424905e-09,8.881784197001252e-16
5,19,58,53,0,53,0.004384264017404347,3.6504654653793386e-11,4.440892098500626e-16
5,19,58,54,0,54,0.0041182034121821295,7.948823263045438e-11,7.771561172376096e-16
5,19,58,55,0,55,0.0038648271094124517,6.743379906742658e-10,7.771561172376096e-16
5,19,58,56,0,56,0.003222157752733693,3.9335915775842957e-10,7.771561172376096e-16
5,19,58,57,0,57,0.004150102841487442,2.71788777325423e-11,6.661338147750939e-16
5,19,58,58,0,58,0.004809423373123927,8.586169830059946e-12,7.771561172376096e-16
3,35,59,0,0,0,0.0017114817416009082,,
3,35,59,1,0,1,0.0018686346190999498,1.939086314903184e-14,0.0
3,35,59,2,0,2,0.0020407830956213065,4.0619740826209583e-13,0.0
3,35,59,3,0,3,0.002308143695021921,1.2653628651536064e-13,3.3306690738754696e-16
3,35,59,4,0,4,0.0021046946805422465,1.0701436570337437e-11,0.0
3,35,59,5,0,5,0.001426523157445745,6.542513278224757e-13,0.0
3,35,59,6,0,6,0.0017233777237171647,1.129480103544816e-12,7.771561172376096e-16
3,35,59,7,0,7,0.0014389844244110694,1.4438175046655642e-12,1.1102230246251565e-16
3,35,59,8,0,8,0.001899419695165777,1.0039384414306564e-12,8.881784197001252e-16
3,35,59,9,0,9,0.0019317880258683247,1.4696807686935746e-11,4.440892098500626e-16
3,35,59,10,0,10,0.0024248785419570843,2.8938204237216552e-11,3.3306690738754696e-16
3,35,59,11,0,11,0.0016769019298590007,1.7190452241549314e-10,4.440892098500626e-16
3,35,59,12,0,12,0.0028946426466639544,2.5800690583570528e-12,4.440892098500626e-16
3,35,59,13,0,13,0.0006667591038678601,1.1742133708280038e-11,6.661338147750939e-16
3,35,59,14,0,14,0.002164062259661506,1.697563354712908e-12,7.771561172376096e-16
3,35,59,15,0,15,0.0014517316078412495,3.562715635669202e-11,4.440892098500626e-16
3,35,59,16,0,16,0.0020084668274400175,1.504100853830342e-11,8.881784197001252e-16
3,35,59,17,0,17,0.0024540947728615785,1.1212205841917332e-11,3.3306690738754696e-16
3,35,59,18,0,18,0.0017899111819239064,1.8027988183673484e-11,3.3306690738754696e-16
3,35,59,19,0,19,0.001049363218181165,3.7779591259777334e-10,2.220446049250313e-16
3,35,59,20,0,20,0.0016418198346757667,4.028423543237247e-11,2.220446049250313e-16
3,35,59,21,0,21,0.0024819813636509087,3.0839272425899077e-10,7.771561172376096e-16
3,35,59,22,0,22,0.001719482569666811,1.4573438158213193e-11,7.771561172376096e-16
3,35,59,23,0,23,0.0018670303417339961,3.931474990220672e-11,5.551115123125783e-16
3,35,59,24,0,24,0.002081000722903458,1.6326145970797993e-11,4.440892098500626e-16
3,35,59,25,0,25,0.0019954682188731187,2.2826817579686895e-11,7.771561172376096e-16
3,35,59,26,0,26,0.0008370122967665238,5.063146924025751e-10,4.440892098500626e-16
3,35,59,27,0,27,0.0014018111297110013,8.814674769205151e-11,3.3306690738754696e-16
3,35,59,28,0,28,0.001145610055079238,7.647346846073446e-11,4.440892098500626e-16
3,35,59,29,0,29,0.0018746369808081101,9.214338499944189e-11,4.440892098500626e-16
3,35,59,30,0,30,0.002097712537165869,1.5995180329757312e-10,4.440892098500626e-16
3,35,59,31,0,31,0.0022642330511481483,4.0373158122460334e-11,4.440892098500626e-16
3,35,59,32,0,32,0.0004190134758676655,6.299027250694657e-11,6.661338147750939e-16
3,35,59,33,0,33,0.0009389190740099042,6.980592875697954e-11,4.440892098500626e-16
3,35,59,34,0,34,0.0007378608055551892,1.8713059629169742e-10,6.661338147750939e-16
3,35,59,35,0,35,0.0021467698423249504,2.0723383986101457e-10,6.661338147750939e-16
3,35,59,36,0,36,0.0014039024903587836,1.7962406035864614e-10,5.551115123125783e-16
3,35,59,37,0,37,0.0014577633262717095,9.47904945258378e-11,4.440892098500626e-16
3,35,59,38,0,38,0.0009179794973750745,1.0321558994377927e-10,7.771561172376096e-16
3,35,59,39,0,39,0.0007253094468090316,9.170500391332582e-11,6.661338147750939e-16
3,35,59,40,0,40,0.0012877982186769621,1.4100102452325545e-09,1.1102230246251565e-15
3,35,59,41,0,41,0.0015709161430035223,8.419832486988176e-11,8.881784197001252e-16
3,35,59,42,0,42,0.0008968539136474072,1.5572718427058315e-10,8.881784197001252e-16
3,35,59,43,0,43,0.0020493766178968312,1.1840367662969455e-09,6.661338147750939e-16
3,35,59,44,0,44,0.0009428918716054196,5.7349499726345134e-11,7.771561172376096e-16
3,35,60,45,0,45,1.1860858507552949e-05,8.730049803507683e-10,5.551115123125783e-16
3,35,60,46,0,46,9.865986227573898e-05,2.965367301368037e-09,4.440892098500626e-16
3,35,60,47,0,47,7.934895710828511e-05,7.893974734129903e-10,6.661338147750939e-16
3,35,60,48,0,48,0.00011068629417848294,2.9423617382859575e-10,6.661338147750939e-16
3,35,60,49,0,49,0.00016338562030280906,4.821711760836497e-09,6.661338147750939e-16
3,35,60,50,0,50,0.00010201103846902156,2.4631085490550327e-09,6.661338147750939e-16
3,35,60,51,0,51,0.00014278049996846521,8.825869978480365e-11,6.661338147750939e-16
3,35,60,52,0,52,0.00027689732382631344,1.2081322708306594e-10,6.661338147750939e-16
3,35,60,53,0,53,9.368194600745821e-05,5.176215452232184e-10,6.661338147750939e-16
3,35,60,54,0,54,0.00028204958721265235,2.182931957196391e-10,4.440892098500626e-16
3,35,60,55,0,55,0.00023202240808261194,1.4639507309590123e-08,5.551115123125783e-16
3,35,60,56,0,56,0.00047556944939050063,2.6486644416187984e-10,5.551115123125783e-16
3,35,60,57,0,57,6.382776897360288e-05,1.734201843506019e-10,5.551115123125783e-16
3,35,60,58,0,58,0.00031475680492483075,6.169523182010462e-11,6.661338147750939e-16
3,35,60,59,0,59,0.000264143508940311,1.785811421866903e-10,4.440892098500626e-16
3,35,60,60,0,60,0.00038945999640400985,3.7934752531291576e-11,7.771561172376096e-16
6,16,59,0,0,0,0.004267430093772805,,
6,16,59,1,0,1,0.0053490002758752484,7.596948131639651e-15,0.0
6,16,59,2,0,2,0.005170387559635405,1.2948355889213458e-13,0.0
6,16,59,3,0,3,0.0042562665616167035,2.4562142183812173e-13,2.220446049250313e-16
6,16,59,4,0,4,0.004976574639997723,1.1211968684476058e-12,2.220446049250313e-16
6,16,59,5,0,5,0.005298949404532222,3.281596663049646e-13,2.220446049250313e-16
6,16,59,6,0,6,0.005756775381534188,1.045454047449436e-12,3.3306690738754696e-16
6,16,59,7,0,7,0.0055618597094837996,1.236031577544567e-12,2.220446049250313e-16
6,16,59,8,0,8,0.005978110796905861,1.4373551782727236e-12,3.3306690738754696e-16
6,16,59,9,0,9,0.005193703716050404,1.0208853898066424e-11,1.1102230246251565e-16
6,16,59,10,0,10,0.005354511164526672,3.014234460917688e-11,5.551115123125783e-16
6,16,59,11,0,11,0.00541520348157678,3.5760697036965655e-12,4.440892098500626e-16
6,16,59,12,0,12,0.006285838622548909,2.3652392927516624e-12,5.551115123125783e-16
6,16,59,13,0,13,0.005686012625577327,5.08156299111232e-12,4.440892098500626e-16
6,16,59,14,0,14,0.0059641336977507365,2.319793282869076e-12,6.661338147750939e-16
6,16,59,15,0,15,0.006506665174980445,3.713737174078075e-12,7.771561172376096e-16
6,16,59,16,0,16,0.005741381094401513,4.163566292072298e-12,3.3306690738754696e-16
6,16,59,17,0,17,0.006342081873681327,7.792782338083093e-12,4.440892098500626e-16
6,16,59,18,0,18,0.006036623901803596,5.678178030901273e-12,7.771561172376096e-16
6,16,59,19,0,19,0.005289520018331209,2.5385288847132305e-11,5.551115123125783e-16
6,16,59,20,0,20,0.006611160774651225,2.2070229435562615e-11,3.3306690738754696e-16
6,16,59,21,0,21,0.00503161880872987,1.6069355875235e-10,3.3306690738754696e-16
6,16,59,22,0,22,0.00648733493159437,7.000999957532764e-11,2.220446049250313e-16
6,16,59,23,0,23,0.006447395651066404,2.3103280521067208e-11,4.440892098500626e-16
6,16,59,24,0,24,0.007316283465092316,2.636426126586735e-10,3.3306690738754696e-16
6,16,59,25,0,25,0.0058044314961021035,9.79673770707336e-11,4.440892098500626e-16
6,16,59,26,0,26,0.00629382560669934,3.585066677618653e-11,2.220446049250313e-16
6,16,59,27,0,27,0.007635379135587453,9.282558913609383e-12,5.551115123125783e-16
6,16,59,28,0,28,0.007737253591208046,2.6276847629496545e-11,3.3306690738754696e-16
6,16,59,29,0,29,0.006806391548611257,1.6815167807029576e-10,6.661338147750939e-16
6,16,60,30,0,30,2.3422468011533655e-05,4.7826431189182125e-08,8.881784197001252e-16
6,16,60,31,0,31,0.00047860103417684093,1.4729222168595096e-09,5.551115123125783e-16
6,16,60,32,0,32,0.00047199124142627285,4.50874731344002e-09,5.551115123125783e-16
6,16,60,33,0,33,0.00038671464346347084,9.99784765722914e-10,4.440892098500626e-16
6,16,60,34,0,34,0.0006628987393174739,3.5968200802792103e-10,3.3306690738754696e-16
6,16,60,35,0,35,0.0008022502503455274,1.8582236383075813e-10,4.440892098500626e-16
6,16,60,36,0,36,0.0008472451239525115,4.017932141303493e-10,6.661338147750939e-16
6,16,60,37,0,37,0.0013607333591379993,4.9959683843591016e-11,4.440892098500626e-16
6,16,60,38,0,38,0.0010375997645669106,1.4779573326733837e-10,5.551115123125783e-16
6,16,60,39,0,39,0.0011899489569840692,7.318384576148241e-10,6.661338147750939e-16
6,16,60,40,0,40,0.0008418550728939611,4.232204189442215e-11,5.551115123125783e-16
6,16,60,41,0,41,0.0013037521895664934,2.0688602653330874e-10,6.661338147750939e-16
6,16,60,42,0,42,0.001972178276541681,1.3343351322591776e-10,7.771561172376096e-16
6,16,60,43,0,43,0.0020284112490349454,8.272026740513468e-11,3.3306690738754696e-16
6,16,60,44,0,44,0.001532093320808142,1.1661359619151949e-10,7.771561172376096e-16
6,16,60,45,0,45,0.0017263973804997799,2.7108271478998454e-10,7.771561172376096e-16
6,16,60,46,0,46,0.002089256263899241,1.4282298845452574e-10,7.771561172376096e-16
6,16,60,47,0,47,0.0017982891711827685,1.719089079005144e-10,8.881784197001252e-16
6,16,60,48,0,48,0.0022202398053645044,1.169247415635448e-10,6.661338147750939e-16
6,16,60,49,0,49,0.002397726363073127,1.097901195521047e-09,4.440892098500626e-16
6,16,60,50,0,50,0.0024215909863698703,5.6996555896721705e-11,5.551115123125783e-16
6,16,60,51,0,51,0.0017688436602572829,1.8303687604487713e-10,4.440892098500626e-16
6,16,60,52,0,52,0.0019023497325325511,2.718892534139335e-10,3.3306690738754696e-16
6,16,60,53,0,53,0.002518015559640337,1.1481269538285535e-09,6.661338147750939e-16
6,16,60,54,0,54,0.0019474296188804739,1.3317300964270552e-10,3.3306690738754696e-16
6,16,60,55,0,55,0.0025403772040878676,4.132650379074058e-11,4.440892098500626e-16
6,16,60,56,0,56,0.0019309287499505168,1.4045742815441615e-10,5.551115123125783e-16
6,16,60,57,0,57,0.0018929662710728086,7.642922735423388e-11,8.881784197001252e-16
6,16,60,58,0,58,0.002094498094761299,3.0354008337229657e-10,5.551115123125783e-16
6,16,60,59,0,59,0.0025219957913515073,2.2075051787024722e-10,7.771561172376096e-16
6,16,60,60,0,60,0.0023334309318612818,4.5038153678373315e-11,8.881784197001252e-16
4,25,59,0,0,0,0.003574441634685724,,
4,25,59,1,0,1,0.00515443983070663,1.127750710171271e-14,0.0
4,25,59,2,0,2,0.003929167349918731,5.55390145499144e-14,2.220446049250313e-16
4,25,59,3,0,3,0.004175376256287354,1.2993263862251844e-13,1.1102230246251565e-16
4,25,59,4,0,4,0.004030457688034699,2.1795761616810743e-12,2.220446049250313e-16
4,25,59,5,0,5,0.0043589716332657616,1.623017192721145e-12,3.3306690738754696e-16
4,25,59,6,0,6,0.003431381568949275,4.0643752867923064e-10,3.3306690738754696e-16
4,25,59,7,0,7,0.004203922024558809,3.7866313312869364e-13,4.440892098500626e-16
4,25,59,8,0,8,0.0048077155125295055,8.247989734636401e-11,6.661338147750939e-16
4,25,59,9,0,9,0.00407935621300796,3.454142502241599e-11,7.771561172376096e-16
4,25,59,10,0,10,0.005499770300584928,2.5416678966498046e-12,4.440892098500626e-16
4,25,59,11,0,11,0.004917316298812196,2.617823687166866e-09,2.220446049250313e-16
4,25,59,12,0,12,0.005474203566933245,5.219877570349813e-12,2.220446049250313e-16
4,25,59,13,0,13,0.005460129903473273,2.613030864580913e-10,3.3306690738754696e-16
4,25,59,14,0,14,0.003467998119169195,4.2588745891914907e-10,1.1102230246251565e-15
4,25,59,15,0,15,0.0050653531384411265,1.96640877263555e-11,4.440892098500626e-16
4,25,59,16,0,16,0.0032476303669588527,6.450625620721472e-12,4.440892098500626e-16
4,25,59,17,0,17,0.005525996270239391,4.2788003321448983e-10,3.3306690738754696e-16
4,25,59,18,0,18,0.0054762333005045375,1.339899237131078e-11,6.661338147750939e-16
4,25,59,19,0,19,0.005226933725179351,1.2117123831710744e-11,6.661338147750939e-16
4,25,59,20,0,20,0.002431661435280333,3.4970096657836878e-12,5.551115123125783e-16
4,25,59,21,0,21,0.005389377371725558,2.0235718690915912e-11,3.3306690738754696e-16
4,25,59,22,0,22,0.005263363240287778,1.227206908235501e-10,2.220446049250313e-16
4,25,59,23,0,23,0.004941515859090976,9.545597501985996e-10,5.551115123125783e-16
4,25,59,24,0,24,0.0034516814199616625,3.2918185230134274e-11,5.551115123125783e-16
4,25,59,25,0,25,0.004991230206773028,3.012745703197084e-11,6.661338147750939e-16
4,25,59,26,0,26,0.004672571366868067,1.4583640976677188e-11,3.3306690738754696e-16
4,25,59,27,0,27,0.004357396794641313,4.7919256305023786e-11,5.551115123125783e-16
4,25,59,28,0,28,0.0051827269638741935,4.387541632101843e-10,7.771561172376096e-16
4,25,59,29,0,29,0.0026748998999700565,6.173512274404497e-11,6.661338147750939e-16
4,25,60,30,0,30,0.00016002670605328034,1.047777790601249e-10,4.440892098500626e-16
4,25,60,31,0,31,0.00012361741799969176,5.525420217885943e-11,4.440892098500626e-16
4,25,60,32,0,32,0.00023836636099342252,5.517035787267645e-10,6.661338147750939e-16
4,25,60,33,0,33,0.0003007219917266837,1.6662780322789883e-10,3.3306690738754696e-16
4,25,60,34,0,34,0.000396073089742233,2.445151943130832e-10,4.440892098500626e-16
4,25,60,35,0,35,0.0002516864149395642,1.4072644304500645e-09,7.771561172376096e-16
4,25,60,36,0,36,0.00048560118379441334,8.863647403648589e-10,6.661338147750939e-16
4,25,60,37,0,37,0.0005851923426605322,4.368272930397909e-10,7.771561172376096e-16
4,25,60,38,0,38,0.0004845096872180122,1.8551617381068612e-09,5.551115123125783e-16
4,25,60,39,0,39,0.0009295788848854373,1.9072596637120062e-10,6.661338147750939e-16
4,25,60,40,0,40,0.0006593485985862841,3.6140365257242344e-10,6.661338147750939e-16
4,25,60,41,0,41,0.0007588771642511705,5.594804755671706e-10,7.771561172376096e-16
4,25,60,42,0,42,0.0013813960690502323,1.1775618266150773e-10,7.771561172376096e-16
4,25,60,43,0,43,0.000525833353481764,1.9730427398147873e-10,4.440892098500626e-16
4,25,60,44,0,44,0.0008736855739279448,6.254564898856734e-10,5.551115123125783e-16
4,25,60,45,0,45,0.0011293456491880927,2.7043722954318673e-10,5.551115123125783e-16
4,25,60,46,0,46,0.0010761492049416227,2.708147383113245e-10,5.551115123125783e-16
4,25,60,47,0,47,0.0013950499048521418,2.9661059280375926e-10,5.551115123125783e-16
4,25,60,48,0,48,0.0010753141159916184,3.7138086444755356e-10,7.771561172376096e-16
4,25,60,49,0,49,0.0009734156979468882,4.40024229102274e-10,4.440892098500626e-16
4,25,60,50,0,50,0.0015949031253552795,9.565089421098957e-10,4.440892098500626e-16
4,25,60,51,0,51,0.0012312017391612163,2.487431170368397e-10,4.440892098500626e-16
4,25,60,52,0,52,0.001329399112456816,3.281055111895954e-10,7.771561172376096e-16
4,25,60,53,0,53,0.001384534643023391,3.143426387266243e-10,6.661338147750939e-16
4,25,60,54,0,54,0.001338568938528016,3.134511385031382e-10,8.881784197001252e-16
4,25,60,55,0,55,0.00154947321162259,1.1597385952173817e-10,7.771561172376096e-16
4,25,60,56,0,56,0.0013349101922589478,2.2082503487624487e-10,9.992007221626409e-16
4,25,60,57,0,57,0.001121550246921501,5.619547523977383e-11,5.551115123125783e-16
4,25,60,58,0,58,0.0014640144829984215,2.05178722548851e-10,5.551115123125783e-16
4,25,60,59,0,59,0.0012967203148957077,1.9126734375280158e-11,5.551115123125783e-16
4,25,60,60,0,60,0.0011528343295898412,4.7209121325488806e-11,6.661338147750939e-16
8,12,60,0,0,0,0.003027719542190475,,
8,12,60,1,0,1,0.0034212384559535276,1.1729317156794666e-14,0.0
8,12,60,2,0,2,0.002673817219168552,3.919927166745531e-14,0.0
8,12,60,3,0,3,0.00358251213787046,9.028250935984065e-14,0.0
8,12,60,4,0,4,0.004494265178948783,3.880808756378992e-13,6.661338147750939e-16
8,12,60,5,0,5,0.003909507870012478,1.1913507082662445e-13,2.220446049250313e-16
8,12,60,6,0,6,0.0041847376763912165,7.563753901545352e-13,3.3306690738754696e-16
8,12,60,7,0,7,0.003280208749538386,1.969601339370124e-12,5.551115123125783e-16
8,12,60,8,0,8,0.003790368351622597,1.6509342764231022e-11,6.661338147750939e-16
8,12,60,9,0,9,0.004333798640913678,8.591057352416817e-12,4.440892098500626e-16
8,12,60,10,0,10,0.004056911922775267,2.6140142697590177e-12,2.220446049250313e-16
8,12,60,11,0,11,0.004023360492686769,4.244360563085705e-11,1.1102230246251565e-16
8,12,60,12,0,12,0.004915980928132644,1.126921140626067e-12,3.3306690738754696e-16
8,12,60,13,0,13,0.004545110892332673,7.299910868792405e-11,1.1102230246251565e-16
8,12,60,14,0,14,0.0037685900943180413,1.8002985541983565e-11,4.440892098500626e-16
8,12,60,15,0,15,0.004620492116449857,1.708533945035731e-11,4.440892098500626e-16
8,12,60,16,0,16,0.0046682507021667775,2.2635933991361235e-09,8.881784197001252e-16
8,12,60,17,0,17,0.005312430608110489,5.15613547866364e-12,6.661338147750939e-16
8,12,60,18,0,18,0.005057661225201842,1.5099274043999817e-11,3.3306690738754696e-16
8,12,60,19,0,19,0.0046343500046470785,6.087040033377091e-11,4.440892098500626e-16
8,12,60,20,0,20,0.005200516317942673,6.629474851806958e-10,8.881784197001252e-16
8,12,60,21,0,21,0.005232073985726276,8.555096260849361e-12,2.220446049250313e-16
8,12,60,22,0,22,0.005359134725538585,7.939305559027061e-11,4.440892098500626e-16
8,12,60,23,0,23,0.005386752113638334,4.7902254885743274e-11,6.661338147750939e-16
8,12,60,24,0,24,0.005452446962610091,8.445318041294471e-11,1.2212453270876722e-15
8,12,60,25,0,25,0.005405888807527145,6.720105880762442e-12,4.440892098500626e-16
8,12,60,26,0,26,0.005690861841051484,2.7625311457562737e-11,5.551115123125783e-16
8,12,60,27,0,27,0.005396830610194551,6.921001919407957e-11,5.551115123125783e-16
8,12,60,28,0,28,0.006122900927131703,6.181375604645942e-12,4.440892098500626e-16
8,12,60,29,0,29,0.005530223078163136,1.0100790177974552e-11,3.3306690738754696e-16
8,12,60,30,0,30,0.0057633995385328995,2.949137838706898e-11,5.551115123125783e-16
8,12,60,31,0,31,0.00629574060838585,1.0536657113703586e-10,4.440892098500626e-16
8,12,60,32,0,32,0.006826628938146291,2.2142671983128642e-11,5.551115123125783e-16
8,12,60,33,0,33,0.005866136532208993,9.111608004377352e-11,4.440892098500626e-16
8,12,60,34,0,34,0.006049706875277561,2.6171670056392237e-11,6.661338147750939e-16
8,12,60,35,0,35,0.00601895043239691,7.449084392576955e-10,6.661338147750939e-16
8,12,60,36,0,36,0.00662904692493273,4.8061309306684075e-11,4.440892098500626e-16
8,12,60,37,0,37,0.00598514065080518,1.399231939573132e-10,6.661338147750939e-16
8,12,60,38,0,38,0.00787363171042153,3.087305101957229e-11,5.551115123125783e-16
8,12,60,39,0,39,0.006128130584090929,5.769439508487837e-11,8.881784197001252e-16
8,12,60,40,0,40,0.006259079147802446,1.7212677155237395e-11,7.771561172376096e-16
8,12,60,41,0,41,0.007178315479272756,3.27576952118554e-11,5.551115123125783e-16
8,12,60,42,0,42,0.007314684156680203,1.1327203923111764e-09,5.551115123125783e-16
8,12,61,43,0,43,0.00014349062705635727,5.802490027780187e-11,7.771561172376096e-16
8,12,61,44,0,44,0.0003287542734898387,2.6662440188797793e-10,5.551115123125783e-16
8,12,61,45,0,45,0.00022440146293192125,2.8067145689891592e-09,5.551115123125783e-16
8,12,61,46,0,46,0.00041633748969851565,3.771615107048212e-09,4.440892098500626e-16
8,12,61,47,0,47,0.00045942395858423584,8.701466883583347e-10,6.661338147750939e-16
8,12,61,48,0,48,0.0005480284370601884,2.715012816764847e-10,5.551115123125783e-16
8,12,61,49,0,49,0.0013890115139049445,6.300447667419234e-10,6.661338147750939e-16
8,12,61,50,0,50,0.0008275481766216435,1.8371682394661086e-10,4.440892098500626e-16
8,12,61,51,0,51,0.0009186853639997866,3.1537331700721627e-09,6.661338147750939e-16
8,12,61,52,0,52,0.0006602354749164536,4.6883718210209455e-09,5.551115123125783e-16
8,12,61,53,0,53,0.0013987548433236272,4.13989409577305e-09,6.661338147750939e-16
8,12,61,54,0,54,0.0012841533847244384,5.815469492267492e-10,5.551115123125783e-16
8,12,61,55,0,55,0.0014367441405810405,2.1081297799339855e-10,8.881784197001252e-16
8,12,61,56,0,56,0.001957072322530525,1.6790310234750085e-10,7.771561172376096e-16
8,12,61,57,0,57,0.001655365157909089,1.1605486543408602e-10,4.440892098500626e-16
8,12,61,58,0,58,0.0018091654209319492,5.015103112586718e-10,7.771561172376096e-16
8,12,61,59,0,59,0.0015109834174571524,9.686712058985605e-11,6.661338147750939e-16
8,12,61,60,0,60,0.0014019222679765237,4.1724697411174156e-10,7.771561172376096e-16
8,12,61,61,0,61,0.0017305068530804205,1.514806814339143e-10,5.551115123125783e-16
3,36,60,0,0,0,0.005725736988990421,,
3,36,61,1,0,1,0.0003017958053228237,1.1114110037637274e-13,1.1102230246251565e-16
3,36,61,2,0,2,3.1168952209119046e-05,5.930361620452871e-13,0.0
3,36,61,3,0,3,0.00020360145366074713,1.2931039208568642e-12,2.220446049250313e-16
3,36,61,4,0,4,0.0004476445610220792,3.3369918180528987e-12,1.1102230246251565e-16
3,36,61,5,0,5,0.0006122456193982254,3.968713491335271e-12,2.220446049250313e-16
3,36,61,6,0,6,0.00044332414201332497,4.011426949452332e-12,0.0
3,36,61,7,0,7,0.0005646880755727858,9.003730552301142e-12,1.1102230246251565e-16
3,36,61,8,0,8,0.000703999348264425,1.175683871605702e-11,2.220446049250313e-16
3,36,61,9,0,9,0.0006286575837314648,4.429602398338611e-12,4.440892098500626e-16
3,36,61,10,0,10,0.0010033138305369713,5.148964560145755e-12,0.0
3,36,61,11,0,11,0.0008100191049003102,3.16109587913299e-10,4.440892098500626e-16
3,36,61,12,0,12,0.0009860480339477793,7.197915100551114e-12,2.220446049250313e-16
3,36,61,13,0,13,0.0009875031124604164,6.919588487456182e-12,5.551115123125783e-16
3,36,61,14,0,14,0.0011120322505724907,7.780452999024987e-10,5.551115123125783e-16
3,36,61,15,0,15,0.0010163198850104654,1.4697365231022503e-11,5.551115123125783e-16
3,36,61,16,0,16,0.0012637921500629505,5.7909181982881836e-11,6.661338147750939e-16
3,36,61,17,0,17,0.0010108126342925478,1.29814836019449e-10,3.3306690738754696e-16
3,36,61,18,0,18,0.0007241291176406582,2.2617739388215648e-11,4.440892098500626e-16
3,36,61,19,0,19,0.0011679464043664177,5.66365575613815e-11,4.440892098500626e-16
3,36,61,20,0,20,0.0017864185891372166,4.279150145460694e-11,6.661338147750939e-16
3,36,61,21,0,21,0.0007337574256128577,2.1418700217857328e-11,3.3306690738754696e-16
3,36,61,22,0,22,0.0014943143657844638,4.149046778322404e-10,6.661338147750939e-16
3,36,61,23,0,23,0.0013052520563236177,1.7441817123551918e-11,2.220446049250313e-16
3,36,61,24,0,24,0.00044878946664867457,1.4168938511307996e-10,9.992007221626409e-16
3,36,61,25,0,25,0.0011833877358885002,4.2850089083965546e-11,4.440892098500626e-16
3,36,61,26,0,26,0.001267287174453048,1.610809845007595e-11,5.551115123125783e-16
3,36,61,27,0,27,0.0002720001195916804,2.8758455858211252e-11,6.661338147750939e-16
3,36,61,28,0,28,0.0013564875113788238,8.661008587702846e-11,3.3306690738754696e-16
3,36,61,29,0,29,0.0012181803946166685,2.2987684708408349e-10,6.661338147750939e-16
3,36,61,30,0,30,0.0008390153743814547,2.9312884485201064e-10,9.992007221626409e-16
3,36,61,31,0,31,0.0014590157018318371,1.6627116343312468e-10,5.551115123125783e-16
3,36,61,32,0,32,0.0013557130229919364,2.0094174048607303e-09,6.661338147750939e-16
3,36,61,33,0,33,0.0006859698709550933,8.852240638451134e-11,4.440892098500626e-16
3,36,61,34,0,34,0.001612141595014521,9.035388492316837e-11,4.440892098500626e-16
3,36,61,35,0,35,0.0014255460655327862,1.0211867603438754e-10,6.661338147750939e-16
3,36,61,36,0,36,0.0002222200900341429,9.981159171244262e-11,4.440892098500626e-16
3,36,61,37,0,37,0.000818772703608686,1.6520810322259874e-10,5.551115123125783e-16
3,36,61,38,0,38,0.0013646887274705484,8.006398488817467e-11,7.771561172376096e-16
3,36,61,39,0,39,0.0007679012463368545,1.0708127943400793e-10,5.551115123125783e-16
3,36,61,40,0,40,0.0004484935354910844,2.7016693573697895e-10,8.881784197001252e-16
3,36,61,41,0,41,0.0012451546023054577,4.1414653243470533e-10,6.661338147750939e-16
3,36,61,42,0,42,0.001011967953344897,2.1922958517815223e-08,8.881784197001252e-16
3,36,61,43,0,43,0.0007925628536994563,4.92943238094772e-11,5.551115123125783e-16
3,36,61,44,0,44,0.0007643943716416448,2.8735460430899905e-10,8.881784197001252e-16
3,36,61,45,0,45,0.00044441865797030224,3.2204490961726075e-10,7.771561172376096e-16
3,36,61,46,0,46,0.001512715799174397,8.605169271265497e-11,4.440892098500626e-16
3,36,61,47,0,47,0.0009368366641394426,2.7474212750813355e-10,4.440892098500626e-16
3,36,61,48,0,48,0.0012103974087721268,1.452395253050373e-10,6.661338147750939e-16
3,36,61,49,0,49,0.001168113390739874,2.451315374597654e-10,4.440892098500626e-16
3,36,61,50,0,50,0.0003265089688223532,1.6550085157819687e-10,6.661338147750939e-16
3,36,61,51,0,51,0.0009892724943330762,9.150763656828952e-11,6.661338147750939e-16
3,36,61,52,0,52,0.00022219263670399892,1.099391516845185e-10,5.551115123125783e-16
3,36,61,53,0,53,0.0008776641141908173,2.3311498587817524e-11,7.771561172376096e-16
3,36,61,54,0,54,0.00035308303543697553,8.457128323049882e-11,7.771561172376096e-16
3,36,61,55,0,55,0.0005620092126162761,9.298746345729243e-11,3.3306690738754696e-16
3,36,61,56,0,56,0.0011911761661062025,1.1098879778878531e-10,5.551115123125783e-16
3,36,61,57,0,57,0.001487240796676825,3.597288562664961e-11,8.881784197001252e-16
3,36,61,58,0,58,0.00047170782743271276,1.6079990953308445e-07,9.992007221626409e-16
3,36,61,59,0,59,0.0010330500561102473,1.054034803171375e-10,6.661338147750939e-16
3,36,61,60,0,60,0.001411518389396585,1.9524525833175817e-10,5.551115123125783e-16
3,36,61,61,0,61,0.0008613794430640948,4.4847935480740346e-11,7.771561172376096e-16
5,20,61,0,0,0,0.0016932785654796894,,
5,20,61,1,0,1,0.001917815926630893,1.2039995154200278e-14,1.1102230246251565e-16
5,20,61,2,0,2,0.001491306997659118,1.692551277040875e-13,7.771561172376096e-16
5,20,61,3,0,3,0.0017594442740011189,5.090741386434909e-13,2.220446049250313e-16
5,20,61,4,0,4,0.0014752930203134065,5.147640244045771e-13,1.1102230246251565e-16
5,20,61,5,0,5,0.0018520515118916224,3.257118740121042e-12,5.551115123125783e-16
5,20,61,6,0,6,0.0026217686479557724,8.542481722696003e-13,5.551115123125783e-16
5,20,61,7,0,7,0.002162868573186464,9.679765430925819e-12,5.551115123125783e-16
5,20,61,8,0,8,0.002587685940109535,2.4457975978633155e-12,4.440892098500626e-16
5,20,61,9,0,9,0.0022633928380973167,5.832463244914387e-12,9.992007221626409e-16
5,20,61,10,0,10,0.002805667219610275,8.329823148130398e-13,5.551115123125783e-16
5,20,61,11,0,11,0.0027834342129885027,7.754999861746474e-11,3.3306690738754696e-16
5,20,61,12,0,12,0.0031555781817291695,9.193198001367149e-12,2.220446049250313e-16
5,20,61,13,0,13,0.0029754812110254635,2.8347791403249144e-12,2.220446049250313e-16
5,20,61,14,0,14,0.002537146378146709,2.9326374474110366e-12,3.3306690738754696e-16
5,20,61,15,0,15,0.0032568049181458656,7.929656912129735e-12,4.440892098500626e-16
5,20,61,16,0,16,0.0028383903921496956,2.576718589692981e-10,5.551115123125783e-16
5,20,61,17,0,17,0.0030513722927188883,4.0144167976906746e-10,5.551115123125783e-16
5,20,61,18,0,18,0.0031459537889595534,1.741725935459836e-10,5.551115123125783e-16
5,20,61,19,0,19,0.003197420386041415,2.5018238465562174e-10,6.661338147750939e-16
5,20,61,20,0,20,0.003230102106569557,5.058818422435641e-12,4.440892098500626e-16
5,20,61,21,0,21,0.004010738099650839,1.3007661328893096e-10,6.661338147750939e-16
5,20,61,22,0,22,0.0032002603221250895,1.5405094242192945e-11,4.440892098500626e-16
5,20,61,23,0,23,0.0030275649523646814,1.012892591261485e-10,7.771561172376096e-16
5,20,61,24,0,24,0.0034689716414522077,2.2112701922654083e-11,4.440892098500626e-16
5,20,61,25,0,25,0.0037608427058150955,3.401947571481198e-10,7.771561172376096e-16
5,20,61,26,0,26,0.0037112111794655746,1.920255071943017e-11,5.551115123125783e-16
5,20,61,27,0,27,0.003660883295678146,2.2404328266399484e-10,5.551115123125783e-16
5,20,61,28,0,28,0.004387515631976603,1.9015882706711753e-10,3.3306690738754696e-16
5,20,61,29,0,29,0.004139610845418369,3.04330852572896e-11,4.440892098500626e-16
5,20,61,30,0,30,0.004422411298519969,4.022118403513706e-11,6.661338147750939e-16
5,20,61,31,0,31,0.004166594863057635,1.478222600517348e-10,5.551115123125783e-16
5,20,61,32,0,32,0.004539648414557209,2.0980422892259105e-11,3.3306690738754696e-16
5,20,61,33,0,33,0.003493593203703403,1.2732217961826593e-09,7.771561172376096e-16
5,20,61,34,0,34,0.0034981894897112837,1.8704483740596324e-10,5.551115123125783e-16
5,20,61,35,0,35,0.0045221254282609875,4.1993261566257863e-10,5.551115123125783e-16
5,20,61,36,0,36,0.004902760150293872,3.698579824327372e-11,6.661338147750939e-16
5,20,61,37,0,37,0.003306573760681719,7.417771103609919e-10,5.551115123125783e-16
5,20,61,38,0,38,0.005045851720415981,2.182686987915806e-10,6.661338147750939e-16
5,20,61,39,0,39,0.0032283409234346223,4.640978741296227e-11,4.440892098500626e-16
5,20,61,40,0,40,0.003802619415929408,9.651012428438859e-11,5.551115123125783e-16
5,20,61,41,0,41,0.003944328133130673,1.7995624078167316e-10,6.661338147750939e-16
5,20,61,42,0,42,0.005018262437283268,1.0533390064618388e-08,6.661338147750939e-16
5,20,61,43,0,43,0.004611176007325529,6.003095056183671e-11,9.992007221626409e-16
5,20,61,44,0,44,0.004413493035302166,4.904673573279966e-11,7.771561172376096e-16
5,20,61,45,0,45,0.005406120131455921,2.0929110966977868e-10,4.440892098500626e-16
5,20,61,46,0,46,0.00452464480616075,2.6467917544024517e-10,4.440892098500626e-16
5,20,61,47,0,47,0.003947653808046402,2.129560247176653e-10,3.3306690738754696e-16
5,20,61,48,0,48,0.003215137242531261,4.3132380235687314e-10,5.551115123125783e-16
5,20,61,49,0,49,0.004858251443767301,1.3638193797998905e-10,5.551115123125783e-16
5,20,61,50,0,50,0.004932681232866828,1.2068231191056022e-10,4.440892098500626e-16
5,20,61,51,0,51,0.00315727465139075,7.731624399798848e-10,8.881784197001252e-16
5,20,61,52,0,52,0.004172729619107558,1.1842415478378602e-10,4.440892098500626e-16
5,20,62,53,0,53,4.828904173464004e-05,9.651580901772977e-09,6.661338147750939e-16
5,20,62,54,0,54,0.0002703778612085093,4.973529140309716e-10,5.551115123125783e-16
5,20,62,55,0,55,0.00039366524502578625,1.979447664656519e-10,8.881784197001252e-16
5,20,62,56,0,56,0.000517703336386668,1.2950777524954782e-10,6.661338147750939e-16
5,20,62,57,0,57,0.0005021671036618483,1.2624866864246443e-09,7.771561172376096e-16
5,20,62,58,0,58,0.00045128835974831186,6.034432079839169e-10,7.771561172376096e-16
5,20,62,59,0,59,0.0005778935249621781,9.469779624370983e-11,7.771561172376096e-16
5,20,62,60,0,60,0.0004755095804707714,1.5316896549100952e-10,5.551115123125783e-16
5,20,62,61,0,61,0.0004916578700666578,1.6052696772804628e-09,7.771561172376096e-16
5,20,62,62,0,62,0.0010844981577270937,4.0728131337080305e-11,5.551115123125783e-16
7,14,61,0,0,0,0.0031709937263630075,,
7,14,61,1,0,1,0.0035877787912681246,1.0760107669642278e-14,0.0
7,14,61,2,0,2,0.003580477836671925,1.0834708378844175e-13,2.220446049250313e-16
7,14,61,3,0,3,0.0032937428274042906,1.0153684749001328e-13,1.1102230246251565e-16
7,14,61,4,0,4,0.0034162144438464434,2.328602705241364e-13,7.771561172376096e-16
7,14,61,5,0,5,0.003020207195049941,1.9238282492003232e-12,2.220446049250313e-16
7,14,61,6,0,6,0.003609356508911689,1.3966028305460499e-12,5.551115123125783e-16
7,14,61,7,0,7,0.004045846339667779,6.247831507963049e-12,5.551115123125783e-16
7,14,61,8,0,8,0.004340911851625939,4.317306378387211e-13,5.551115123125783e-16
7,14,61,9,0,9,0.004628419443274098,1.4346868317914917e-11,6.661338147750939e-16
7,14,61,10,0,10,0.0044352677804796545,1.009827036773472e-11,4.440892098500626e-16
7,14,61,11,0,11,0.004624864247563141,1.3616344465694613e-12,3.3306690738754696e-16
7,14,61,12,0,12,0.004591401000548263,1.0125361023600735e-11,3.3306690738754696e-16
7,14,61,13,0,13,0.003939137584337304,2.496246598754668e-12,2.220446049250313e-16
7,14,61,14,0,14,0.005057174694146068,4.611635331425083e-12,4.440892098500626e-16
7,14,61,15,0,15,0.004900504452102097,1.773150142306713e-11,5.551115123125783e-16
7,14,61,16,0,16,0.004863456061428092,1.5790740183780567e-11,3.3306690738754696e-16
7,14,61,17,0,17,0.005299014024295409,4.4847869185574497e-11,6.661338147750939e-16
7,14,61,18,0,18,0.004921923623322947,4.010013383084939e-11,4.440892098500626e-16
7,14,61,19,0,19,0.00521174156456418,1.7260255100251686e-10,3.3306690738754696e-16
7,14,61,20,0,20,0.005374175786625542,9.645137034301216e-12,5.551115123125783e-16
7,14,61,21,0,21,0.005658448596686153,7.540520429577819e-12,6.661338147750939e-16
7,14,61,22,0,22,0.005312768504339527,1.612142416491929e-11,5.551115123125783e-16
7,14,61,23,0,23,0.005304469524144472,1.3559495032619046e-11,6.661338147750939e-16
7,14,61,24,0,24,0.005457928958069539,2.4895278890281362e-11,5.551115123125783e-16
7,14,61,25,0,25,0.005597640517729715,4.242013312707482e-11,5.551115123125783e-16
7,14,61,26,0,26,0.006165921834038183,6.987560446069605e-12,9.992007221626409e-16
7,14,61,27,0,27,0.005716614660670605,4.0897503200680443e-10,5.551115123125783e-16
7,14,61,28,0,28,0.005568762252141562,5.052198151590929e-10,6.661338147750939e-16
7,14,61,29,0,29,0.005869142522910806,2.1604687534322335e-10,4.440892098500626e-16
7,14,61,30,0,30,0.006289942614998242,3.953273216020932e-11,6.661338147750939e-16
7,14,61,31,0,31,0.0064044911794777,2.282722433864355e-11,6.661338147750939e-16
7,14,61,32,0,32,0.0060747364720029175,2.550858418214804e-11,3.3306690738754696e-16
7,14,61,33,0,33,0.005381873779931916,8.510803872328736e-11,5.551115123125783e-16
7,14,61,34,0,34,0.006165380215342146,9.823138655158927e-10,4.440892098500626e-16
7,14,61,35,0,35,0.005097300103148951,2.0791779235170053e-10,7.771561172376096e-16
7,14,61,36,0,36,0.006077643923175937,8.907773825561754e-12,7.771561172376096e-16
7,14,61,37,0,37,0.005951829418177639,1.8860406857556517e-10,5.551115123125783e-16
7,14,61,38,0,38,0.00689204775152427,2.8973599233620182e-11,6.661338147750939e-16
7,14,61,39,0,39,0.006715747810848036,5.962026156934725e-11,5.551115123125783e-16
7,14,61,40,0,40,0.0065543166363093725,9.846795467841582e-11,5.551115123125783e-16
7,14,61,41,0,41,0.005452224838731285,1.4153967545851548e-10,7.771561172376096e-16
7,14,62,42,0,42,0.0005265760317005644,1.4736474205101267e-10,4.440892098500626e-16
7,14,62,43,0,43,0.0003069692849914345,2.578509938102089e-10,4.440892098500626e-16
7,14,62,44,0,44,0.0005956081286866879,1.1569315459388936e-09,5.551115123125783e-16
7,14,62,45,0,45,0.0009065560642138093,5.368786570330703e-10,5.551115123125783e-16
7,14,62,46,0,46,0.000701573228326517,6.491056280776618e-10,7.771561172376096e-16
7,14,62,47,0,47,0.0007948961546944374,3.561676719920301e-10,5.551115123125783e-16
7,14,62,48,0,48,0.0008543748484944611,6.832043832061929e-11,7.771561172376096e-16
7,14,62,49,0,49,0.0007730755360667414,3.1978425381527624e-10,8.881784197001252e-16
7,14,62,50,0,50,0.0007927192783128536,1.7160616970372761e-09,5.551115123125783e-16
7,14,62,51,0,51,0.0010948765397221162,6.189132711158525e-11,8.881784197001252e-16
7,14,62,52,0,52,0.00123140096634558,3.093648487655725e-10,9.992007221626409e-16
7,14,62,53,0,53,0.0010143835427180975,1.2351080926496403e-09,7.771561172376096e-16
7,14,62,54,0,54,0.0013458695161811568,3.4706916740734467e-09,5.551115123125783e-16
7,14,62,55,0,55,0.001010311983036411,2.068549250646504e-09,6.661338147750939e-16
7,14,62,56,0,56,0.0012443527432299316,1.2184027075781082e-10,6.661338147750939e-16
7,14,62,57,0,57,0.0016681163497833942,1.1425941109766457e-10,5.551115123125783e-16
7,14,62,58,0,58,0.0016210940633952125,4.824083726796124e-10,4.440892098500626e-16
7,14,62,59,0,59,0.0017901471864327472,1.358813683907699e-09,7.771561172376096e-16
7,14,62,60,0,60,0.0014190763662076734,6.000666690819417e-11,6.661338147750939e-16
7,14,62,61,0,61,0.0014424991965045577,4.839072189680026e-11,6.661338147750939e-16
7,14,62,62,0,62,0.002021418082561427,2.2609166636890214e-10,5.551115123125783e-16
4,26,61,0,0,0,0.007239237336221876,,
4,26,61,1,0,1,0.00813808984344617,6.905009745727358e-15,0.0
4,26,61,2,0,2,0.007463242306973178,6.788559505615308e-14,6.661338147750939e-16
4,26,62,3,0,3,5.612614687752393e-05,2.7317807133983863e-12,0.0
4,26,62,4,0,4,0.00016799227402392584,1.1374559832795053e-11,5.551115123125783e-16
4,26,62,5,0,5,0.00034724300427927687,2.4485649832602455e-11,3.3306690738754696e-16
4,26,62,6,0,6,0.000426689006844174,3.624961979538095e-11,2.220446049250313e-16
4,26,62,7,0,7,0.0008639509288315179,2.242070430019611e-12,3.3306690738754696e-16
4,26,62,8,0,8,0.0007092387756489891,8.608811571212254e-11,7.771561172376096e-16
4,26,62,9,0,9,0.0009572932308199836,2.6017928957140392e-12,5.551115123125783e-16
4,26,62,10,0,10,0.0008445801514973804,4.6457597680702826e-11,3.3306690738754696e-16
4,26,62,11,0,11,0.0010378559947260323,7.241475673021365e-11,3.3306690738754696e-16
4,26,62,12,0,12,0.0010463140662411018,1.2060223762684159e-11,5.551115123125783e-16
4,26,62,13,0,13,0.0012909911247218693,9.9563599761844e-11,3.3306690738754696e-16
4,26,62,14,0,14,0.0013869695642049927,3.536261069332965e-12,5.551115123125783e-16
4,26,62,15,0,15,0.0015516884078140998,1.5474964510678526e-11,9.992007221626409e-16
4,26,62,16,0,16,0.0011951478601769064,2.0966841340491682e-10,3.3306690738754696e-16
4,26,62,17,0,17,0.0013634311789794977,2.402019185270817e-10,4.440892098500626e-16
4,26,62,18,0,18,0.0005343863877377721,2.731177781228022e-11,8.881784197001252e-16
4,26,62,19,0,19,0.0014340806183374257,2.5723175103176804e-11,5.551115123125783e-16
4,26,62,20,0,20,0.0017854595202647658,6.957184103180477e-11,4.440892098500626e-16
4,26,62,21,0,21,0.0008684554326744014,1.1285599891499874e-10,3.3306690738754696e-16
4,26,62,22,0,22,0.0015885600454822147,2.0473490876519887e-10,6.661338147750939e-16
4,26,62,23,0,23,0.002203980995508716,3.15981789024938e-10,7.771561172376096e-16
4,26,62,24,0,24,0.0019867526002862613,4.9389294396960354e-11,4.440892098500626e-16
4,26,62,25,0,25,0.0020984948822091944,3.481310329603004e-09,6.661338147750939e-16
4,26,62,26,0,26,0.0018575742836656089,5.572322640616923e-11,4.440892098500626e-16
4,26,62,27,0,27,0.002381863800665596,2.2207957064298688e-11,5.551115123125783e-16
4,26,62,28,0,28,0.001526866623529208,3.337007245964217e-11,5.551115123125783e-16
4,26,62,29,0,29,0.0020717868353094925,1.7640745871429487e-10,6.661338147750939e-16
4,26,62,30,0,30,0.0016814815911649096,2.6106692529028283e-11,5.551115123125783e-16
4,26,62,31,0,31,0.002364868415092037,2.986508209086817e-11,5.551115123125783e-16
4,26,62,32,0,32,0.0021054853360642513,2.5870580809300766e-09,4.440892098500626e-16
4,26,62,33,0,33,0.0023962965843108445,8.564159329088975e-10,6.661338147750939e-16
4,26,62,34,0,34,0.0023617824685138837,1.6318814640274703e-11,7.771561172376096e-16
4,26,62,35,0,35,0.002396192517705567,5.753909199557024e-10,7.771561172376096e-16
4,26,62,36,0,36,0.002258308414125063,5.469084054341462e-10,4.440892098500626e-16
4,26,62,37,0,37,0.0025049379737789633,2.088103958034616e-10,4.440892098500626e-16
4,26,62,38,0,38,0.002234392595160891,1.4915330011163796e-10,6.661338147750939e-16
4,26,62,39,0,39,0.001671964401378649,1.1052570903904718e-10,5.551115123125783e-16
4,26,62,40,0,40,0.00240529769382478,8.586527964716572e-11,2.220446049250313e-16
4,26,62,41,0,41,0.0021696101736328353,6.298927729122531e-11,8.881784197001252e-16
4,26,62,42,0,42,0.0024963756343868303,6.562321024812442e-10,7.771561172376096e-16
4,26,62,43,0,43,0.0020117672390790316,1.4466337907506513e-10,5.551115123125783e-16
4,26,62,44,0,44,0.002604697077972864,1.4679496407684897e-10,5.551115123125783e-16
4,26,62,45,0,45,0.002441800694661665,1.00304186107246e-09,4.440892098500626e-16
4,26,62,46,0,46,0.002565070891172672,1.7642060155047562e-10,7.771561172376096e-16
4,26,62,47,0,47,0.0023555412153118773,4.443946698543443e-11,6.661338147750939e-16
4,26,62,48,0,48,0.0011648368331052218,1.0702187965694378e-10,5.551115123125783e-16
4,26,62,49,0,49,0.002618148109581641,4.130852569254174e-10,5.551115123125783e-16
4,26,62,50,0,50,0.0021034553595561598,8.769895707964091e-11,5.551115123125783e-16
4,26,62,51,0,51,0.0029916580595490626,3.045134166214414e-10,5.551115123125783e-16
4,26,62,52,0,52,0.002120651485219507,2.3073942201195856e-10,6.661338147750939e-16
4,26,62,53,0,53,0.0032044382269489162,6.33567164234688e-11,8.881784197001252e-16
4,26,62,54,0,54,0.002175285216249159,7.690612720308008e-11,6.661338147750939e-16
4,26,62,55,0,55,0.0015015240263187338,2.4058074979154376e-10,5.551115123125783e-16
4,26,62,56,0,56,0.0025349385805040485,1.0565912991687269e-09,7.771561172376096e-16
4,26,62,57,0,57,0.0024746771430816136,5.416304378372933e-10,5.551115123125783e-16
4,26,62,58,0,58,0.0027474109494286915,1.3194676699599647e-10,8.881784197001252e-16
4,26,62,59,0,59,0.0018003612746019999,1.4191050336603227e-10,6.661338147750939e-16
4,26,62,60,0,60,0.0024353729284124536,7.540923090801967e-12,6.661338147750939e-16
4,26,62,61,0,61,0.003089007270344286,1.3900782116158706e-11,9.992007221626409e-16
4,26,62,62,0,62,0.0031216983158396123,9.303116456929443e-12,1.3322676295501878e-15
9,11,62,0,0,0,0.0036254391717742223,,
9,11,62,1,0,1,0.004373598578297385,1.0343803129804008e-14,0.0
9,11,62,2,0,2,0.0043454635150324905,3.0160648643179227e-13,3.3306690738754696e-16
9,11,62,3,0,3,0.004238343955942787,7.226036853540827e-13,1.1102230246251565e-16
9,11,62,4,0,4,0.004551839902560782,4.904073592697578e-13,3.3306690738754696e-16
9,11,62,5,0,5,0.00522638129492981,3.945840140777403e-12,4.440892098500626e-16
9,11,62,6,0,6,0.004697060678698352,1.85744591654467e-12,1.1102230246251565e-16
9,11,62,7,0,7,0.005296984457498482,2.6022132568230834e-11,3.3306690738754696e-16
9,11,62,8,0,8,0.00451650268249347,7.017146699781919e-12,1.1102230246251565e-16
9,11,62,9,0,9,0.005554875332069614,2.7574184124589932e-12,6.661338147750939e-16
9,11,62,10,0,10,0.005355474677185417,1.4746913355089391e-12,4.440892098500626e-16
9,11,62,11,0,11,0.005378088241372331,2.913403794598796e-10,3.3306690738754696e-16
9,11,62,12,0,12,0.005806249465075384,2.2154577563138056e-12,6.661338147750939e-16
9,11,62,13,0,13,0.005587002142208324,3.788795723038905e-12,4.440892098500626e-16
9,11,62,14,0,14,0.00523893815482134,2.4412738545136103e-12,4.440892098500626e-16
9,11,62,15,0,15,0.005886123031588871,3.2718240917783433e-12,7.771561172376096e-16
9,11,62,16,0,16,0.005955965698443574,1.0420999351221735e-10,5.551115123125783e-16
9,11,62,17,0,17,0.005539737795717177,2.0608152999932912e-11,5.551115123125783e-16
9,11,62,18,0,18,0.0054363995929140015,8.024064720299197e-12,6.661338147750939e-16
9,11,62,19,0,19,0.005653979137638172,9.787348187110932e-12,5.551115123125783e-16
9,11,62,20,0,20,0.0058834811728576955,2.2642783244567926e-10,5.551115123125783e-16
9,11,62,21,0,21,0.005773472475063627,2.4829124918429484e-12,4.440892098500626e-16
9,11,62,22,0,22,0.005394385660072342,2.116520236636686e-11,5.551115123125783e-16
9,11,62,23,0,23,0.006039507203423336,6.637567578308325e-11,7.771561172376096e-16
9,11,62,24,0,24,0.005710560856392544,1.31733350571758e-11,6.661338147750939e-16
9,11,62,25,0,25,0.006267759887489249,4.656033152855826e-09,4.440892098500626e-16
9,11,62,26,0,26,0.006627624315040053,9.317040474277032e-11,5.551115123125783e-16
9,11,62,27,0,27,0.0065821084488095795,3.138106563698872e-10,5.551115123125783e-16
9,11,62,28,0,28,0.005696043427589889,5.3837153695083975e-11,4.440892098500626e-16
9,11,62,29,0,29,0.006711734747290815,1.7814636628618206e-11,5.551115123125783e-16
9,11,62,30,0,30,0.0064501862880670105,1.7918947962509862e-11,9.992007221626409e-16
9,11,62,31,0,31,0.006176652569862242,2.9627279343076944e-11,4.440892098500626e-16
9,11,62,32,0,32,0.00602426351922095,1.2987526526776402e-11,6.661338147750939e-16
9,11,62,33,0,33,0.006243185495755107,4.847981991667748e-11,4.440892098500626e-16
9,11,62,34,0,34,0.006414217925350579,6.400834596031944e-11,5.551115123125783e-16
9,11,62,35,0,35,0.00765960867063465,1.5591198669899034e-10,6.661338147750939e-16
9,11,63,36,0,36,0.0004727071201199248,3.313059962118372e-10,5.551115123125783e-16
9,11,63,37,0,37,0.0003792282685519316,9.815072342939161e-09,6.661338147750939e-16
9,11,63,38,0,38,0.00033059041146579906,2.12379022186499e-10,7.771561172376096e-16
9,11,63,39,0,39,0.0008764356210204784,4.906090107129365e-10,5.551115123125783e-16
9,11,63,40,0,40,0.00029034051140999924,4.4844911665498096e-10,5.551115123125783e-16
9,11,63,41,0,41,0.0008399007342790598,6.270990377688158e-11,4.440892098500626e-16
9,11,63,42,0,42,0.0008474908503524048,1.5760042052025304e-10,7.771561172376096e-16
9,11,63,43,0,43,0.0005514483020636195,2.9357332073482373e-10,6.661338147750939e-16
9,11,63,44,0,44,0.0010059015474882605,3.373834215186801e-09,8.881784197001252e-16
9,11,63,45,0,45,0.0008558663312682293,2.64892271675971e-10,6.661338147750939e-16
9,11,63,46,0,46,0.0010003617306972145,3.1581086150399615e-10,7.771561172376096e-16
9,11,63,47,0,47,0.0013740888734005356,2.9471330415713113e-10,7.771561172376096e-16
9,11,63,48,0,48,0.001184266842200913,3.12699672797008e-09,6.661338147750939e-16
9,11,63,49,0,49,0.001507689460047414,3.274432205539418e-09,8.881784197001252e-16
9,11,63,50,0,50,0.0015163348051868773,1.1340314108625303e-10,5.551115123125783e-16
9,11,63,51,0,51,0.0015463932597991922,1.4464429386992473e-08,6.661338147750939e-16
9,11,63,52,0,52,0.001681496385956166,4.597956676116912e-09,4.440892098500626e-16
9,11,63,53,0,53,0.001757962708425267,1.4157269528369643e-09,5.551115123125783e-16
9,11,63,54,0,54,0.002048468623684669,1.247788047405759e-09,6.661338147750939e-16
9,11,63,55,0,55,0.0016252128166207437,1.8748225974528255e-10,4.440892098500626e-16
9,11,63,56,0,56,0.001982038256738023,2.504084159470046e-10,5.551115123125783e-16
9,11,63,57,0,57,0.0026375555372232418,1.0254634683918495e-09,1.3322676295501878e-15
9,11,63,58,0,58,0.0017539198811086863,9.492015691834283e-10,6.661338147750939e-16
9,11,63,59,0,59,0.0019961187222319707,1.1631366564367973e-10,8.881784197001252e-16
9,11,63,60,0,60,0.0026162722873050628,3.9661071957665774e-10,6.661338147750939e-16
9,11,63,61,0,61,0.0024704396639074725,8.445759508151613e-11,4.440892098500626e-16
9,11,63,62,0,62,0.0021055952145794476,3.9371391896165715e-10,8.881784197001252e-16
9,11,63,63,0,63,0.0023253304022874868,6.128716894468705e-10,4.440892098500626e-16
3,37,62,0,0,0,0.004064819210280856,,
3,37,62,1,0,1,0.0041429359361164035,5.172958609342455e-15,0.0
3,37,62,2,0,2,0.003742279111357637,3.1958918482060826e-12,0.0
3,37,62,3,0,3,0.0038189796945987584,3.6148396770054445e-13,2.220446049250313e-16
3,37,62,4,0,4,0.004148588807833967,2.9893827613361796e-13,3.3306690738754696e-16
3,37,62,5,0,5,0.004204235446779516,1.253439229836712e-12,5.551115123125783e-16
3,37,62,6,0,6,0.0032161846102189305,1.0284510533406734e-11,4.440892098500626e-16
3,37,62,7,0,7,0.0030034316382660862,1.075528331598364e-12,2.220446049250313e-16
3,37,62,8,0,8,0.004126891722283811,4.0900628699983383e-13,4.440892098500626e-16
3,37,62,9,0,9,0.004129051963561115,1.439660589953292e-12,3.3306690738754696e-16
3,37,62,10,0,10,0.0039693722932146016,1.0941906419643662e-11,3.3306690738754696e-16
3,37,62,11,0,11,0.003540738761126781,1.3018002818245738e-12,4.440892098500626e-16
3,37,62,12,0,12,0.004168261933762144,4.6676358638914124e-12,3.3306690738754696e-16
3,37,62,13,0,13,0.0040765067530964556,1.906113368851108e-11,7.771561172376096e-16
3,37,62,14,0,14,0.0040388224789748555,4.8510903635127125e-12,4.440892098500626e-16
3,37,62,15,0,15,0.0029719703815847998,2.522716018238737e-11,2.220446049250313e-16
3,37,62,16,0,16,0.0025565067556830713,3.8531332817372364e-10,4.440892098500626e-16
3,37,62,17,0,17,0.0039057580927800983,3.263041768575146e-11,6.661338147750939e-16
3,37,63,18,0,18,0.0001144969758496038,1.5116691101113405e-10,5.551115123125783e-16
3,37,63,19,0,19,0.00023480767111712546,6.904595857593608e-11,7.771561172376096e-16
3,37,63,20,0,20,0.0001521517940196846,4.251579551155706e-09,6.661338147750939e-16
3,37,63,21,0,21,0.00024190872456536844,1.2331890364348514e-10,3.3306690738754696e-16
3,37,63,22,0,22,0.00029150987913115266,8.177739005125321e-10,4.440892098500626e-16
3,37,63,23,0,23,0.00016550821191865106,4.371191193669198e-10,6.661338147750939e-16
3,37,63,24,0,24,0.0005039305998634924,7.588226029861378e-11,3.3306690738754696e-16
3,37,63,25,0,25,0.00029020503621654574,3.0889110704461053e-10,8.881784197001252e-16
3,37,63,26,0,26,0.0005919710619488625,2.061893721221641e-10,7.771561172376096e-16
3,37,63,27,0,27,0.00021744446740815912,1.966906769579752e-11,6.661338147750939e-16
3,37,63,28,0,28,0.0004021441438580766,2.085134507093006e-11,5.551115123125783e-16
3,37,63,29,0,29,0.0005846853577283487,4.30214554199416e-10,5.551115123125783e-16
3,37,63,30,0,30,0.00014682278840796422,3.4476977888153455e-10,6.661338147750939e-16
3,37,63,31,0,31,0.0005208812507936797,9.41774235977783e-10,4.440892098500626e-16
3,37,63,32,0,32,0.00025944600544903937,9.140482277604081e-09,4.440892098500626e-16
3,37,63,33,0,33,0.00036644182682188283,9.221514956651595e-10,8.881784197001252e-16
3,37,63,34,0,34,0.0003673461853649116,1.6400707541949079e-09,6.661338147750939e-16
3,37,63,35,0,35,0.000727419789321505,2.03826338798347e-09,4.440892098500626e-16
3,37,63,36,0,36,0.0006576825501134659,1.1178882450975582e-09,8.881784197001252e-16
3,37,63,37,0,37,0.0007694480364764988,1.8062131531291544e-09,3.3306690738754696e-16
3,37,63,38,0,38,0.0006254032640846119,1.0466370239692866e-10,5.551115123125783e-16
3,37,63,39,0,39,0.0006240013589744952,7.03354962294376e-11,6.661338147750939e-16
3,37,63,40,0,40,0.0003048757621488444,5.900682157579649e-11,4.440892098500626e-16
3,37,63,41,0,41,0.0004927215763916405,3.5324602779164013e-10,5.551115123125783e-16
3,37,63,42,0,42,0.001180850828675686,9.414611386922993e-10,6.661338147750939e-16
3,37,63,43,0,43,0.0007370999920295152,8.398999514639308e-10,6.661338147750939e-16
3,37,63,44,0,44,0.0006719804470097298,3.2175544746862346e-10,8.881784197001252e-16
3,37,63,45,0,45,0.0007677182681694308,2.2069662295864885e-09,1.2212453270876722e-15
3,37,63,46,0,46,0.0009877333839154398,7.220288863803198e-10,6.661338147750939e-16
3,37,63,47,0,47,0.0008757509892563386,2.6909031587089846e-10,4.440892098500626e-16
3,37,63,48,0,48,0.0008587918687700575,3.401797701198982e-09,6.661338147750939e-16
3,37,63,49,0,49,0.0006284915562845129,5.838835866213356e-11,8.881784197001252e-16
3,37,63,50,0,50,0.0010515335904593157,8.42273458909311e-10,6.661338147750939e-16
3,37,63,51,0,51,0.0008373707322936501,4.219367774759501e-09,6.661338147750939e-16
3,37,63,52,0,52,0.00045180016889635033,3.037342522996014e-10,6.661338147750939e-16
3,37,63,53,0,53,0.0005660980537657386,6.205289114275493e-10,5.551115123125783e-16
3,37,63,54,0,54,0.0003359330166138488,3.6825588050028636e-10,7.771561172376096e-16
3,37,63,55,0,55,0.0005369060612255967,6.963170982221057e-10,5.551115123125783e-16
3,37,63,56,0,56,0.0006115430257465459,1.2145228206971282e-09,8.881784197001252e-16
3,37,63,57,0,57,0.0004797997288441744,2.7650181372552586e-10,7.771561172376096e-16
3,37,63,58,0,58,0.0007097466078959042,3.927472569060399e-11,6.661338147750939e-16
3,37,63,59,0,59,0.0007360450084231813,2.3891719968358964e-10,7.771561172376096e-16
3,37,63,60,0,60,0.00030820758921825786,1.7505002044770118e-10,7.771561172376096e-16
3,37,63,61,0,61,0.000756595170244639,1.629885764537287e-10,6.661338147750939e-16
3,37,63,62,0,62,0.0004886315368987422,6.973843414926172e-09,5.551115123125783e-16
3,37,63,63,0,63,0.00018323477486169898,9.884728147063904e-11,8.881784197001252e-16
10,10,63,0,0,0,0.0017718523065939171,,
10,10,63,1,0,1,0.0016586669334891853,1.483572781031086e-14,0.0
10,10,63,2,0,2,0.0019767254542181535,7.806786842788387e-14,0.0
10,10,63,3,0,3,0.0018837150233720315,8.365414738656559e-14,2.220446049250313e-16
10,10,63,4,0,4,0.0017303017147542155,4.2527240179909005e-13,2.220446049250313e-16
10,10,63,5,0,5,0.002322042039246809,1.617199892255807e-11,0.0
10,10,63,6,0,6,0.003177141566993993,1.1490659646064186e-12,1.1102230246251565e-16
10,10,63,7,0,7,0.0022402179935650324,5.513902110853906e-12,1.1102230246251565e-16
10,10,63,8,0,8,0.002138416664991106,1.4849647288601745e-12,4.440892098500626e-16
10,10,63,9,0,9,0.0021877423282208263,6.8804447708029e-13,8.881784197001252e-16
10,10,63,10,0,10,0.002598459646852303,1.6153430164704148e-11,6.661338147750939e-16
10,10,63,11,0,11,0.003225962752395791,2.4319662423244914e-10,4.440892098500626e-16
10,10,63,12,0,12,0.0021586642897524705,2.7419481714761095e-11,3.3306690738754696e-16
10,10,63,13,0,13,0.0033269154485838486,2.827984545386012e-12,4.440892098500626e-16
10,10,63,14,0,14,0.003370156085760987,2.6554304350522914e-12,5.551115123125783e-16
10,10,63,15,0,15,0.003430710665496084,1.4225004411219421e-11,2.220446049250313e-16
10,10,63,16,0,16,0.0028013480323657914,4.9041418021016776e-11,5.551115123125783e-16
10,10,63,17,0,17,0.003870041334971742,3.2120580826096954e-11,4.440892098500626e-16
10,10,63,18,0,18,0.003978377977672063,1.533321742686428e-11,3.3306690738754696e-16
10,10,63,19,0,19,0.004419306870607251,1.1470311614792435e-10,3.3306690738754696e-16
10,10,63,20,0,20,0.00403228590816047,1.7134740974821385e-11,2.220446049250313e-16
10,10,63,21,0,21,0.0038502846805359976,7.91768751248099e-11,6.661338147750939e-16
10,10,63,22,0,22,0.004016727219173365,1.820969688403526e-11,7.771561172376096e-16
10,10,63,23,0,23,0.004503541301677525,7.919180221620195e-11,6.661338147750939e-16
10,10,63,24,0,24,0.004180135823868639,9.336997829800326e-11,7.771561172376096e-16
10,10,63,25,0,25,0.004098768254310017,6.597389249818793e-11,6.661338147750939e-16
10,10,63,26,0,26,0.00449428858641007,1.47920635569131e-11,2.220446049250313e-16
10,10,63,27,0,27,0.004661790253520617,1.2765370767572766e-10,5.551115123125783e-16
10,10,63,28,0,28,0.005227665846866331,6.369058093671972e-12,7.771561172376096e-16
10,10,63,29,0,29,0.004801902945883919,1.6572188573948516e-11,5.551115123125783e-16
10,10,63,30,0,30,0.005096218898118883,2.9596383631196166e-11,5.551115123125783e-16
10,10,63,31,0,31,0.004517956342623159,5.374150872294086e-10,4.440892098500626e-16
10,10,63,32,0,32,0.004513358370930312,1.0118004938540104e-10,4.440892098500626e-16
10,10,63,33,0,33,0.005638851582805944,1.0846462355612381e-10,4.440892098500626e-16
10,10,63,34,0,34,0.004311177046634799,1.184559516169029e-09,3.3306690738754696e-16
10,10,63,35,0,35,0.004758575505395357,1.3953165236491258e-11,5.551115123125783e-16
10,10,63,36,0,36,0.005858567813839155,1.4055189330308345e-11,7.771561172376096e-16
10,10,63,37,0,37,0.0047743947002069275,3.501996752554818e-11,4.440892098500626e-16
10,10,63,38,0,38,0.005305906971992654,2.5471798185670735e-11,4.440892098500626e-16
10,10,63,39,0,39,0.005538496439374359,1.3965225998809582e-11,4.440892098500626e-16
10,10,63,40,0,40,0.005179188383275001,8.443550303651914e-11,5.551115123125783e-16
10,10,63,41,0,41,0.005582767776003386,2.4681948132405647e-10,5.551115123125783e-16
10,10,63,42,0,42,0.005605143010193738,2.902880842135159e-09,6.661338147750939e-16
10,10,63,43,0,43,0.005626289529972278,6.867369190956909e-11,6.661338147750939e-16
10,10,63,44,0,44,0.005835923018371626,4.451910538345314e-11,7.771561172376096e-16
10,10,63,45,0,45,0.0057348898541847645,8.352626527471425e-11,6.661338147750939e-16
10,10,63,46,0,46,0.005459344321625475,5.0642627082246035e-11,6.661338147750939e-16
10,10,63,47,0,47,0.005595393487608937,3.837327980311401e-11,8.881784197001252e-16
10,10,63,48,0,48,0.0065616535089895464,3.5008757458762015e-10,4.440892098500626e-16
10,10,63,49,0,49,0.0060342179550622824,4.224243562521677e-08,1.887379141862766e-15
10,10,63,50,0,50,0.005543008455155897,3.5943306224510734e-11,6.661338147750939e-16
10,10,63,51,0,51,0.00572717177316032,5.7727377279088795e-11,5.551115123125783e-16
10,10,63,52,0,52,0.006122405412800155,1.1401789592965741e-10,5.551115123125783e-16
10,10,63,53,0,53,0.006227199065155504,2.2080700112037823e-08,6.661338147750939e-16
10,10,63,54,0,54,0.006475124567497885,3.4533824051326483e-10,5.551115123125783e-16
10,10,64,55,0,55,5.2459016156408826e-05,2.931578595299127e-09,5.551115123125783e-16
10,10,64,56,0,56,0.0004903763767831877,2.0501244121245072e-10,4.440892098500626e-16
10,10,64,57,0,57,0.00019165220770351801,1.9033773604014537e-10,5.551115123125783e-16
10,10,64,58,0,58,0.0005347715605876016,2.706630019281674e-10,6.661338147750939e-16
10,10,64,59,0,59,0.0006230753139063108,3.3065141854670923e-10,5.551115123125783e-16
10,10,64,60,0,60,0.0006517511172207134,9.61511758397537e-11,6.661338147750939e-16
10,10,64,61,0,61,0.0006338284720075272,4.3544116237846405e-11,8.881784197001252e-16
10,10,64,62,0,62,0.0008735202165396965,1.5283285517699487e-09,8.881784197001252e-16
10,10,64,63,0,63,0.0007992501531772964,6.215959140658446e-11,6.661338147750939e-16
10,10,64,64,0,64,0.0013924492305235057,3.5597037136896906e-11,7.771561172376096e-16
6,17,63,0,0,0,0.003921049669536523,,
6,17,63,1,0,1,0.0033739485765660678,1.3085551316850601e-14,0.0
6,17,63,2,0,2,0.004086678126924503,4.281931542428961e-14,2.220446049250313e-16
6,17,63,3,0,3,0.00390940695044452,1.2724972484621454e-13,2.220446049250313e-16
6,17,63,4,0,4,0.0039590020242445245,3.486771821125928e-12,6.661338147750939e-16
6,17,63,5,0,5,0.0037815138101289746,3.388686102552681e-13,5.551115123125783e-16
6,17,63,6,0,6,0.0030835017943588432,1.3153457603354731e-12,4.440892098500626e-16
6,17,63,7,0,7,0.0039863521306201305,4.3785503231753684e-13,1.1102230246251565e-16
6,17,63,8,0,8,0.0044700046341201935,2.766033417960556e-12,1.1102230246251565e-16
6,17,63,9,0,9,0.004113412199900894,1.1915884015324038e-12,4.440892098500626e-16
6,17,63,10,0,10,0.0049624044385726184,1.7979423109037939e-12,3.3306690738754696e-16
6,17,63,11,0,11,0.004149454929815219,3.2562769824794315e-12,5.551115123125783e-16
6,17,63,12,0,12,0.004090156191965195,1.0572509325259805e-11,4.440892098500626e-16
6,17,63,13,0,13,0.004796399973801321,7.871246423764169e-12,5.551115123125783e-16
6,17,63,14,0,14,0.004847465149420128,5.855160858477676e-10,2.220446049250313e-16
6,17,63,15,0,15,0.003998880745658495,5.582826322256822e-12,3.3306690738754696e-16
6,17,63,16,0,16,0.00504371765880539,3.4537548341050106e-11,7.771561172376096e-16
6,17,63,17,0,17,0.005177735679894637,8.153581731508447e-12,6.661338147750939e-16
6,17,63,18,0,18,0.0045082833407707485,3.1318217881804686e-11,8.881784197001252e-16
6,17,63,19,0,19,0.0054732579172656545,1.1144603205811244e-11,5.551115123125783e-16
6,17,63,20,0,20,0.0056027947723118095,5.621251270983602e-11,4.440892098500626e-16
6,17,63,21,0,21,0.005546455438127523,1.1190227493205703e-11,3.3306690738754696e-16
6,17,63,22,0,22,0.004984015454756981,1.2266220794036484e-11,6.661338147750939e-16
6,17,63,23,0,23,0.005491253607674464,2.090122247397433e-10,4.440892098500626e-16
6,17,63,24,0,24,0.005051005271122938,1.6006800165542828e-11,6.661338147750939e-16
6,17,63,25,0,25,0.005687595178601579,1.0451849927530529e-11,8.881784197001252e-16
6,17,63,26,0,26,0.005389099105503797,1.1437263781383822e-10,6.661338147750939e-16
6,17,63,27,0,27,0.005615722771952528,2.5513158532946e-11,5.551115123125783e-16
6,17,63,28,0,28,0.005767391174938414,3.1195695997228735e-11,5.551115123125783e-16
6,17,63,29,0,29,0.005405369840053969,4.7495513073647075e-11,4.440892098500626e-16
6,17,63,30,0,30,0.005348160543897379,1.0723053450750431e-10,5.551115123125783e-16
6,17,63,31,0,31,0.006490000719929429,1.751440815467714e-10,5.551115123125783e-16
6,17,63,32,0,32,0.0050744389502098575,5.0611860738633876e-11,4.440892098500626e-16
6,17,63,33,0,33,0.0065520966700650584,5.190308764847339e-11,4.440892098500626e-16
6,17,63,34,0,34,0.005969380615993849,3.6817894013030383e-11,8.881784197001252e-16
6,17,63,35,0,35,0.005012113152446801,7.055876296168497e-11,6.661338147750939e-16
6,17,63,36,0,36,0.00578077027930892,3.687700444383495e-11,6.661338147750939e-16
6,17,63,37,0,37,0.006207960915194489,2.112089004848369e-11,7.771561172376096e-16
6,17,63,38,0,38,0.00442512468812834,6.99882199838344e-10,3.3306690738754696e-16
6,17,63,39,0,39,0.005969920302166449,1.8416600580326697e-11,5.551115123125783e-16
6,17,64,40,0,40,2.8880061747820657e-05,3.473900580616643e-09,7.771561172376096e-16
6,17,64,41,0,41,0.00017703801938645782,2.596587371103787e-10,5.551115123125783e-16
6,17,64,42,0,42,0.00040435948081645254,1.82137445493864e-08,7.771561172376096e-16
6,17,64,43,0,43,0.0004012811432178838,3.3914202266002987e-10,5.551115123125783e-16
6,17,64,44,0,44,0.0005051763820727906,1.1478296654828859e-10,8.881784197001252e-16
6,17,64,45,0,45,0.00038721479789921066,4.591954615551765e-10,5.551115123125783e-16
6,17,64,46,0,46,0.0008260338784071001,4.809563156452019e-09,5.551115123125783e-16
6,17,64,47,0,47,0.000964783141317173,2.490057741630474e-10,5.551115123125783e-16
6,17,64,48,0,48,0.0008694990993883506,2.5641400003145187e-10,4.440892098500626e-16
6,17,64,49,0,49,0.001165306538098959,4.508663121460864e-09,3.3306690738754696e-16
6,17,64,50,0,50,0.0010834665059978386,2.2059102611145744e-10,5.551115123125783e-16
6,17,64,51,0,51,0.0012661987112978351,7.800459233002012e-11,7.771561172376096e-16
6,17,64,52,0,52,0.0011856461705853116,1.1603987745400616e-10,5.551115123125783e-16
6,17,64,53,0,53,0.001412696956774829,1.8684641324556816e-10,6.661338147750939e-16
6,17,64,54,0,54,0.0017080152052954228,2.0409800212279254e-09,6.661338147750939e-16
6,17,64,55,0,55,0.0014811041249968545,2.9296756035630695e-08,8.881784197001252e-16
6,17,64,56,0,56,0.0013520257861137077,4.1126924959919727e-10,6.661338147750939e-16
6,17,64,57,0,57,0.0013619494429311328,2.6595596778463353e-09,6.661338147750939e-16
6,17,64,58,0,58,0.0014727014695716106,1.5292338235216145e-10,6.661338147750939e-16
6,17,64,59,0,59,0.0018591171485274997,3.862772730785692e-09,8.881784197001252e-16
6,17,64,60,0,60,0.001780279354224352,6.432944118377116e-11,5.551115123125783e-16
6,17,64,61,0,61,0.0019494032041574173,4.921663004562619e-10,6.661338147750939e-16
6,17,64,62,0,62,0.0018871017618313842,1.2946936948342395e-10,6.661338147750939e-16
6,17,64,63,0,63,0.001698705355221776,2.619623379564827e-11,6.661338147750939e-16
6,17,64,64,0,64,0.0012402237143430237,4.7280897863805635e-11,7.771561172376096e-16
5,21,64,0,0,0,0.0029584617441624403,,
5,21,64,1,0,1,0.0021203035154521905,1.6616286519659524e-14,0.0
5,21,64,2,0,2,0.0024395994015196203,7.140224132015135e-13,2.220446049250313e-16
5,21,64,3,0,3,0.00331563367655724,1.0193916981613364e-12,5.551115123125783e-16
5,21,64,4,0,4,0.0031436388167481928,1.0458517396711863e-13,2.220446049250313e-16
5,21,64,5,0,5,0.002937720943698092,2.734841977502823e-13,4.440892098500626e-16
5,21,64,6,0,6,0.0032364366851185353,3.1250661012926357e-13,3.3306690738754696e-16
5,21,64,7,0,7,0.004108645505914279,1.5886008212587988e-11,4.440892098500626e-16
5,21,64,8,0,8,0.00373532453231117,7.818200463581973e-12,4.440892098500626e-16
5,21,64,9,0,9,0.0032469716613469186,4.6417029380924285e-12,2.220446049250313e-16
5,21,64,10,0,10,0.0033671535440575086,7.903378724317569e-12,5.551115123125783e-16
5,21,64,11,0,11,0.003421316455855606,1.1031194231501882e-12,3.3306690738754696e-16
5,21,64,12,0,12,0.0035847644482199957,9.79790236235307e-11,9.992007221626409e-16
5,21,64,13,0,13,0.0035259121202968775,8.002759557674743e-12,7.771561172376096e-16
5,21,64,14,0,14,0.003373845732933941,1.4824476532371868e-11,4.440892098500626e-16
5,21,64,15,0,15,0.003649377494702654,5.518813689221903e-11,6.661338147750939e-16
5,21,64,16,0,16,0.0034149877684285126,1.527958577916386e-12,2.220446049250313e-16
5,21,64,17,0,17,0.004264615620704035,1.0275028821325907e-11,3.3306690738754696e-16
5,21,64,18,0,18,0.004137847966928011,3.969522512723806e-12,7.771561172376096e-16
5,21,64,19,0,19,0.004127332026180411,1.713883546921841e-11,7.771561172376096e-16
5,21,64,20,0,20,0.0048183490003629965,2.0767318732162417e-11,8.881784197001252e-16
5,21,64,21,0,21,0.004582311783234442,1.0208180022032879e-10,6.661338147750939e-16
5,21,64,22,0,22,0.00370069450492273,4.28661292454034e-12,4.440892098500626e-16
5,21,64,23,0,23,0.004715562443445587,1.3732687418005577e-11,5.551115123125783e-16
5,21,64,24,0,24,0.004684081621306187,1.8206276029654748e-11,6.661338147750939e-16
5,21,64,25,0,25,0.00520315815580777,7.065141245738498e-11,8.881784197001252e-16
5,21,64,26,0,26,0.004583433547196603,8.812676925928807e-11,6.661338147750939e-16
5,21,64,27,0,27,0.0034337821983800366,2.1492662357312606e-09,5.551115123125783e-16
5,21,64,28,0,28,0.003817539096563637,5.444725374701297e-11,8.881784197001252e-16
5,21,64,29,0,29,0.004166920469405926,3.3808752994086507e-11,6.661338147750939e-16
5,21,64,30,0,30,0.005097047524120612,7.578050921508838e-09,6.661338147750939e-16
5,21,64,31,0,31,0.004704906604800661,1.0463621747872293e-10,3.3306690738754696e-16
5,21,64,32,0,32,0.004358409407292222,1.1448101698175136e-10,5.551115123125783e-16
5,21,64,33,0,33,0.0039042857364616993,8.096001653332012e-11,8.881784197001252e-16
5,21,64,34,0,34,0.003781338951427834,2.593671279319511e-10,4.440892098500626e-16
5,21,64,35,0,35,0.00441036899398947,1.0081930921504138e-10,5.551115123125783e-16
5,21,64,36,0,36,0.004056279047063631,5.926858645948634e-11,5.551115123125783e-16
5,21,64,37,0,37,0.003545578359862729,2.4582624198995266e-11,4.440892098500626e-16
5,21,64,38,0,38,0.004678960539617626,2.987263471644455e-10,7.771561172376096e-16
5,21,64,39,0,39,0.0042303413653477775,5.5508318356994e-10,5.551115123125783e-16
5,21,64,40,0,40,0.0044133821774964,3.915201080197467e-10,4.440892098500626e-16
5,21,64,41,0,41,0.0035248101471605994,1.7129081586684272e-11,6.661338147750939e-16
5,21,64,42,0,42,0.005169114403037526,1.3346380700162047e-11,4.440892098500626e-16
5,21,64,43,0,43,0.0038733303830266836,2.5534240299034224e-11,6.661338147750939e-16
5,21,64,44,0,44,0.0014123468346816212,1.1712886781345591e-10,5.551115123125783e-16
5,21,65,45,0,45,0.00013545926626245375,1.0895542749473377e-08,6.661338147750939e-16
5,21,65,46,0,46,0.00025950924305954097,5.976213355543911e-09,3.3306690738754696e-16
5,21,65,47,0,47,0.00038441469970489344,4.017786338972991e-10,8.881784197001252e-16
5,21,65,48,0,48,0.0004878852595262987,1.6246742277022264e-09,5.551115123125783e-16
5,21,65,49,0,49,0.0004609958465778093,4.798807746439495e-10,6.661338147750939e-16
5,21,65,50,0,50,0.0004885290627925182,6.452600668650295e-10,5.551115123125783e-16
5,21,65,51,0,51,0.0007260724345257689,1.929792936114539e-10,6.661338147750939e-16
5,21,65,52,0,52,0.0008438073403636443,1.7759894840958993e-10,9.992007221626409e-16
5,21,65,53,0,53,0.0006821667792797498,5.675893716611266e-11,8.881784197001252e-16
5,21,65,54,0,54,0.0007318951973791469,1.0673467736916698e-09,5.551115123125783e-16
5,21,65,55,0,55,0.000872468259215825,1.1389689650449673e-10,6.661338147750939e-16
5,21,65,56,0,56,0.0005658215489189776,1.1018316236064954e-09,5.551115123125783e-16
5,21,65,57,0,57,0.0010485983788641408,1.1817694839769476e-10,6.661338147750939e-16
5,21,65,58,0,58,0.000771604733794491,1.2203248679374454e-09,6.661338147750939e-16
5,21,65,59,0,59,0.0009858879305220554,3.7524635549939796e-10,7.771561172376096e-16
5,21,65,60,0,60,0.0009381128963395012,4.633466223160874e-10,5.551115123125783e-16
5,21,65,61,0,61,0.0006880249508230877,1.910817370506031e-09,6.661338147750939e-16
5,21,65,62,0,62,0.0014009437325976587,2.0886064728406124e-11,5.551115123125783e-16
5,21,65,63,0,63,0.0011438537431033415,1.036835156978899e-10,9.992007221626409e-16
5,21,65,64,0,64,0.0012814734145515977,5.536759590070304e-10,4.440892098500626e-16
5,21,65,65,0,65,0.0011916634577335587,4.180643177845704e-11,5.551115123125783e-16
4,27,64,0,0,0,0.003040560417845156,,
4,27,64,1,0,1,0.003346196850662272,1.5537573690916267e-14,0.0
4,27,64,2,0,2,0.0026601301547949977,3.743487426431674e-13,0.0
4,27,64,3,0,3,0.0033574103204962406,1.0979900038206437e-12,3.3306690738754696e-16
4,27,64,4,0,4,0.003036811955580703,1.1684793592502075e-13,1.1102230246251565e-16
4,27,64,5,0,5,0.0029334972384009745,2.691862819986545e-13,4.440892098500626e-16
4,27,64,6,0,6,0.0038399098437770147,4.0077905256929007e-13,4.440892098500626e-16
4,27,64,7,0,7,0.0037782457563408866,3.324816971610725e-12,1.1102230246251565e-16
4,27,64,8,0,8,0.003483294465992852,1.5318675086789903e-11,9.992007221626409e-16
4,27,64,9,0,9,0.0035153468240923702,6.470501629568959e-12,3.3306690738754696e-16
4,27,64,10,0,10,0.002898139178741301,4.048555370343718e-12,3.3306690738754696e-16
4,27,64,11,0,11,0.0034009347427341186,3.0946450711236207e-12,3.3306690738754696e-16
4,27,64,12,0,12,0.003778694909962365,3.9546923868245446e-12,5.551115123125783e-16
4,27,64,13,0,13,0.003484427795114606,7.529532573233825e-12,1.1102230246251565e-15
4,27,64,14,0,14,0.004174762064999597,5.3742214880224584e-12,8.881784197001252e-16
4,27,64,15,0,15,0.004214948612706546,6.385497757119801e-12,6.661338147750939e-16
4,27,64,16,0,16,0.004152648716855964,2.142125704411955e-12,3.3306690738754696e-16
4,27,64,17,0,17,0.003665548066923902,6.145289552995087e-12,6.661338147750939e-16
4,27,64,18,0,18,0.0035262019462347174,1.8813204364288722e-11,5.551115123125783e-16
4,27,64,19,0,19,0.004001157531027189,2.8470170862575283e-12,6.661338147750939e-16
4,27,64,20,0,20,0.0034576677552740007,2.8625258191966695e-11,3.3306690738754696e-16
4,27,64,21,0,21,0.0015772952987595239,1.7523400841104873e-11,3.3306690738754696e-16
4,27,64,22,0,22,0.003322680622347389,7.711569047061458e-12,5.551115123125783e-16
4,27,64,23,0,23,0.0038040909961891663,2.2595699901972907e-11,3.3306690738754696e-16
4,27,64,24,0,24,0.004706777907955751,1.0141321330656813e-10,4.440892098500626e-16
4,27,64,25,0,25,0.0026416437641299116,1.814671557348185e-10,5.551115123125783e-16
4,27,64,26,0,26,0.003727867879344445,3.387447178701202e-11,7.771561172376096e-16
4,27,64,27,0,27,0.0028697853014717583,2.3367798945758955e-10,3.3306690738754696e-16
4,27,64,28,0,28,0.003632210499585032,8.093014063542634e-11,5.551115123125783e-16
4,27,64,29,0,29,0.0030881839081308947,9.274801281927325e-11,6.661338147750939e-16
4,27,64,30,0,30,0.003970919885039764,7.574677821047009e-10,4.440892098500626e-16
4,27,64,31,0,31,0.002198197180904266,2.03339470794475e-09,8.881784197001252e-16
4,27,64,32,0,32,0.002139892932228105,1.0727447169174426e-10,4.440892098500626e-16
4,27,64,33,0,33,0.0032744323965095573,3.785236882036033e-11,9.992007221626409e-16
4,27,64,34,0,34,0.0033885703485584135,8.189539735681176e-10,5.551115123125783e-16
4,27,64,35,0,35,0.003687971377158534,7.16370590300978e-11,6.661338147750939e-16
4,27,64,36,0,36,0.0039350819081683565,3.677275674742074e-10,6.661338147750939e-16
4,27,64,37,0,37,0.0042688891646109235,2.626943876921677e-10,7.771561172376096e-16
4,27,64,38,0,38,0.004433273277771761,8.545389000960243e-10,8.881784197001252e-16
4,27,65,39,0,39,1.4080243760360611e-05,7.724629039366279e-10,8.881784197001252e-16
4,27,65,40,0,40,5.9496446276386316e-05,3.280390309232486e-10,8.881784197001252e-16
4,27,65,41,0,41,0.0002140950520052501,2.8130909209911156e-09,4.440892098500626e-16
4,27,65,42,0,42,0.00016109362640083136,6.084892486126706e-10,8.881784197001252e-16
4,27,65,43,0,43,0.00022890240568182007,5.643987526305628e-10,8.881784197001252e-16
4,27,65,44,0,44,0.00039156055788948363,8.482970886969524e-10,5.551115123125783e-16
4,27,65,45,0,45,0.00037029237377632975,1.514930244565935e-09,6.661338147750939e-16
4,27,65,46,0,46,0.00035264987986729455,1.0230529231660893e-09,6.661338147750939e-16
4,27,65,47,0,47,0.0006558717111862987,1.5852067181975797e-09,5.551115123125783e-16
4,27,65,48,0,48,0.000588688931824263,5.668562668564834e-10,4.440892098500626e-16
4,27,65,49,1,49,0.0004920965569932737,1.3979531378407133e-09,5.551115123125783e-16
4,27,65,50,0,50,0.0006265679881484597,5.247442328631857e-10,3.3306690738754696e-16
4,27,65,51,0,51,0.0007794056953892307,4.4846638861232527e-10,5.551115123125783e-16
4,27,65,52,0,52,0.0005530773160079176,2.992385615198811e-10,7.771561172376096e-16
4,27,65,53,0,53,0.0008126517251808769,1.7321446543670812e-10,7.771561172376096e-16
4,27,65,54,0,54,0.0007637702224056455,1.428881090168829e-08,5.551115123125783e-16
4,27,65,55,0,55,0.0011360363558196595,6.172872170791442e-11,8.881784197001252e-16
4,27,65,56,0,56,0.0009589294980084069,8.87684892689655e-11,7.771561172376096e-16
4,27,65,57,0,57,0.0012666662596987504,1.3998679581682653e-09,7.771561172376096e-16
4,27,65,58,0,58,0.0014453703366440155,5.593093004853976e-10,3.3306690738754696e-16
4,27,65,59,0,59,0.0008333899753027007,1.9032577785634712e-10,8.881784197001252e-16
4,27,65,60,0,60,0.0010755351858150733,2.3495280457217204e-10,8.881784197001252e-16
4,27,65,61,0,61,0.0011407144671464805,8.603595877899917e-10,5.551115123125783e-16
4,27,65,62,0,62,0.001172257156847813,2.0092998537279643e-10,5.551115123125783e-16
4,27,65,63,0,63,0.0010362562352874364,1.517829078164123e-10,7.771561172376096e-16
4,27,65,64,0,64,0.0009526345357424123,1.272556408143571e-09,7.771561172376096e-16
4,27,65,65,0,65,0.0008344533994382031,2.43114782107217e-11,6.661338147750939e-16
8,13,65,0,0,0,0.0055718630673049505,,
8,13,65,1,0,1,0.006028027688899182,1.2841271456289938e-14,1.1102230246251565e-16
8,13,65,2,0,2,0.005346922040555424,3.721543852275335e-14,1.1102230246251565e-16
8,13,65,3,0,3,0.005227640525994363,1.980337992580785e-13,0.0
8,13,65,4,0,4,0.005678496025600339,7.214869337182727e-13,3.3306690738754696e-16
8,13,65,5,0,5,0.005283466351450786,6.017022092676944e-13,3.3306690738754696e-16
8,13,65,6,0,6,0.005721635234432659,5.358580690165042e-13,1.1102230246251565e-16
8,13,65,7,0,7,0.006259622655811123,7.141141326683245e-13,3.3306690738754696e-16
8,13,65,8,0,8,0.006225710576784249,1.7666492222102697e-12,3.3306690738754696e-16
8,13,65,9,0,9,0.006371260220437853,3.1021967830575793e-12,7.771561172376096e-16
8,13,65,10,0,10,0.005787282159668627,1.2373863959317844e-12,7.771561172376096e-16
8,13,65,11,0,11,0.006236475640319547,3.066019852016214e-10,6.661338147750939e-16
8,13,65,12,0,12,0.006896908567222405,1.6162454853228218e-12,6.661338147750939e-16
8,13,65,13,0,13,0.007220519910242622,4.484085508039452e-12,4.440892098500626e-16
8,13,65,14,0,14,0.006323842666719232,5.076362430861222e-11,6.661338147750939e-16
8,13,65,15,0,15,0.007027526161653744,3.3852978862390295e-12,5.551115123125783e-16
8,13,65,16,0,16,0.007914956214057274,1.5234087988081381e-12,7.771561172376096e-16
8,13,65,17,0,17,0.006513901519551362,1.0502696073407318e-10,4.440892098500626e-16
8,13,65,18,0,18,0.0066192850839082535,1.1400757185629068e-11,5.551115123125783e-16
8,13,65,19,0,19,0.007037980648071823,5.168448518975667e-12,2.220446049250313e-16
8,13,65,20,0,20,0.007353923966765828,3.1839208653020796e-11,3.3306690738754696e-16
8,13,65,21,0,21,0.0070211332390927575,1.02634713681554e-11,3.3306690738754696e-16
8,13,65,22,0,22,0.00738263174001586,7.152692335801789e-10,7.771561172376096e-16
8,13,65,23,0,23,0.007591603699778914,1.0720995037739736e-10,5.551115123125783e-16
8,13,65,24,0,24,0.007325552200955787,1.2497177662778503e-10,5.551115123125783e-16
8,13,65,25,0,25,0.007775355827222284,3.829451365810873e-12,5.551115123125783e-16
8,13,65,26,0,26,0.00797466582568346,1.7922957474137396e-11,7.771561172376096e-16
8,13,66,27,0,27,7.189990220491597e-05,4.840193919268785e-09,8.881784197001252e-16
8,13,66,28,0,28,0.0005425656494560578,3.6814591458174043e-10,8.881784197001252e-16
8,13,66,29,0,29,0.00022666337998456396,1.4472558966948458e-10,6.661338147750939e-16
8,13,66,30,0,30,0.000349594944695787,1.4581982982044495e-10,5.551115123125783e-16
8,13,66,31,0,31,0.0007543228687848793,3.452285522415012e-10,4.440892098500626e-16
8,13,66,32,0,32,0.0003176461644040222,9.344592359158493e-11,7.771561172376096e-16
8,13,66,33,0,33,0.0010665550576328064,1.0117916687938343e-09,4.440892098500626e-16
8,13,66,34,0,34,0.0005639349100893037,7.738904557623177e-10,4.440892098500626e-16
8,13,66,35,0,35,0.0009139824940599188,1.998556969088374e-10,6.661338147750939e-16
8,13,66,36,0,36,0.0008259661552899214,4.90568408489364e-10,7.771561172376096e-16
8,13,66,37,0,37,0.0011857237395164056,3.0060936781009464e-10,4.440892098500626e-16
8,13,66,38,0,38,0.0008974891795006293,8.55177716957114e-11,6.661338147750939e-16
8,13,66,39,0,39,0.0016933346441613585,1.5821217419269551e-10,8.881784197001252e-16
8,13,66,40,0,40,0.001201021463623414,1.3578888845407856e-10,5.551115123125783e-16
8,13,66,41,0,41,0.0013862037547839917,1.5370186776647865e-09,7.771561172376096e-16
8,13,66,42,0,42,0.0013588977231298507,1.8797166071357237e-10,5.551115123125783e-16
8,13,66,43,0,43,0.0020459344670984837,1.5986753683602437e-10,7.771561172376096e-16
8,13,66,44,0,44,0.0014961171777101146,1.3429033156284256e-10,5.551115123125783e-16
8,13,66,45,0,45,0.0016852303718230329,2.9795949686872756e-10,6.661338147750939e-16
8,13,66,46,0,46,0.0021499423051868165,1.1374024223146838e-09,9.992007221626409e-16
8,13,66,47,0,47,0.0018056399417869333,8.223616177111015e-11,6.661338147750939e-16
8,13,66,48,0,48,0.0027512486270032466,1.045813263712667e-09,5.551115123125783e-16
8,13,66,49,0,49,0.0016287142172118178,2.1913709364398345e-10,7.771561172376096e-16
8,13,66,50,0,50,0.0027261521166719906,3.5292417854219546e-10,6.661338147750939e-16
8,13,66,51,0,51,0.0021766516314083496,4.677028886406383e-10,6.661338147750939e-16
8,13,66,52,0,52,0.0019876186544581804,2.9619793097692037e-10,6.661338147750939e-16
8,13,66,53,0,53,0.002396636553563987,3.631388964224402e-11,6.661338147750939e-16
8,13,66,54,0,54,0.0020755371586839676,3.2702996589640256e-10,8.881784197001252e-16
8,13,66,55,0,55,0.0027522387036352466,2.7199235172291525e-10,5.551115123125783e-16
8,13,66,56,0,56,0.0026056014545482267,9.75888699144061e-10,7.771561172376096e-16
8,13,66,57,0,57,0.002186593832832318,1.3594863453207897e-09,6.661338147750939e-16
8,13,66,58,0,58,0.0025188573920062367,9.784359184826359e-11,6.661338147750939e-16
8,13,66,59,0,59,0.002562053331206798,1.522659628337096e-07,1.63202784619898e-14
8,13,66,60,0,60,0.002218874156543882,1.3930865434263702e-09,7.771561172376096e-16
8,13,66,61,0,61,0.0033374281930467512,4.814782196530907e-10,7.771561172376096e-16
8,13,66,62,0,62,0.002740573500549717,4.3505387464038856e-10,5.551115123125783e-16
8,13,66,63,0,63,0.003087220792236879,1.0862752683022793e-09,7.771561172376096e-16
8,13,66,64,0,64,0.002865998035633544,9.659498834996418e-11,7.771561172376096e-16
8,13,66,65,0,65,0.0035866893290437026,8.76760077375122e-11,7.771561172376096e-16
8,13,66,66,0,66,0.0032772187490114676,5.616800150166338e-10,7.771561172376096e-16
7,15,65,0,0,0,0.008462747569734157,,
7,15,65,1,0,1,0.00784947361522479,5.6501945655414784e-15,0.0
7,15,65,2,0,2,0.007412695587017898,3.256364323596722e-13,0.0
7,15,65,3,0,3,0.007996788817467333,7.956296662268911e-14,2.220446049250313e-16
7,15,65,4,0,4,0.007882923182288448,1.8435266149923883e-13,2.220446049250313e-16
7,15,65,5,0,5,0.008272533629711596,1.7826209203858802e-12,3.3306690738754696e-16
7,15,66,6,0,6,0.00020436192363320813,5.092493534056505e-12,2.220446049250313e-16
7,15,66,7,0,7,0.0002267054241561415,7.142474710665989e-11,3.3306690738754696e-16
7,15,66,8,0,8,0.00029872622146924683,2.8149335600135892e-12,2.220446049250313e-16
7,15,66,9,0,9,0.00048485917765840874,5.202611384903932e-12,5.551115123125783e-16
7,15,66,10,0,10,0.000808883491694301,6.229257373088052e-11,2.220446049250313e-16
7,15,66,11,0,11,0.0011922443569721876,1.4614931599203605e-11,3.3306690738754696e-16
7,15,66,12,0,12,0.0008552922570247677,4.796952677109606e-12,5.551115123125783e-16
7,15,66,13,0,13,0.0009476521085723771,2.3456584220400262e-11,3.3306690738754696e-16
7,15,66,14,0,14,0.0009501260218516773,4.963284695798965e-11,8.881784197001252e-16
7,15,66,15,0,15,0.0014196224566688598,1.0730863517705519e-11,1.1102230246251565e-15
7,15,66,16,0,16,0.0011218653419364968,1.0600555069165897e-11,3.3306690738754696e-16
7,15,66,17,0,17,0.0015885228515567643,2.7472407250519833e-11,9.992007221626409e-16
7,15,66,18,0,18,0.0016502716197972058,2.5944578158246313e-12,4.440892098500626e-16
7,15,66,19,0,19,0.00180942335196835,5.1714902326026234e-12,5.551115123125783e-16
7,15,66,20,0,20,0.0016777292582084615,1.2150415372024242e-11,3.3306690738754696e-16
7,15,66,21,0,21,0.001964129677479455,1.1354222127976722e-10,3.3306690738754696e-16
7,15,66,22,0,22,0.0017717303319838109,1.7646348333362246e-11,5.551115123125783e-16
7,15,66,23,0,23,0.0023431712889608763,1.4502258149629836e-11,5.551115123125783e-16
7,15,66,24,0,24,0.002656022117525721,3.4965457459106467e-11,7.771561172376096e-16
7,15,66,25,0,25,0.0019243823168039397,7.602244653123757e-11,5.551115123125783e-16
7,15,66,26,0,26,0.0026998061472995787,1.6141388534352106e-09,7.771561172376096e-16
7,15,66,27,0,27,0.0024471353037958683,2.1568690475590543e-11,3.3306690738754696e-16
7,15,66,28,0,28,0.0022258513902799924,1.2374945326077452e-11,5.551115123125783e-16
7,15,66,29,0,29,0.002584764044438673,9.102538510378939e-12,4.440892098500626e-16
7,15,66,30,0,30,0.0027975828949285708,1.5762514087661354e-10,4.440892098500626e-16
7,15,66,31,0,31,0.0027552038532445027,5.1073637945329505e-11,6.661338147750939e-16
7,15,66,32,0,32,0.0029819170839602777,3.356999295639845e-10,1.1102230246251565e-15
7,15,66,33,0,33,0.0030747808293917532,7.799480749957385e-11,3.3306690738754696e-16
7,15,66,34,0,34,0.002793183529638482,1.7131155160001686e-11,5.551115123125783e-16
7,15,66,35,0,35,0.002745717170010213,1.3305754329375552e-09,6.661338147750939e-16
7,15,66,36,0,36,0.002736760442629728,4.45646181282745e-11,3.3306690738754696e-16
7,15,66,37,0,37,0.003037491313342525,1.1251840399620376e-10,6.661338147750939e-16
7,15,66,38,0,38,0.0030412877701513617,5.6169576449668667e-11,5.551115123125783e-16
7,15,66,39,0,39,0.003228597878752,3.992686870665682e-11,4.440892098500626e-16
7,15,66,40,0,40,0.0032069099645125054,7.591093324055179e-11,5.551115123125783e-16
7,15,66,41,0,41,0.002591069608880132,8.876953898895718e-11,4.440892098500626e-16
7,15,66,42,0,42,0.003289271991048802,7.060019071452904e-11,9.992007221626409e-16
7,15,66,43,0,43,0.00346427968464778,3.42256057174532e-11,5.551115123125783e-16
7,15,66,44,0,44,0.0037712935269775534,5.992699409669055e-11,6.661338147750939e-16
7,15,66,45,0,45,0.003319490739838103,2.4526048434952816e-11,6.661338147750939e-16
7,15,66,46,0,46,0.003955630076362643,7.756114451784461e-10,4.440892098500626e-16
7,15,66,47,0,47,0.00445374551376456,3.2517948122366174e-10,4.440892098500626e-16
7,15,66,48,0,48,0.004278072671427353,5.075654118322868e-10,7.771561172376096e-16
7,15,66,49,0,49,0.003540476236570592,3.2126562005791324e-10,8.881784197001252e-16
7,15,66,50,0,50,0.0038295525631752408,1.398098959182017e-10,7.771561172376096e-16
7,15,66,51,0,51,0.0043417510263700386,3.419029714914269e-10,8.881784197001252e-16
7,15,66,52,0,52,0.004444904997202435,2.955426160748142e-10,7.771561172376096e-16
7,15,66,53,0,53,0.0037233998837306686,6.642712058818252e-10,6.661338147750939e-16
7,15,66,54,0,54,0.00421125829205193,1.5712158718821199e-10,5.551115123125783e-16
7,15,66,55,0,55,0.004749689845612726,1.4458288388284537e-10,8.881784197001252e-16
7,15,66,56,0,56,0.004461232914586792,1.2164266368511522e-09,8.881784197001252e-16
7,15,66,57,0,57,0.004228247304834748,5.546384862306494e-10,5.551115123125783e-16
7,15,66,58,0,58,0.004368911440725376,1.7488875102732747e-10,4.440892098500626e-16
7,15,66,59,0,59,0.003987739533100634,3.5388244967249937e-10,7.771561172376096e-16
7,15,66,60,0,60,0.004496514073853911,2.5236509922958493e-10,5.551115123125783e-16
7,15,66,61,0,61,0.004363778698620711,4.059477505194765e-09,5.551115123125783e-16
7,15,66,62,0,62,0.004979032497874359,3.495158774342826e-10,8.881784197001252e-16
7,15,66,63,0,63,0.004030197558116575,8.944000491441512e-11,6.661338147750939e-16
7,15,66,64,0,64,0.0046007672116920835,1.1525347897405178e-10,8.881784197001252e-16
7,15,66,65,0,65,0.00508681902350085,6.398905420678347e-11,5.551115123125783e-16
7,15,66,66,0,66,0.004563326791850874,1.5720479639207493e-11,4.440892098500626e-16
4,28,66,0,0,0,0.006569466952413713,,
4,28,66,1,0,1,0.006086574515239104,8.577618749227042e-15,0.0
4,28,66,2,0,2,0.007167128101930357,5.53780139918394e-14,0.0
4,28,66,3,0,3,0.0057101617732183635,1.2969377664110983e-13,0.0
4,28,66,4,0,4,0.006076170332217825,1.4512715125137311e-13,0.0
4,28,66,5,0,5,0.0056647495516189686,3.0399286998415074e-13,0.0
4,28,66,6,0,6,0.006246562256628149,2.0040646771562062e-13,3.3306690738754696e-16
4,28,66,7,0,7,0.007504126891938141,5.671084780929772e-13,3.3306690738754696e-16
4,28,66,8,0,8,0.00619668963208857,1.0548776185947985e-12,1.1102230246251565e-16
4,28,66,9,0,9,0.00610907172613632,9.80230427707823e-13,7.771561172376096e-16
4,28,67,10,0,10,4.3229822628019315e-05,1.8983695558340728e-11,3.3306690738754696e-16
4,28,67,11,0,11,0.0004501371089476228,1.2272505965848e-11,7.771561172376096e-16
4,28,67,12,0,12,0.00042388658587892665,4.220668248046465e-11,6.661338147750939e-16
4,28,67,13,0,13,0.00038019885803981964,1.000063562204151e-11,1.1102230246251565e-16
4,28,67,14,0,14,0.0003293146558933425,4.1809362872814534e-11,4.440892098500626e-16
4,28,67,15,0,15,0.00047084570247954254,2.480426287788275e-11,7.771561172376096e-16
4,28,67,16,0,16,0.00028071520234853106,2.4586528113046026e-11,6.661338147750939e-16
4,28,67,17,0,17,0.0007803052236185535,8.826025328590398e-11,5.551115123125783e-16
4,28,67,18,0,18,0.0009460423379225927,3.0223867407831025e-11,9.992007221626409e-16
4,28,67,19,0,19,0.00010767326869931486,5.799254718987832e-10,3.3306690738754696e-16
4,28,67,20,0,20,0.0010592659880892241,2.172761941621238e-11,7.771561172376096e-16
4,28,67,21,0,21,0.0013064002133892712,4.048884643512043e-10,5.551115123125783e-16
4,28,67,22,0,22,0.0010690184184082995,2.8836747628661024e-11,9.992007221626409e-16
4,28,67,23,0,23,0.0007064941220331174,5.733743741946405e-11,8.881784197001252e-16
4,28,67,24,0,24,0.00127055749092491,1.787693531348112e-11,5.551115123125783e-16
4,28,67,25,0,25,0.001330349582740029,3.5160940941077495e-10,5.551115123125783e-16
4,28,67,26,0,26,0.0010940958181184545,3.764635067421534e-11,6.661338147750939e-16
4,28,67,27,0,27,0.001352514569567911,4.4468709881178886e-11,7.771561172376096e-16
4,28,67,28,0,28,0.0011547172347070628,6.634159969173051e-11,7.771561172376096e-16
4,28,67,29,0,29,0.0016565108431495503,5.0224778140713065e-11,4.440892098500626e-16
4,28,67,30,0,30,0.0015698800473617595,1.0725465554879922e-10,6.661338147750939e-16
4,28,67,31,0,31,0.0014398268117500241,1.2109284889867973e-10,5.551115123125783e-16
4,28,67,32,0,32,0.0006450907816320951,4.030387232270885e-09,6.661338147750939e-16
4,28,67,33,0,33,0.001764600297774359,3.042356238975287e-10,6.661338147750939e-16
4,28,67,34,0,34,0.0016204370910807104,5.1247510918216034e-11,4.440892098500626e-16
4,28,67,35,0,35,0.0018123301967707284,5.0871179418423875e-11,4.440892098500626e-16
4,28,67,36,0,36,0.0015751677211027458,3.864889780903978e-11,6.661338147750939e-16
4,28,67,37,0,37,0.0015776022541592687,1.866861647784836e-10,5.551115123125783e-16
4,28,67,38,0,38,0.0014590340384318756,6.235267025270157e-10,3.3306690738754696e-16
4,28,67,39,0,39,0.002329600463905404,5.997181707983563e-11,4.440892098500626e-16
4,28,67,40,0,40,0.0017057866091033551,2.9519161610141564e-10,4.440892098500626e-16
4,28,67,41,0,41,0.0019688106652452696,3.7391174416453685e-10,6.661338147750939e-16
4,28,67,42,0,42,0.0020429479553718574,6.072503296344746e-11,1.2212453270876722e-15
4,28,67,43,0,43,0.0016934282859644185,1.6446231524173732e-10,7.771561172376096e-16
4,28,67,44,0,44,0.0020082905815424147,1.5165978960340564e-10,5.551115123125783e-16
4,28,67,45,0,45,0.0019715947936409794,4.87053298025695e-11,4.440892098500626e-16
4,28,67,46,0,46,0.0020048516027982993,2.4725211559086257e-10,5.551115123125783e-16
4,28,67,47,0,47,0.0017139330611328572,3.8804234625405414e-10,5.551115123125783e-16
4,28,67,48,0,48,0.0013386116821490017,7.505660798420543e-11,5.551115123125783e-16
4,28,67,49,0,49,0.0022857058016088577,5.600043474207751e-10,6.661338147750939e-16
4,28,67,50,1,50,0.002172557099103108,1.2806539475199837e-10,7.771561172376096e-16
4,28,67,51,0,51,0.002293053583527299,7.944482995448971e-11,5.551115123125783e-16
4,28,67,52,0,52,0.00237664337044086,3.331194537632493e-10,4.440892098500626e-16
4,28,67,53,0,53,0.0019956383096249143,1.6446535830176838e-10,6.661338147750939e-16
4,28,67,54,0,54,0.0015826418039709867,1.094254328789568e-09,6.661338147750939e-16
4,28,67,55,0,55,0.002211878244814673,2.3675509759993426e-09,8.881784197001252e-16
4,28,67,56,0,56,0.0029982033015240233,7.332029140478656e-10,7.771561172376096e-16
4,28,67,57,0,57,0.0020056108017707497,1.8462173711848923e-09,6.661338147750939e-16
4,28,67,58,0,58,0.0017340525214038548,4.456717994128634e-08,6.661338147750939e-16
4,28,67,59,0,59,0.0022812312305457642,6.859402107795185e-10,6.661338147750939e-16
4,28,67,60,0,60,0.0025559964272024063,4.07155196169605e-11,9.992007221626409e-16
4,28,67,61,0,61,0.001962956703721568,1.700214403910641e-10,8.881784197001252e-16
4,28,67,62,0,62,0.0019978087709519262,1.5956931562688314e-10,8.881784197001252e-16
4,28,67,63,0,63,0.001542203312746169,3.615515544310543e-10,9.992007221626409e-16
4,28,67,64,0,64,0.00262423160556351,7.45231659394898e-10,7.771561172376096e-16
4,28,67,65,0,65,0.0012914707895291609,2.4780065980032083e-10,8.881784197001252e-16
4,28,67,66,0,66,0.002267748033737783,1.8768366560775668e-11,7.771561172376096e-16
4,28,67,67,0,67,0.0022819159091478753,2.5348341800947365e-11,1.1102230246251565e-15
6,18,67,0,0,0,0.002167703549265124,,
6,18,67,1,0,1,0.0024337436696115484,1.3939090051272131e-14,1.1102230246251565e-16
6,18,67,2,0,2,0.0022945900724792565,2.1056942129326713e-13,2.220446049250313e-16
6,18,67,3,0,3,0.0023636058280186293,2.1908736199162286e-13,0.0
6,18,67,4,0,4,0.0029641948998506123,1.0161876849975097e-12,1.1102230246251565e-16
6,18,67,5,0,5,0.0023991200285992547,1.0331143012164423e-12,3.3306690738754696e-16
6,18,67,6,0,6,0.0033616043389928614,4.134840813485553e-13,3.3306690738754696e-16
6,18,67,7,0,7,0.0031911556862949156,7.296785374256754e-13,4.440892098500626e-16
6,18,67,8,0,8,0.003151213971898537,1.1871184372543308e-12,4.440892098500626e-16
6,18,67,9,0,9,0.002881069541098826,1.4368769254041923e-11,2.220446049250313e-16
6,18,67,10,0,10,0.0027831221791238866,2.446279728717235e-11,1.1102230246251565e-16
6,18,67,11,0,11,0.003289843956428039,7.239540892887773e-12,6.661338147750939e-16
6,18,67,12,0,12,0.0032415904325153954,6.903744752615102e-12,2.220446049250313e-16
6,18,67,13,0,13,0.003325072832060751,8.38134775868134e-12,4.440892098500626e-16
6,18,67,14,0,14,0.0035976029110143686,5.9705577734623765e-12,4.440892098500626e-16
6,18,67,15,0,15,0.0038886455045579393,8.110140227131718e-12,4.440892098500626e-16
6,18,67,16,0,16,0.00347710717429077,3.3692999602544992e-12,6.661338147750939e-16
6,18,67,17,0,17,0.0042481307437462115,1.045287289925914e-11,7.771561172376096e-16
6,18,67,18,0,18,0.004279773246637302,6.436589909166094e-11,6.661338147750939e-16
6,18,67,19,0,19,0.0038673551595193065,4.6847084160882154e-12,3.3306690738754696e-16
6,18,67,20,0,20,0.004041786545343976,2.722470484601641e-11,3.3306690738754696e-16
6,18,67,21,0,21,0.004633907409374747,3.5261923212260027e-11,3.3306690738754696e-16
6,18,67,22,0,22,0.00395843950733624,6.999089109159872e-12,4.440892098500626e-16
6,18,67,23,0,23,0.0047172492734991675,1.3007508976459216e-11,7.771561172376096e-16
6,18,67,24,0,24,0.004453957678595441,2.591617071191059e-11,4.440892098500626e-16
6,18,67,25,0,25,0.004206451090993377,2.5598588882989034e-11,7.771561172376096e-16
6,18,67,26,0,26,0.00465416913230519,1.213143573362243e-10,6.661338147750939e-16
6,18,67,27,0,27,0.004276301054778415,1.483379449613356e-10,7.771561172376096e-16
6,18,67,28,0,28,0.00481664650455212,2.45582795673801e-11,4.440892098500626e-16
6,18,67,29,0,29,0.0049920929840215275,6.707790977328671e-11,5.551115123125783e-16
6,18,67,30,0,30,0.004237496859766942,2.5428641908366122e-11,9.992007221626409e-16
6,18,67,31,0,31,0.00433959423709827,1.268366458672492e-10,6.661338147750939e-16
6,18,67,32,0,32,0.004713377414304846,1.3189667284866334e-10,5.551115123125783e-16
6,18,67,33,0,33,0.0043077839414219195,9.543428286911207e-11,7.771561172376096e-16
6,18,67,34,0,34,0.004376033684932418,1.2471354236870502e-10,5.551115123125783e-16
6,18,67,35,0,35,0.004801173826906811,3.1221122346148905e-11,7.771561172376096e-16
6,18,67,36,0,36,0.005291492505295782,4.4925548431504845e-10,5.551115123125783e-16
6,18,67,37,0,37,0.004718464363035264,1.9662128301401316e-11,6.661338147750939e-16
6,18,67,38,0,38,0.004729981106026196,2.3360633252946556e-11,9.992007221626409e-16
6,18,67,39,0,39,0.004570399092875518,4.9634120490114337e-11,7.771561172376096e-16
6,18,67,40,0,40,0.0046008219499923154,8.60053258922172e-11,4.440892098500626e-16
6,18,67,41,0,41,0.004649088498453136,5.2393828637274716e-11,6.661338147750939e-16
6,18,67,42,0,42,0.004791204631555684,8.690097206676063e-11,6.661338147750939e-16
6,18,67,43,0,43,0.005358173708940969,1.1085677045015683e-09,7.771561172376096e-16
6,18,67,44,0,44,0.006123719542077421,1.4386000847913857e-10,8.881784197001252e-16
6,18,67,45,0,45,0.004234046565395868,1.0280246291200059e-10,4.440892098500626e-16
6,18,67,46,0,46,0.005268466503404191,3.1821324235221565e-11,8.881784197001252e-16
6,18,67,47,0,47,0.005156655709274709,7.037683074661861e-10,6.661338147750939e-16
6,18,67,48,0,48,0.005068442563789376,1.0632900552439895e-10,6.661338147750939e-16
6,18,67,49,0,49,0.005071444614139215,9.875906777177045e-09,6.661338147750939e-16
6,18,67,50,0,50,0.005514590230395413,2.12275515251605e-09,5.551115123125783e-16
6,18,68,51,0,51,9.39568436433019e-05,3.860419357439201e-09,7.771561172376096e-16
6,18,68,52,0,52,0.0004136282956534633,3.552469377488872e-09,7.771561172376096e-16
6,18,68,53,0,53,0.0002997965979300326,7.603881057673976e-10,7.771561172376096e-16
6,18,68,54,0,54,0.00019050019359091865,7.81734675695764e-10,8.881784197001252e-16
6,18,68,55,0,55,0.0004721957355821695,5.476133929302987e-09,6.661338147750939e-16
6,18,68,56,0,56,0.0004845756688344503,9.183765072016328e-10,7.771561172376096e-16
6,18,68,57,0,57,0.0006215961517838172,2.801766814791559e-10,8.881784197001252e-16
6,18,68,58,0,58,0.0005170225823128988,1.8682483866990043e-08,5.551115123125783e-16
6,18,68,59,0,59,0.0005222211461482516,6.378712123716032e-10,7.771561172376096e-16
6,18,68,60,0,60,0.0009957720709238664,1.0741714997049783e-10,4.440892098500626e-16
6,18,68,61,0,61,0.0007905903080412728,5.124423282825299e-09,7.771561172376096e-16
6,18,68,62,0,62,0.0009654124608838807,7.743816681230948e-10,4.440892098500626e-16
6,18,68,63,0,63,0.0010564386298020983,1.2493545728284641e-10,6.661338147750939e-16
6,18,68,64,0,64,0.0011324910353137242,2.893803986240523e-10,6.661338147750939e-16
6,18,68,65,0,65,0.0011869809486682245,2.0505456655650397e-10,5.551115123125783e-16
6,18,68,66,0,66,0.0012149759490838994,1.6447158038884105e-10,8.881784197001252e-16
6,18,68,67,0,67,0.0012356176857393963,6.35094478782103e-11,5.551115123125783e-16
6,18,68,68,0,68,0.0011573619782353764,5.348272292508467e-11,8.881784197001252e-16
5,22,67,0,0,0,0.0036013152207156835,,
5,22,67,1,0,1,0.00418152315763411,1.1228577603814835e-14,1.1102230246251565e-16
5,22,67,2,0,2,0.004325883260224722,4.889540561996065e-14,1.1102230246251565e-16
5,22,67,3,0,3,0.004134507428285939,1.5563698351366141e-13,1.1102230246251565e-16
5,22,67,4,0,4,0.003860339975848941,3.874732435089382e-12,1.1102230246251565e-16
5,22,67,5,0,5,0.004336064754312444,2.9078965332159415e-13,2.220446049250313e-16
5,22,67,6,0,6,0.004316668293852338,1.1049156609950685e-12,6.661338147750939e-16
5,22,67,7,0,7,0.004725486398933987,1.106328885461543e-12,5.551115123125783e-16
5,22,67,8,0,8,0.004111371775240472,6.338949819789858e-12,5.551115123125783e-16
5,22,67,9,0,9,0.003795391911085628,8.826667728553226e-13,4.440892098500626e-16
5,22,67,10,0,10,0.004972543621803322,3.6019255597247093e-12,2.220446049250313e-16
5,22,67,11,0,11,0.004367724555596889,2.1400032872017637e-10,2.220446049250313e-16
5,22,67,12,0,12,0.004462528232801628,2.7025767691775505e-12,1.1102230246251565e-16
5,22,67,13,0,13,0.004886601965574115,5.061801218004513e-12,4.440892098500626e-16
5,22,67,14,0,14,0.0051845593361232465,1.1145375997813874e-11,5.551115123125783e-16
5,22,67,15,0,15,0.00404986470081287,5.40448807942394e-10,5.551115123125783e-16
5,22,67,16,0,16,0.004031964682535478,7.407205448481068e-12,3.3306690738754696e-16
5,22,67,17,0,17,0.004162891748656325,1.788621838797543e-11,8.881784197001252e-16
5,22,67,18,0,18,0.005140175011293152,1.1823574376815125e-11,6.661338147750939e-16
5,22,67,19,0,19,0.004892909543102902,4.450045557641404e-12,4.440892098500626e-16
5,22,67,20,0,20,0.005513127442228141,1.6185189130923005e-10,6.661338147750939e-16
5,22,67,21,0,21,0.004412174723118249,2.6999345264139637e-11,7.771561172376096e-16
5,22,67,22,0,22,0.005475088893471032,1.7890957819938584e-11,4.440892098500626e-16
5,22,67,23,0,23,0.005125652712528595,5.707390391305194e-11,9.992007221626409e-16
5,22,67,24,0,24,0.004655997976802089,1.4431320668793722e-11,6.661338147750939e-16
5,22,67,25,0,25,0.005424858343717079,7.520948367050915e-11,6.661338147750939e-16
5,22,67,26,0,26,0.005140815960550282,1.1767788460590933e-11,6.661338147750939e-16
5,22,67,27,0,27,0.004698501113807228,2.590959075173717e-11,7.771561172376096e-16
5,22,67,28,0,28,0.0058641677981713615,1.5450859835246645e-11,4.440892098500626e-16
5,22,67,29,0,29,0.004117536043571921,9.657622562110236e-10,1.1102230246251565e-15
5,22,67,30,0,30,0.00567591739218194,3.2158716333827326e-11,9.992007221626409e-16
5,22,67,31,0,31,0.00459237158876479,3.8428976670950506e-11,5.551115123125783e-16
5,22,67,32,0,32,0.005465413486436601,5.905194229752401e-11,7.771561172376096e-16
5,22,67,33,0,33,0.0015534204822535184,5.326193835748098e-10,4.440892098500626e-16
5,22,67,34,0,34,0.005498794051416419,1.6480749856230362e-10,4.440892098500626e-16
5,22,67,35,0,35,0.005757317294300813,3.2637494532285613e-10,5.551115123125783e-16
5,22,68,36,0,36,8.185272501685686e-05,5.069359845565207e-10,3.3306690738754696e-16
5,22,68,37,0,37,0.00016558922658434485,2.0526637008214239e-10,6.661338147750939e-16
5,22,68,38,0,38,0.000282863047548916,1.3336038204289768e-10,5.551115123125783e-16
5,22,68,39,0,39,0.00027294669323629653,4.912719017951149e-11,6.661338147750939e-16
5,22,68,40,0,40,0.00048664153671012394,9.3729961240458e-10,7.771561172376096e-16
5,22,68,41,0,41,0.00030033479800675185,7.806928081080052e-10,5.551115123125783e-16
5,22,68,42,0,42,0.0006893561086070312,2.858190465543877e-09,7.771561172376096e-16
5,22,68,43,0,43,0.0006664981705319441,1.555405928115879e-10,5.551115123125783e-16
5,22,68,44,0,44,0.0005774167034042065,1.8270329080622195e-10,5.551115123125783e-16
5,22,68,45,0,45,0.0009793657796854083,3.1810959998822422e-09,4.440892098500626e-16
5,22,68,46,0,46,0.0009725128464484932,8.789319203682937e-10,5.551115123125783e-16
5,22,68,47,0,47,0.0009236630694116909,1.520460775622402e-09,6.661338147750939e-16
5,22,68,48,0,48,0.0008602543098502669,1.3665508557326276e-09,8.881784197001252e-16
5,22,68,49,0,49,0.0009625415985455137,1.0400761681151588e-08,8.881784197001252e-16
5,22,68,50,0,50,0.001050173465983735,1.8134691830437524e-10,4.440892098500626e-16
5,22,68,51,0,51,0.0012420524452174933,4.8931580278028206e-11,5.551115123125783e-16
5,22,68,52,0,52,0.0013356788056436831,2.2434160539228863e-09,6.661338147750939e-16
5,22,68,53,0,53,0.0011715853424571323,2.3716286933424906e-09,6.661338147750939e-16
5,22,68,54,0,54,0.0014356857663142813,2.9122014171230203e-10,5.551115123125783e-16
5,22,68,55,0,55,0.0014818572731586659,2.8303113055441405e-10,4.440892098500626e-16
5,22,68,56,0,56,0.0015301737289049589,6.639288164622997e-10,6.661338147750939e-16
5,22,68,57,0,57,0.0014124617930493316,1.2336365535219514e-08,1.1102230246251565e-15
5,22,68,58,0,58,0.00120702640053539,2.0893297614405555e-10,7.771561172376096e-16
5,22,68,59,0,59,0.0015906355726861192,1.2958248141277154e-10,7.771561172376096e-16
5,22,68,60,0,60,0.0017254658636136214,4.0848734435106917e-10,6.661338147750939e-16
5,22,68,61,0,61,0.0016441287670860645,6.030471708322897e-10,5.551115123125783e-16
5,22,68,62,0,62,0.0014463844646562735,1.312478167627157e-10,4.440892098500626e-16
5,22,68,63,0,63,0.0016385828035826568,1.0651567929006079e-10,6.661338147750939e-16
5,22,68,64,0,64,0.0014613274801122142,2.123773738329298e-08,5.551115123125783e-16
5,22,68,65,0,65,0.002057810741886231,2.4505437315193473e-11,1.3322676295501878e-15
5,22,68,66,0,66,0.002201755954640297,4.380163061715539e-11,4.440892098500626e-16
5,22,68,67,0,67,0.0015866605493428758,2.1416020025024322e-11,7.771561172376096e-16
5,22,68,68,0,68,0.0016041627368412303,1.1097612510595243e-10,6.661338147750939e-16
9,12,68,0,0,0,0.004171253116892826,,
9,12,68,1,0,1,0.004403250997082589,1.3758615713778241e-14,0.0
9,12,68,2,0,2,0.004240721218235245,1.0674201527580219e-13,0.0
9,12,68,3,0,3,0.004479781565546007,6.772286769237201e-11,3.3306690738754696e-16
9,12,68,4,0,4,0.005431133167776906,8.00019565066557e-13,3.3306690738754696e-16
9,12,68,5,0,5,0.004960013884680448,4.810493227422886e-11,2.220446049250313e-16
9,12,68,6,0,6,0.004691176898817549,1.254984019392399e-12,2.220446049250313e-16
9,12,68,7,0,7,0.004884128084783327,2.0233281531305703e-13,3.3306690738754696e-16
9,12,68,8,0,8,0.004194866496827896,9.393622549839442e-13,2.220446049250313e-16
9,12,68,9,0,9,0.003701413165513779,1.2510612424772421e-12,3.3306690738754696e-16
9,12,68,10,0,10,0.0044650211004604425,1.7934145383821351e-12,5.551115123125783e-16
9,12,68,11,0,11,0.005130116228857073,1.5952410323894546e-11,5.551115123125783e-16
9,12,68,12,0,12,0.005482264683602047,7.686367782586824e-11,3.3306690738754696e-16
9,12,68,13,0,13,0.004304225264601038,3.9027625355505426e-12,3.3306690738754696e-16
9,12,68,14,0,14,0.004656530692367836,7.717428457230247e-12,4.440892098500626e-16
9,12,68,15,0,15,0.005696745373781451,2.110093900281163e-12,4.440892098500626e-16
9,12,68,16,0,16,0.005236141578714489,5.33868357101941e-11,3.3306690738754696e-16
9,12,68,17,0,17,0.006389685399564292,3.0638357774500573e-12,3.3306690738754696e-16
9,12,68,18,0,18,0.005567384440650534,2.592992491592094e-12,7.771561172376096e-16
9,12,68,19,0,19,0.005817130657637571,4.504194883950941e-11,6.661338147750939e-16
9,12,68,20,0,20,0.00605284336939114,1.3854083826286996e-10,4.440892098500626e-16
9,12,68,21,0,21,0.006423566627371164,1.4630627213114225e-10,6.661338147750939e-16
9,12,68,22,0,22,0.005726861696763266,3.4475526767714614e-11,7.771561172376096e-16
9,12,68,23,0,23,0.00536054919080845,1.5096726284447735e-10,5.551115123125783e-16
9,12,68,24,0,24,0.005646222222522873,5.150686524276363e-11,3.3306690738754696e-16
9,12,68,25,0,25,0.006104276996514997,6.922087379985163e-12,3.3306690738754696e-16
9,12,68,26,0,26,0.0059224435641615425,6.222892402807451e-11,4.440892098500626e-16
9,12,68,27,0,27,0.006601564319024253,3.6620633006292317e-10,6.661338147750939e-16
9,12,68,28,0,28,0.0062050211616951215,2.3596418008893253e-11,6.661338147750939e-16
9,12,68,29,0,29,0.006313823826729026,4.7982010649881195e-09,6.661338147750939e-16
9,12,68,30,0,30,0.006097476014140752,5.907898768955921e-11,6.661338147750939e-16
9,12,68,31,0,31,0.005354843048086358,5.1345353931225434e-11,3.3306690738754696e-16
9,12,68,32,0,32,0.006343620197008894,5.516344480240339e-10,5.551115123125783e-16
9,12,68,33,0,33,0.006150255455655398,1.0759315317474206e-11,5.551115123125783e-16
9,12,68,34,0,34,0.006874715235520184,1.822282792380833e-10,6.661338147750939e-16
9,12,68,35,0,35,0.006688998655152776,6.047529219251779e-10,7.771561172376096e-16
9,12,68,36,0,36,0.005653082787302733,1.243314803206641e-10,4.440892098500626e-16
9,12,68,37,0,37,0.006169635064577929,7.500118962879182e-11,7.771561172376096e-16
9,12,68,38,0,38,0.006430286286501058,3.8475716424054575e-11,5.551115123125783e-16
9,12,69,39,0,39,0.00024830182576905094,1.0049056838370855e-10,4.440892098500626e-16
9,12,69,40,0,40,0.00023776393713230342,3.2331680044219953e-10,6.661338147750939e-16
9,12,69,41,0,41,0.00033996580792100035,6.65078534839815e-10,5.551115123125783e-16
9,12,69,42,0,42,0.00026214102575171274,2.423198081120746e-09,8.881784197001252e-16
9,12,69,43,0,43,0.00042351677225463137,1.5651599386114875e-09,5.551115123125783e-16
9,12,69,44,0,44,0.000515324248746376,7.355384355254504e-10,5.551115123125783e-16
9,12,69,45,0,45,0.000698432258596793,1.1347359160833267e-09,8.881784197001252e-16
9,12,69,46,0,46,0.0009251081416974293,3.477991330879353e-10,6.661338147750939e-16
9,12,69,47,0,47,0.0009854381186716254,6.330882819278174e-10,8.881784197001252e-16
9,12,69,48,0,48,0.0007809603006771318,1.963026297071116e-09,1.1102230246251565e-15
9,12,69,49,0,49,0.001210028487458489,1.4926270742641843e-09,5.551115123125783e-16
9,12,69,50,0,50,0.001073411330235387,2.0458257910828557e-09,6.661338147750939e-16
9,12,69,51,1,51,0.0012736520857149951,8.998146119084841e-11,3.3306690738754696e-16
9,12,69,52,1,52,0.0010263532388072368,1.51400360154286e-09,7.771561172376096e-16
9,12,69,53,0,53,0.0014023548397490036,3.0617033776457066e-10,6.661338147750939e-16
9,12,69,54,0,54,0.0018097356938074163,2.2993017269069866e-09,7.771561172376096e-16
9,12,69,55,0,55,0.0016223225060570745,7.309471490740819e-10,8.881784197001252e-16
9,12,69,56,0,56,0.0019126192914711575,3.768108891114702e-10,6.661338147750939e-16
9,12,69,57,0,57,0.001893604060805704,9.996717682416356e-10,5.551115123125783e-16
9,12,69,58,0,58,0.001764572456967358,2.703978493856872e-10,5.551115123125783e-16
9,12,69,59,0,59,0.002111786969003223,1.9148811772465643e-10,4.440892098500626e-16
9,12,69,60,0,60,0.0016664191122615457,9.26569246451485e-11,6.661338147750939e-16
9,12,69,61,0,61,0.0017553867569714762,2.0198830478002751e-10,6.661338147750939e-16
9,12,69,62,0,62,0.0020686256925612875,1.2582535637052757e-10,4.440892098500626e-16
9,12,69,63,0,63,0.002236313065622542,1.5658549832092972e-09,5.551115123125783e-16
9,12,69,64,0,64,0.002305401305834261,1.2328156236324264e-10,7.771561172376096e-16
9,12,69,65,0,65,0.0027742799219807606,2.207720726007627e-10,8.881784197001252e-16
9,12,69,66,0,66,0.0017597536540245495,9.55270877033422e-11,5.551115123125783e-16
9,12,69,67,0,67,0.002265425050366358,3.563881436954613e-09,9.992007221626409e-16
9,12,69,68,0,68,0.0027566167711974058,2.0516635643114242e-10,7.771561172376096e-16
9,12,69,69,0,69,0.002306695617593456,5.771247279596731e-11,4.440892098500626e-16
10,11,69,0,0,0,0.007541387484937447,,
10,11,69,1,0,1,0.007290644583540746,6.972836077858158e-15,0.0
10,11,69,2,0,2,0.007443368218680922,5.654564017118281e-14,3.3306690738754696e-16
10,11,69,3,0,3,0.007695923033897202,4.7916201931880695e-14,0.0
10,11,69,4,0,4,0.007822501977822478,1.9217740442610082e-13,2.220446049250313e-16
10,11,69,5,0,5,0.008726027498386583,3.2138960809296657e-13,3.3306690738754696e-16
10,11,69,6,0,6,0.007739123072386155,3.7895701210234484e-12,0.0
10,11,69,7,0,7,0.007462178385299528,2.4376939542425956e-11,2.220446049250313e-16
10,11,69,8,0,8,0.007448180938415291,1.2421574906883259e-12,7.771561172376096e-16
10,11,69,9,0,9,0.007768112763988957,1.0791042572613064e-11,2.220446049250313e-16
10,11,70,10,0,10,0.00024913174004789345,1.1706576018984152e-11,6.661338147750939e-16
10,11,70,11,0,11,0.0005224731315889697,5.314990672906425e-09,4.440892098500626e-16
10,11,70,12,0,12,0.000379928221931253,1.2559420461080376e-11,4.440892098500626e-16
10,11,70,13,0,13,0.000266647662265503,3.3239849345297244e-11,6.661338147750939e-16
10,11,70,14,0,14,0.0007042949586098347,1.4704611759284323e-11,6.661338147750939e-16
10,11,70,15,0,15,0.0008277499643635621,1.4553747312506766e-11,5.551115123125783e-16
10,11,70,16,0,16,0.0007462008080202538,6.874748768433786e-12,5.551115123125783e-16
10,11,70,17,0,17,0.0003683347733717645,6.615881064769314e-11,3.3306690738754696e-16
10,11,70,18,0,18,0.001135793980431617,9.319985212124099e-12,5.551115123125783e-16
10,11,70,19,0,19,0.0009683144607870973,1.5854680414109673e-09,7.771561172376096e-16
10,11,70,20,0,20,0.0015398391889551732,2.1480908186764338e-09,3.3306690738754696e-16
10,11,70,21,0,21,0.0013173423975855816,2.3235086675511127e-11,3.3306690738754696e-16
10,11,70,22,0,22,0.0015684990469667975,2.0290322508206934e-11,5.551115123125783e-16
10,11,70,23,0,23,0.0014463797018541545,4.816745106613255e-11,7.771561172376096e-16
10,11,70,24,0,24,0.0017169924472522535,1.3338260234604585e-11,7.771561172376096e-16
10,11,70,25,0,25,0.0019658182563048734,2.1721063666443933e-11,3.3306690738754696e-16
10,11,70,26,0,26,0.0016870340109270715,6.431645761215452e-11,5.551115123125783e-16
10,11,70,27,0,27,0.001942158082619812,4.2016253185593424e-11,5.551115123125783e-16
10,11,70,28,0,28,0.002217757621333105,5.323319048052589e-11,3.3306690738754696e-16
10,11,70,29,0,29,0.0018696058767619173,4.944242673447814e-10,5.551115123125783e-16
10,11,70,30,0,30,0.002183578790498289,1.7792250199181218e-11,5.551115123125783e-16
10,11,70,31,0,31,0.00228165395225832,1.5111351677791513e-10,6.661338147750939e-16
10,11,70,32,0,32,0.0023301598027945457,1.3027884814939335e-11,5.551115123125783e-16
10,11,70,33,0,33,0.0025404189998590176,1.9764244925315766e-10,4.440892098500626e-16
10,11,70,34,0,34,0.0024221453805273806,4.3593152346554444e-11,5.551115123125783e-16
10,11,70,35,0,35,0.002070724686306244,4.281336207093642e-10,4.440892098500626e-16
10,11,70,36,0,36,0.0030635466433322506,8.868169255456175e-11,4.440892098500626e-16
10,11,70,37,0,37,0.0027584108127217764,3.064058704166928e-10,4.440892098500626e-16
10,11,70,38,0,38,0.0025390151709617256,4.4665478907157823e-11,7.771561172376096e-16
10,11,70,39,0,39,0.0026904260453103125,2.1387254156981297e-09,7.771561172376096e-16
10,11,70,40,0,40,0.0028510086039123506,1.3395488272862646e-09,4.440892098500626e-16
10,11,70,41,0,41,0.0034414640910984612,8.013175604191556e-11,6.661338147750939e-16
10,11,70,42,0,42,0.0028118373297349873,8.71352129204907e-11,5.551115123125783e-16
10,11,70,43,0,43,0.0027670953979786242,6.312038857049294e-11,6.661338147750939e-16
10,11,70,44,0,44,0.003774335720021297,2.1040302411109454e-09,4.440892098500626e-16
10,11,70,45,0,45,0.002888194535351111,3.7753611493157025e-09,7.771561172376096e-16
10,11,70,46,0,46,0.002851556321354189,2.550159879862682e-10,7.771561172376096e-16
10,11,70,47,0,47,0.002954559519154914,7.268289606560807e-11,5.551115123125783e-16
10,11,70,48,0,48,0.0038045201144728943,4.107909552153122e-11,6.661338147750939e-16
10,11,70,49,0,49,0.003408107296788223,1.960041949934213e-10,4.440892098500626e-16
10,11,70,50,0,50,0.0031001882989185247,3.397536865210231e-09,4.440892098500626e-16
10,11,70,51,0,51,0.0032420469323524025,6.807675066201202e-11,4.440892098500626e-16
10,11,70,52,0,52,0.0042216764522390844,1.1154650220869863e-10,8.881784197001252e-16
10,11,70,53,0,53,0.003899250364932621,1.0471963337561853e-10,6.661338147750939e-16
10,11,70,54,0,54,0.003359356658916238,2.0815109126023926e-10,7.771561172376096e-16
10,11,70,55,0,55,0.00360724774740281,3.147756271105424e-10,4.440892098500626e-16
10,11,70,56,0,56,0.004614748161283147,1.0546344778574187e-10,5.551115123125783e-16
10,11,70,57,0,57,0.0038706706022143458,1.5979020236172942e-10,8.881784197001252e-16
10,11,70,58,0,58,0.00421715435524763,8.415039401988206e-10,4.440892098500626e-16
10,11,70,59,0,59,0.004684934509116151,1.739434755508025e-10,6.661338147750939e-16
10,11,70,60,0,60,0.004286775796722596,1.4815450714636035e-10,8.881784197001252e-16
10,11,70,61,0,61,0.0041921280416635145,2.2772089873787977e-10,6.661338147750939e-16
10,11,70,62,0,62,0.0041462990616288435,2.0583257066019748e-10,4.440892098500626e-16
10,11,70,63,0,63,0.004055971705033595,8.699434923678139e-10,5.551115123125783e-16
10,11,70,64,0,64,0.004695784178848161,8.153206353498053e-11,7.771561172376096e-16
10,11,70,65,0,65,0.004559695256070119,4.1794348759763416e-11,5.551115123125783e-16
10,11,70,66,0,66,0.0043204846206724955,7.672385056512052e-10,8.881784197001252e-16
10,11,70,67,0,67,0.004541751683902865,8.858527108556751e-11,8.881784197001252e-16
10,11,70,68,0,68,0.0040498085449797135,4.637361207850644e-10,6.661338147750939e-16
10,11,70,69,0,69,0.004111522296378793,1.3231894488342463e-10,6.661338147750939e-16
10,11,70,70,0,70,0.0052298739129103995,1.0747767980889568e-11,9.992007221626409e-16
7,16,70,0,0,0,0.0042528686634969465,,
7,16,70,1,0,1,0.004579491569200029,1.1765072151057114e-14,0.0
7,16,70,2,0,2,0.004527372210517858,2.7764102054725802e-14,1.1102230246251565e-16
7,16,70,3,0,3,0.004567555234689641,3.151289179652056e-13,0.0
7,16,70,4,0,4,0.00452903304084244,1.414175593229517e-13,2.220446049250313e-16
7,16,70,5,0,5,0.004867223914913986,4.1924187178088933e-13,1.1102230246251565e-16
7,16,70,6,0,6,0.004788657040875039,3.0646218320282463e-13,3.3306690738754696e-16
7,16,70,7,0,7,0.005131908229978315,4.373510637662061e-13,5.551115123125783e-16
7,16,70,8,0,8,0.004393208870944443,1.644435259357529e-12,3.3306690738754696e-16
7,16,70,9,0,9,0.0044052650870036025,4.157067335804858e-12,7.771561172376096e-16
7,16,70,10,0,10,0.004538714232813629,1.598090645865535e-12,3.3306690738754696e-16
7,16,70,11,0,11,0.0053541760423900875,1.054011888459019e-11,4.440892098500626e-16
7,16,70,12,0,12,0.006063574831749338,5.568953166817157e-12,4.440892098500626e-16
7,16,70,13,0,13,0.004520947877541403,1.8403550375088034e-11,4.440892098500626e-16
7,16,70,14,0,14,0.0059428714059526246,1.479274984973301e-12,2.220446049250313e-16
7,16,70,15,0,15,0.0050458398530021506,2.0710737416938986e-11,4.440892098500626e-16
7,16,70,16,0,16,0.005494746739546683,3.1576739673071622e-12,3.3306690738754696e-16
7,16,70,17,0,17,0.005532396629902858,2.0081570471972707e-12,5.551115123125783e-16
7,16,70,18,0,18,0.005636995331594842,9.696934031418066e-12,2.220446049250313e-16
7,16,70,19,0,19,0.005879176609852435,1.1449465093013968e-11,7.771561172376096e-16
7,16,70,20,0,20,0.005886364905264147,1.4772081288996482e-10,7.771561172376096e-16
7,16,70,21,0,21,0.005886168413319352,6.392781984066759e-11,4.440892098500626e-16
7,16,70,22,0,22,0.005879743114345396,5.957299623481463e-11,4.440892098500626e-16
7,16,70,23,0,23,0.005764952845084826,4.0694028635744274e-11,4.440892098500626e-16
7,16,70,24,0,24,0.005642438859323762,1.9110713405401336e-10,8.881784197001252e-16
7,16,70,25,0,25,0.005813485030132208,5.067865274153319e-12,7.771561172376096e-16
7,16,70,26,0,26,0.005460233554050287,2.6735896462772396e-11,4.440892098500626e-16
7,16,70,27,0,27,0.00665696257756402,7.888464338032598e-12,8.881784197001252e-16
7,16,70,28,0,28,0.00543598711425432,1.6868723460409726e-11,5.551115123125783e-16
7,16,70,29,0,29,0.006572105712211604,4.4745042283044276e-11,6.661338147750939e-16
7,16,70,30,0,30,0.006094618853349463,2.3479925839525147e-11,3.3306690738754696e-16
7,16,70,31,0,31,0.005672109390449745,4.2361669736846897e-11,5.551115123125783e-16
7,16,70,32,0,32,0.006023591536201611,4.081860608205081e-11,5.551115123125783e-16
7,16,70,33,0,33,0.006004144944623277,4.3646268388329597e-11,4.440892098500626e-16
7,16,70,34,0,34,0.005688838465289259,1.7208959996691115e-10,4.440892098500626e-16
7,16,70,35,0,35,0.006493690380136881,3.0909045299789904e-11,4.440892098500626e-16
7,16,71,36,0,36,0.00011174579168514871,1.6763614199399344e-10,3.3306690738754696e-16
7,16,71,37,0,37,0.00018175460570310663,3.433863360553361e-09,5.551115123125783e-16
7,16,71,38,0,38,0.00021024517362013668,2.9881737612098994e-10,5.551115123125783e-16
7,16,71,39,0,39,0.00046265123010235103,6.413258606437726e-10,7.771561172376096e-16
7,16,71,40,0,40,0.0006773491965349286,2.227498387916816e-09,6.661338147750939e-16
7,16,71,41,0,41,0.00095314733376924,1.8119888823233796e-09,5.551115123125783e-16
7,16,71,42,0,42,0.0005749221512312033,8.471835397140924e-10,5.551115123125783e-16
7,16,71,43,0,43,0.000925658112866213,1.486053132964583e-09,7.771561172376096e-16
7,16,71,44,0,44,0.0008065143576886301,8.07678026335895e-10,6.661338147750939e-16
7,16,71,45,0,45,0.0010097873317306341,4.6184501065908817e-10,6.661338147750939e-16
7,16,71,46,0,46,0.0007258248316921554,1.186090037713035e-10,6.661338147750939e-16
7,16,71,47,0,47,0.001096749844454906,1.2914664656540654e-10,7.771561172376096e-16
7,16,71,48,0,48,0.001228307742755169,1.7074728785667087e-09,6.661338147750939e-16
7,16,71,49,0,49,0.001550323551275349,6.339581680428037e-09,7.771561172376096e-16
7,16,71,50,0,50,0.0012864914705982208,8.265175653294527e-11,6.661338147750939e-16
7,16,71,51,0,51,0.0014911734884171632,2.3315764193292544e-10,6.661338147750939e-16
7,16,71,52,0,52,0.0009822390487073506,5.216537817311676e-10,6.661338147750939e-16
7,16,71,53,0,53,0.0014294375387329885,1.5267159441320048e-10,6.661338147750939e-16
7,16,71,54,0,54,0.0015539870399869805,5.785348663921508e-10,8.881784197001252e-16
7,16,71,55,0,55,0.0016090886596465718,2.2216439997793123e-10,6.661338147750939e-16
7,16,71,56,0,56,0.0015174259904671581,8.744174523609294e-10,6.661338147750939e-16
7,16,71,57,0,57,0.0016475044257116924,1.9284938550922093e-10,7.771561172376096e-16
7,16,71,58,0,58,0.002093806926352872,2.0418329955354782e-09,8.881784197001252e-16
7,16,71,59,0,59,0.001966168183572267,1.6755936748025562e-07,4.440892098500626e-16
7,16,71,60,0,60,0.001800046608863223,7.722411806575355e-10,7.771561172376096e-16
7,16,71,61,0,61,0.0015585296479316193,2.185306177977119e-09,9.992007221626409e-16
7,16,71,62,0,62,0.0018441937476111369,1.830121618093003e-09,7.771561172376096e-16
7,16,71,63,0,63,0.0019790878536388766,3.850645676842025e-10,6.661338147750939e-16
7,16,71,64,0,64,0.0021766308587755864,1.2534479004866176e-10,6.661338147750939e-16
7,16,71,65,0,65,0.0019700068298958433,6.936757798039326e-11,5.551115123125783e-16
7,16,71,66,0,66,0.00206232858797365,3.202701400411089e-10,4.440892098500626e-16
7,16,71,67,0,67,0.0022966358935502555,2.470712767583251e-10,6.661338147750939e-16
7,16,71,68,0,68,0.002341391673759134,5.367569402861535e-10,5.551115123125783e-16
7,16,71,69,0,69,0.002586045655844855,8.83823290750854e-10,7.771561172376096e-16
7,16,71,70,0,70,0.002463533746123531,3.824347053714597e-11,8.881784197001252e-16
7,16,71,71,0,71,0.002595021497953758,3.194854146355609e-11,7.771561172376096e-16
8,14,70,0,0,0,0.008124181791772803,,
8,14,70,1,0,1,0.0064730655473266615,6.959487336729898e-15,0.0
8,14,70,2,0,2,0.007560010346343256,9.828156668698156e-14,0.0
8,14,70,3,0,3,0.0073863043487585305,1.4754968474326547e-13,1.1102230246251565e-16
8,14,70,4,0,4,0.006854814710465557,1.2458993477832258e-13,0.0
8,14,70,5,0,5,0.007518217609981095,1.216913976668773e-13,0.0
8,14,70,6,0,6,0.007944671502689592,9.646378040173844e-13,4.440892098500626e-16
8,14,70,7,0,7,0.007300097643959024,4.946606915032014e-13,1.1102230246251565e-16
8,14,71,8,0,8,2.183892947371724e-05,5.116056257499621e-12,5.551115123125783e-16
8,14,71,9,0,9,0.000227537024394609,1.0507349684115996e-11,5.551115123125783e-16
8,14,71,10,0,10,0.00043320453930697784,1.9226502219428248e-10,3.3306690738754696e-16
8,14,71,11,0,11,0.0005432910999436757,1.8724019317393244e-11,3.3306690738754696e-16
8,14,71,12,0,12,0.0006182519044780469,5.984824355287394e-10,2.220446049250313e-16
8,14,71,13,0,13,0.000987931816892509,6.518408345443343e-12,5.551115123125783e-16
8,14,71,14,0,14,0.000944018232344097,1.1585930827251382e-11,4.440892098500626e-16
8,14,71,15,0,15,0.0006772887174726458,4.365775563833912e-11,2.220446049250313e-16
8,14,71,16,0,16,0.0010964186122983555,2.2895717269406385e-11,4.440892098500626e-16
8,14,71,17,0,17,0.0007966228766377014,1.174112337636162e-09,6.661338147750939e-16
8,14,71,18,0,18,0.0013577127286251726,1.1407363107214564e-09,8.881784197001252e-16
8,14,71,19,0,19,0.00123677297827417,1.958791042802683e-11,3.3306690738754696e-16
8,14,71,20,0,20,0.0012276935780584884,3.162394489846571e-10,5.551115123125783e-16
8,14,71,21,0,21,0.0018823987477779014,7.45694493852238e-11,4.440892098500626e-16
8,14,71,22,0,22,0.001729673645956366,3.259973167064137e-11,4.440892098500626e-16
8,14,71,23,0,23,0.001593062292429245,3.396636083831867e-10,6.661338147750939e-16
8,14,71,24,0,24,0.0019208297898406443,8.743730740540185e-11,3.3306690738754696e-16
8,14,71,25,0,25,0.0017182317146444605,7.232817517897611e-10,4.440892098500626e-16
8,14,71,26,0,26,0.0019654386537176004,1.1901170479143466e-10,5.551115123125783e-16
8,14,71,27,0,27,0.0021724108280447648,1.6964455083335849e-10,4.440892098500626e-16
8,14,71,28,0,28,0.002542426410509981,2.4959185818020837e-10,6.661338147750939e-16
8,14,71,29,0,29,0.0019617489281770436,4.878426825062933e-11,7.771561172376096e-16
8,14,71,30,0,30,0.002724210686678987,1.6814026028203015e-10,4.440892098500626e-16
8,14,71,31,0,31,0.0020369332907589762,4.373566957238262e-11,7.771561172376096e-16
8,14,71,32,0,32,0.002958533726767418,1.0040657564503728e-10,4.440892098500626e-16
8,14,71,33,0,33,0.002244407449197748,6.053531481759568e-10,7.771561172376096e-16
8,14,71,34,0,34,0.002858629000602631,2.7569274797931753e-09,4.440892098500626e-16
8,14,71,35,0,35,0.0029404414512760337,4.0852868936775925e-11,5.551115123125783e-16
8,14,71,36,0,36,0.0029676588672493598,9.461381010694802e-11,5.551115123125783e-16
8,14,71,37,0,37,0.0022852475536780065,6.527343901061784e-11,1.1102230246251565e-15
8,14,71,38,0,38,0.0027991934561438056,1.963155574916321e-10,8.881784197001252e-16
8,14,71,39,0,39,0.003004114348226145,1.0382873194671261e-10,5.551115123125783e-16
8,14,71,40,0,40,0.0029995665437173706,1.0131171499866135e-10,5.551115123125783e-16
8,14,71,41,0,41,0.0031514535876077535,4.786746020290722e-10,7.771561172376096e-16
8,14,71,42,0,42,0.00309866680352476,4.46939564866171e-11,9.992007221626409e-16
8,14,71,43,0,43,0.0027600806001607395,8.565032231950797e-10,7.771561172376096e-16
8,14,71,44,0,44,0.0031936732473892347,2.7856189817727883e-10,8.881784197001252e-16
8,14,71,45,0,45,0.003425771607841054,7.975523473408568e-10,7.771561172376096e-16
8,14,71,46,0,46,0.0032918539941914596,2.6189605509965505e-10,4.440892098500626e-16
8,14,71,47,0,47,0.003949543225794764,2.1990384266815027e-10,5.551115123125783e-16
8,14,71,48,0,48,0.0031384895880760925,2.2718285594092532e-10,4.440892098500626e-16
8,14,71,49,0,49,0.0040065657210317865,6.25916549414969e-10,6.661338147750939e-16
8,14,71,50,0,50,0.0039356862046490285,1.0957303904423698e-10,1.1102230246251565e-15
8,14,71,51,0,51,0.00364239577174441,2.5076193800060347e-10,6.661338147750939e-16
8,14,71,52,0,52,0.0042195065464605665,1.2817653007989863e-10,5.551115123125783e-16
8,14,71,53,0,53,0.003756258463314869,5.317512533623147e-09,5.551115123125783e-16
8,14,71,54,0,54,0.0032920781906375066,1.2933632528759029e-10,4.440892098500626e-16
8,14,71,55,0,55,0.0037562622798229892,3.3075109127371154e-10,4.440892098500626e-16
8,14,71,56,0,56,0.004395248180782052,1.5107142424368982e-09,6.661338147750939e-16
8,14,71,57,0,57,0.004279558732635008,1.2568198594969371e-10,6.661338147750939e-16
8,14,71,58,0,58,0.00389025237396139,1.181815350021704e-09,6.661338147750939e-16
8,14,71,59,0,59,0.004049762644901797,5.622358731371843e-10,6.661338147750939e-16
8,14,71,60,0,60,0.004039376369745486,2.928998022785056e-10,7.771561172376096e-16
8,14,71,61,0,61,0.004193440961326968,5.333910596225389e-10,4.440892098500626e-16
8,14,71,62,0,62,0.004548775090037521,4.760182188251867e-10,9.992007221626409e-16
8,14,71,63,0,63,0.004682295650676695,3.4710192596266986e-09,8.881784197001252e-16
8,14,71,64,0,64,0.004473321336796721,1.1819282960186331e-10,5.551115123125783e-16
8,14,71,65,0,65,0.004781451416797606,3.211454447534564e-10,7.771561172376096e-16
8,14,71,66,0,66,0.0042307674814176695,2.5773156099075343e-10,7.771561172376096e-16
8,14,71,67,0,67,0.004709145255326387,3.2690378896152614e-10,7.771561172376096e-16
8,14,71,68,0,68,0.004666671254000995,7.755813798659397e-10,7.771561172376096e-16
8,14,71,69,0,69,0.00436225228584394,1.293898264438865e-09,8.881784197001252e-16
8,14,71,70,0,70,0.004726256747570548,7.806441106604196e-11,7.771561172376096e-16
8,14,71,71,0,71,0.004370934032077661,3.87164631276876e-11,1.2212453270876722e-15
