m,n,R,s,seed,ker_dim,s_val,decomp_error,w
3,3,4,0,0,1,0.018244552035536318,0.40486012136724364,
3,4,6,0,0,3,0.053112302667044115,0.9079052678965028,
3,4,6,1,0,3,0.051419592453697184,0.9386757143967057,0.27345453354950167
3,4,6,2,0,3,0.03241014820318399,0.858615413313158,0.5791038509591339
3,5,8,0,0,6,0.018897944183954615,1.329138826525078,
3,5,8,1,0,6,0.05106365075122342,1.3355585372591254,0.6905964738215737
3,5,8,2,0,6,0.04660684220698049,1.226399607733483,0.29760162174777893
3,5,8,3,0,6,0.020212877584927427,1.273523689042799,0.36742607940985783
3,5,8,4,0,6,0.011393968757876226,1.2982350498030077,0.438386715710131
3,5,8,5,0,6,0.0029107057031210215,1.1767984220375391,0.582718888658254
4,4,9,0,0,9,0.04288306468811344,1.8154089062961618,
4,4,9,1,0,9,0.05489593991175306,1.7802478867982456,0.34674169086141426
4,4,9,2,0,9,0.024815217339977415,1.6326551703325665,0.24067387552989428
4,4,9,3,0,9,0.04450758011562712,1.5196798333477712,0.5720404859777843
4,4,9,4,0,9,0.020521775418557018,1.7273124638907114,0.6358502009501709
4,4,9,5,0,9,0.032885834570555376,1.6575103449374575,0.5216648606299139
4,4,9,6,0,9,0.02492582826298083,1.613574663173277,0.568153400950648
4,4,9,7,0,9,0.006808680780488154,1.5757111707306874,0.7245625814061767
4,4,9,8,0,9,0.0015008900606348307,1.0558227719021427,0.24420083460776032
3,6,10,0,0,10,0.057246566802046324,1.7382705690122955,
3,6,10,1,0,10,0.02497926251550156,1.5977967915529054,0.3681909218474009
3,6,10,2,0,10,0.04003861202687078,1.7099600661244285,0.298952770724786
3,6,10,3,0,10,0.04149983778651746,1.8368843187545656,0.3634580109954795
3,6,10,4,0,10,0.020701418340276233,1.6569103792241564,0.6864502515391606
3,6,10,5,0,10,0.0168783459737876,1.9352202314327527,0.5504925259749549
3,6,10,6,0,10,0.023784266668096382,1.792565783064592,0.5125368730800897
3,6,10,7,0,10,0.014961101624394832,1.6937358067532813,0.7117389963263726
3,6,10,8,0,10,0.006348376805074557,0.9808600020923797,0.19311116658096872
3,6,10,9,0,10,0.00021332412681156478,0.8531548257195628,0.0419571596227486
4,5,11,0,0,6,0.023348429724644713,1.6018745826807244,
4,5,11,1,0,6,0.02276077174657351,1.4581610145450974,0.10027406165194319
4,5,11,2,0,6,0.014040119567497424,1.5758366545344602,0.46689221806144976
4,5,11,3,0,6,0.014357037074470433,1.453738955151763,0.5001376846322749
4,5,11,4,0,6,0.006263635988420275,1.6154280985888876,0.5789739652597273
4,5,11,5,0,6,0.010349897663563269,1.5020820249291462,0.6853298377389492
4,5,12,6,0,18,0.029572442334710552,2.6172408395134505,0.45020705334145117
4,5,12,7,0,18,0.043936647207043274,2.599153074566293,0.7820373945193131
4,5,12,8,0,18,0.025500597534089592,2.4801981047122035,0.5542101039472791
4,5,12,9,0,18,0.024488700957524288,2.5564136872697896,0.7585189235913347
4,5,12,10,0,18,0.030962000953594974,2.691823991552577,0.8191542174463425
4,5,12,11,0,18,0.021366227828028266,2.544391148423432,0.5689669361104046
4,5,12,12,0,18,0.005791683642747309,2.697086496194223,0.7650410645074442
3,7,11,0,0,3,0.02460362973864802,1.2047032378685696,
3,7,11,1,0,3,0.008422471148791138,1.2544561680251227,0.3471937891215361
3,7,11,2,0,3,0.011211127862141929,0.9249871052219876,0.4154829803051341
3,7,12,3,0,15,0.030889319435412052,2.2439786453082853,0.3982825901066612
3,7,12,4,0,15,0.04650421470176807,2.3779313897916627,0.44019361628026676
3,7,12,5,0,15,0.026623206882955646,2.2222581170566023,0.6535372990938793
3,7,12,6,0,15,0.01489387721522782,2.1376773117650103,0.6153164121498311
3,7,12,7,0,15,0.011920176572205581,2.103318947720788,0.5942178127074649
3,7,12,8,0,15,0.013329070887714175,2.3703691365901554,0.6828943154229232
3,7,12,9,0,15,0.02659203402294777,2.3550130273593686,0.5526932328430694
3,7,12,10,0,15,0.0003666628683719274,1.9673021849988432,0.6486702883877659
3,7,12,11,0,15,0.001268906565511854,2.040229983338851,0.5558586068134654
3,7,12,12,0,15,0.0025205720548186587,1.7246861115650993,0.6322494671244276
3,8,13,0,0,7,0.017362844002019918,1.679077038109219,
3,8,13,1,0,7,0.019034067809701738,1.6066767469652479,0.10641420925667455
3,8,13,2,0,7,0.003206155453874981,1.632221544027595,0.17233691973100973
3,8,13,3,0,7,0.006412269024579814,1.7129510705803144,0.7109371795310742
3,8,13,4,0,7,0.012023324717732863,1.7794879686422316,0.4585715578925418
3,8,13,5,0,7,0.004921725763334533,1.5992047308341328,0.6940313375720415
3,8,13,6,0,7,0.007901403597081323,1.7278096100571834,0.848157893241733
3,8,14,7,0,21,0.03252731889765737,2.918001689833723,0.7216923997904222
3,8,14,8,0,21,0.018818851793637955,2.8560458504263715,0.6468987140420609
3,8,14,9,0,21,0.01339957755617073,2.8759569997272534,0.5067424184389835
3,8,14,10,0,21,0.013354882056115772,2.925779261398005,0.5722862621607279
3,8,14,11,0,21,0.026347503831122894,2.9332632788492163,0.6810325326396445
3,8,14,12,0,21,0.007025949429828222,2.9570973813903425,0.7594830677416127
3,8,14,13,0,21,0.0046814530800322746,2.788927961018301,0.7461748382991057
3,8,14,14,0,21,0.0031067559753112984,3.0189587374724627,0.7530928776355551
4,6,13,0,0,1,0.006284447995357956,0.44596609657714553,
4,6,14,1,0,15,0.04325647047198165,2.3410605129214197,0.14369020028171353
4,6,14,2,0,15,0.037490615245018705,2.4546119094235297,0.5718038076208128
4,6,14,3,0,15,0.02759555137579777,2.3779174019664615,0.4645011158208495
4,6,14,4,0,15,0.02469711277489608,2.4133538806424792,0.6113829618848629
4,6,14,5,0,15,0.026720263533667542,2.2884722296282995,0.5589662064352309
4,6,14,6,0,15,0.031825815959279254,2.3467220888177946,0.7069860892191338
4,6,14,7,0,15,0.014918597646955453,2.439416071670232,0.6147089080527932
4,6,14,8,0,15,0.01460087964730576,2.1182809887163594,0.4911458252091855
4,6,14,9,0,15,0.012332936729699557,2.3305369270172944,0.5813694312685728
4,6,14,10,0,15,0.004916089002606133,2.018008523079664,0.559010208547104
4,6,14,11,0,15,0.008535659649979977,2.1844362409063334,0.5907667040064559
4,6,14,12,0,15,0.007675279011019025,2.1367595322484654,0.5661422692734653
4,6,14,13,0,15,0.0024286975289059304,2.166247643164285,0.7063091966670684
4,6,14,14,0,15,0.003167664812000261,1.6918683315843595,0.5724647568505333
5,5,14,0,0,5,0.014992864182622703,1.53304228461592,
5,5,14,1,0,5,0.012348209464536368,1.4636505910868647,0.1288572614339073
5,5,14,2,0,5,0.00685403317960163,1.4594181979287837,0.4511310491498106
5,5,14,3,0,5,0.007404095788111983,1.4674379064793113,0.778030008065246
5,5,14,4,0,5,0.003464004333165723,1.285646491133902,0.7431585824838955
5,5,15,5,0,20,0.03168611834070278,2.872771490761745,0.5749544256976182
5,5,15,6,0,20,0.03210039779375217,2.7847143168147124,0.48476075008080755
5,5,15,7,0,20,0.02009685572625118,2.820967136665067,0.673710771979237
5,5,15,8,0,20,0.027544505207077293,2.8562402790960024,0.7414090517139957
5,5,15,9,0,20,0.027380617982633977,2.869531673705602,0.6608811743822508
5,5,15,10,0,20,0.020921969649185718,2.884738806699933,0.6984436771046136
5,5,15,11,0,20,0.025725439219885658,2.7211915476389192,0.5519168281386685
5,5,15,12,0,20,0.021041840551680978,2.7464978991290536,0.8512015963554868
5,5,15,13,0,20,0.004115111222062279,2.7172632948189244,0.7740891820739649
5,5,15,14,0,20,0.009182319979790958,2.784343668564838,0.7727448231898367
5,5,15,15,0,20,0.007980235551358468,2.716749435603272,0.6538188459009626
3,9,15,0,0,12,0.01923714540020113,2.1205693338523877,
3,9,15,1,0,12,0.020996941266863065,2.1572336419156923,0.35202231810512874
3,9,15,2,0,12,0.012996507827642424,2.1060761385697586,0.13363884693169203
3,9,15,3,0,12,0.014072035900224164,2.069109357153471,0.5119925988179379
3,9,15,4,0,12,0.015582235968640602,2.1748114745445353,0.4945418960635317
3,9,15,5,0,12,0.01243323980737944,1.9415508318460324,0.3341155736426884
3,9,15,6,0,12,0.009483738302694392,2.0611089566654166,0.5804008203162467
3,9,15,7,0,12,0.007403980659094878,2.0007918354761625,0.5278691167473679
3,9,15,8,0,12,0.0019008496216058376,2.2154046396614415,0.6589536676237644
3,9,15,9,0,12,0.0014232556633043158,1.7590977460314516,0.7982546518657132
3,9,15,10,0,12,0.0004338143312331272,1.6437576646892598,0.43620447713224686
3,9,15,11,0,12,0.000990434838895714,1.7900625316811918,0.6909299375377093
3,9,16,12,0,28,0.009379748159775903,3.247865581898533,0.5446981448457928
3,9,16,13,0,28,0.024029551560193416,3.298025395844381,0.6097942043010234
3,9,16,14,0,28,0.01974438527544614,3.507857901597638,0.7179083118755081
3,9,16,15,0,28,0.01669188701678652,3.4833789344733304,0.7933008108840526
3,9,16,16,0,28,0.012829744028942887,3.487668410693429,0.7960757489356407
4,7,16,0,0,10,0.01880118402384793,2.074644500567286,
4,7,16,1,0,10,0.0194006059300966,2.147891123361161,0.7055714404952089
4,7,16,2,0,10,0.014298348341817039,2.012874805171976,0.6031035780165128
4,7,16,3,0,10,0.020738350859668544,2.037537071085109,0.5965615610099916
4,7,16,4,0,10,0.005563722627847798,2.0180370139290797,0.790008201251284
4,7,16,5,0,10,0.010791474435701635,1.8804134629744187,0.4810411504106572
4,7,16,6,0,10,0.00842901768131789,1.8427865053518535,0.4806805157102306
4,7,16,7,0,10,0.007930187704657404,1.852444603112427,0.6281548163102443
4,7,16,8,0,10,0.002387890009399758,2.0306909271719187,0.7171694212476705
4,7,16,9,0,10,0.004832262352484077,1.8410271291759759,0.8982729957518579
4,7,17,10,0,27,0.030465642366484066,3.484084150303885,0.5555545482806796
4,7,17,11,0,27,0.023571356400530263,3.3820370823205543,0.7336405068285601
4,7,17,12,0,27,0.029689984133200585,3.4467314064251457,0.6682139945195686
4,7,17,13,0,27,0.011938182464215404,3.2596269719663034,0.6199668169982401
4,7,17,14,0,27,0.011084987949165539,3.4638307201271323,0.8195411675812486
4,7,17,15,0,27,0.017847537516481802,3.446075037230295,0.7775587292355823
4,7,17,16,0,27,0.006850679996470401,3.3883859248522272,0.8133441976065974
4,7,17,17,0,27,0.009350494306489772,3.3246091411467105,0.8023628691592041
3,10,16,0,0,1,0.0017333951354007082,0.5736990703903118,
3,10,17,1,0,18,0.023136780278503695,2.6853097425870485,0.5314783940891462
3,10,17,2,0,18,0.023899027770462534,2.6194629884373786,0.6022678895976019
3,10,17,3,0,18,0.009555025922649896,2.59466823879925,0.5261818761398924
3,10,17,4,0,18,0.010796211549096659,2.606394112182097,0.6633960505628036
3,10,17,5,0,18,0.01496824969641175,2.725921289610346,0.5981350279670206
3,10,17,6,0,18,0.010898664064841806,2.654927130915116,0.7403997557165725
3,10,17,7,0,18,0.015605152048371127,2.5770730856180766,0.6264663059850886
3,10,17,8,0,18,0.010832896184432037,2.423556085258869,0.7529799107680712
3,10,17,9,0,18,0.007437912959654131,2.4908862503914824,0.7177740510319952
3,10,17,10,0,18,0.008657432625676,2.5021272178544343,0.6265589110277643
3,10,17,11,0,18,0.004201727735805632,2.52549835485622,0.6672448354436793
3,10,17,12,0,18,0.0065334701427422716,2.4505474911661063,0.5769017227356334
3,10,17,13,0,18,0.0058502363321382275,2.59914365479935,0.7408771334668977
3,10,17,14,0,18,0.004155086510782567,2.5084150601575894,0.7558047323513967
3,10,17,15,0,18,0.002728570808289812,2.375525001523968,0.6498416212012834
3,10,17,16,0,18,0.0016003307077813835,1.9881838193837842,0.6414037201602143
3,10,17,17,0,18,0.0008217492257502269,2.021693538049463,0.7941217331329566
5,6,17,0,0,3,0.0043597727900474385,1.2268156577849942,
5,6,17,1,0,3,0.0008635265149164272,1.2091829715860654,0.577824281205443
5,6,17,2,0,3,0.0034168529132528277,1.0215599785367824,0.4832574926061174
5,6,18,3,0,21,0.022914666507205462,2.9083580444101402,0.5337029795626352
5,6,18,4,0,21,0.021990844902333308,2.9156358877487554,0.6981824653591719
5,6,18,5,0,21,0.024667061676737736,2.927685241538263,0.5389552912020712
5,6,18,6,0,21,0.022444637949377906,2.928874015049674,0.6967386937034732
5,6,18,7,0,21,0.015671868436953885,2.8869733014769343,0.5876188722263
5,6,18,8,0,21,0.017346943295428255,2.778249466624378,0.7239895039445419
5,6,18,9,0,21,0.02047953795281216,2.881511084930785,0.6707224604321851
5,6,18,10,0,21,0.010143054440221462,2.9491620927174336,0.775915992898705
5,6,18,11,0,21,0.013934951101986816,2.9130180229229934,0.5848358347098481
5,6,18,12,0,21,0.018465732467385143,2.906505171984079,0.6785670488354911
5,6,18,13,0,21,0.008737762984737038,2.8546275375141974,0.6198766540537206
5,6,18,14,0,21,0.007094781824933983,2.832448844613034,0.785921347031219
5,6,18,15,0,21,0.005117586474905545,2.7643497891348785,0.676573476827395
5,6,18,16,0,21,0.0031366626867322263,3.0436563488630797,0.7113449525563446
5,6,18,17,0,21,0.003125391387778087,2.6971113596452616,0.9090187394804975
5,6,18,18,0,21,0.0032695133203772247,2.759552495021832,0.8306025378476002
3,11,18,0,0,6,0.007396744367243616,1.6989808237229884,
3,11,18,1,0,6,0.009808374707999177,1.676104239091802,0.5714754011608151
3,11,18,2,0,6,0.0033653279382753337,1.6367420276205646,0.913212828123742
3,11,18,3,0,6,0.0031825809418912507,1.7072784039394142,0.8157523675711842
3,11,18,4,0,6,0.0029066699744334196,1.7929289398619022,0.8434581666432092
3,11,18,5,0,6,0.0015712440492623857,1.4792964173714855,0.7095555518537926
3,11,19,6,0,25,0.02504070658441707,3.2179757382217975,0.6081971569938289
3,11,19,7,0,25,0.017418668603044005,3.249183715515541,0.6535014848500933
3,11,19,8,0,25,0.012595719741307581,2.993972285833838,0.5481613028003883
3,11,19,9,0,25,0.01720643503171547,3.063238808574977,0.7452579127184117
3,11,19,10,0,25,0.007383915446211528,3.0053699515284644,0.570491842881434
3,11,19,11,0,25,0.013321270082150245,3.0903059130036854,0.7040767414612388
3,11,19,12,0,25,0.004736507254060317,3.0508263644348586,0.7216858091556666
3,11,19,13,0,25,0.009626863366169055,3.3009234812766364,0.633974358554264
3,11,19,14,0,25,0.0066564874700440245,3.2276095689362574,0.7691645749194043
3,11,19,15,0,25,0.002533540133654905,3.1374348099533966,0.6420055708648531
3,11,19,16,0,25,0.004550628779173806,3.075609226492134,0.7262938492960876
3,11,19,17,0,25,0.0020935606966146695,3.2074566815808687,0.8086007247412632
3,11,19,18,0,25,0.0027025534583758814,3.0132406149378066,0.8436097215714979
3,11,19,19,0,25,0.0010847799818402525,3.217024038048948,0.9199878731274507
4,8,18,0,0,3,0.006421760554309187,1.2345991991109595,
4,8,18,1,0,3,0.003933526349086526,1.2355033406926375,0.5513943930404022
4,8,18,2,0,3,0.0022961589274172103,1.3596660219467893,0.7187974215787123
4,8,19,3,0,22,0.02777637581595522,2.988978523101055,0.5114901212549795
4,8,19,4,0,22,0.023173483939564796,3.0420245805902173,0.5401756709561023
4,8,19,5,0,22,0.023694951970906354,2.9522383099923,0.6144946903631926
4,8,19,6,0,22,0.01267995803054242,2.9777598712321005,0.563704070850747
4,8,19,7,0,22,0.013385106552421684,2.9642596871730027,0.6726105516526175
4,8,19,8,0,22,0.018039084780808932,3.0270654563879043,0.6718798889213271
4,8,19,9,0,22,0.01276308723965368,2.8765796700052415,0.4981993950438306
4,8,19,10,0,22,0.007477930578585861,2.9027400710955935,0.5948451232279584
4,8,19,11,0,22,0.009274916816476386,2.9082896224145576,0.7215924100795357
4,8,19,12,0,22,0.01227321936715658,2.8727575807988774,0.7480057651860033
4,8,19,13,0,22,0.008589241883815272,3.029880388936463,0.6404525248261869
4,8,19,14,0,22,0.009828777568916114,2.881848708095611,0.7840091669804614
4,8,19,15,0,22,0.005883227379124466,2.8134451138398013,0.7784005516142074
4,8,19,16,0,22,0.00926630321140395,2.9825248296260667,0.694894655407688
4,8,19,17,0,22,0.0020604808069397728,2.7288859150479845,0.7149501764518928
4,8,19,18,0,22,0.0028085154198981997,2.844733038658224,0.8410234658337631
4,8,19,19,0,22,0.0009694367770132167,2.7948535587421595,0.8039696542587933
3,12,20,0,0,12,0.012815731600347173,2.262466799055535,
3,12,20,1,0,12,0.008893483891461699,2.330625270485419,0.5732955549062899
3,12,20,2,0,12,0.012637623381851317,2.184069996337069,0.37780380965887295
3,12,20,3,0,12,0.005611341088083074,2.1888849272940973,0.5071466049730649
3,12,20,4,0,12,0.008203037663281223,2.1425631440820085,0.260325463311751
3,12,20,5,0,12,0.006573729427290563,2.250332740557085,0.7347986215873824
3,12,20,6,0,12,0.003620549592369508,2.220033952418596,0.8686666918349397
3,12,20,7,0,12,0.0031799780910470405,2.245392279853982,0.7656074716192233
3,12,20,8,0,12,0.0013451755028157288,1.9815100461910071,0.7716713860635291
3,12,20,9,0,12,0.0022101646421390144,2.129389738623284,0.858786652550096
3,12,20,10,0,12,0.002366715387550859,2.175365043723862,0.8625288748340143
3,12,20,11,0,12,0.000529117000356929,1.6252424241071999,0.7014088222576175
3,12,21,12,0,33,0.009760524254684022,3.7365568362173818,0.7313196430514751
3,12,21,13,0,33,0.005942107438339419,3.646568926227056,0.7309719681930233
3,12,21,14,0,33,0.008487714665626825,3.7828238456024077,0.7365116890345741
3,12,21,15,0,33,0.011523446715075571,3.801643733722019,0.7013049858901388
3,12,21,16,0,33,0.007306271982581548,3.7457681890456156,0.7835738183469735
3,12,21,17,0,33,0.007011014177149248,3.7123957577381037,0.7809061914017986
3,12,21,18,0,33,0.008329310423756422,3.7062038757024873,0.656786670310224
3,12,21,19,0,33,0.006348627311110389,3.670960132554412,0.9086466599422606
3,12,21,20,0,33,0.0038692990089053045,3.8520919160631086,0.7782348677076923
3,12,21,21,0,33,0.005576173982249312,3.7492870826764246,0.7600664322728985
5,7,21,0,0,21,0.02536373594542986,2.978406732570724,
5,7,21,1,0,21,0.022452849492959382,2.891694424782395,0.6141602914673197
5,7,21,2,0,21,0.021135270558748916,2.9202003608189346,0.5545620295913037
5,7,21,3,0,21,0.0175701472317531,2.9373612746470292,0.5788697882104799
5,7,21,4,0,21,0.01505673201951267,2.9137247921532405,0.534551045176848
5,7,21,5,0,21,0.02147386308941936,2.8688636439596524,0.5630464795971901
5,7,21,6,0,21,0.01894928520924664,2.9477669541533884,0.6783255243881932
5,7,21,7,0,21,0.013668387664660947,2.9242871428413184,0.6010127288378245
5,7,21,8,0,21,0.011997283122313941,2.965672233723517,0.7357815808670729
5,7,21,9,0,21,0.012908438503371061,2.8700979492244088,0.6197402541408401
5,7,21,10,0,21,0.007993690332863674,2.890972777135958,0.7032920978757224
5,7,21,11,0,21,0.011046463287154836,2.9505015807316735,0.6667422452554703
5,7,21,12,0,21,0.007033569901622519,2.875807893312414,0.7064428254606461
5,7,21,13,0,21,0.003947504853422117,2.881035943969325,0.7498295973097642
5,7,21,14,0,21,0.004908890554183247,2.964044774952537,0.7442857147563925
5,7,21,15,0,21,0.008260473641174342,2.9215781881233998,0.773114369571175
5,7,21,16,0,21,0.0019321220065748803,2.7204447416530675,0.7003873598143333
5,7,21,17,0,21,0.004136175027300052,2.8131727481238347,0.7605554179421388
5,7,21,18,0,21,0.0018591314444193268,2.7931905261738046,0.6495781914345793
5,7,21,19,0,21,0.0009494353274106487,2.617525120276699,0.9101762859325314
5,7,21,20,0,21,0.0002687516350308995,2.174371311318718,0.7223341581324522
5,7,22,21,0,43,0.01318989673002031,4.3868493175948435,0.8305777016299289
5,7,22,22,0,43,0.013902915195627401,4.44012551302063,0.847046858841174
4,9,21,0,0,15,0.01137860585029251,2.6090725250024662,
4,9,21,1,0,15,0.021868384418719484,2.632773694484544,0.6394411534057127
4,9,21,2,0,15,0.016894427926773224,2.5853642618613475,0.6252927395447485
4,9,21,3,0,15,0.01505987421487654,2.5514220647151493,0.6686839368922923
4,9,21,4,0,15,0.012797202229394546,2.6112919017154477,0.792602415026199
4,9,21,5,0,15,0.008012520960494167,2.541974084498025,0.639171165465457
4,9,21,6,0,15,0.009411987933225252,2.557652857206533,0.6975745518896971
4,9,21,7,0,15,0.009328182759986401,2.5051442156932042,0.6825051410635499
4,9,21,8,0,15,0.008063908726198804,2.5108824498574664,0.5213182822077446
4,9,21,9,0,15,0.006611986848054425,2.4547436820931843,0.7829454709840873
4,9,21,10,0,15,0.004527537882440429,2.624552251532737,0.7328607622912368
4,9,21,11,0,15,0.0019156822644962987,2.4688519821575183,0.7141768403794602
4,9,21,12,0,15,0.002984679784881325,2.5557420054944298,0.8428112350950485
4,9,21,13,0,15,0.0032220292984364513,2.5054088851178222,0.7914330824334576
4,9,21,14,0,15,0.001244880727607778,2.1661865599416887,0.8426339689361586
4,9,22,15,0,37,0.015374230924415618,4.051465687906749,0.7466717674577666
4,9,22,16,0,37,0.01689686400208168,4.064241503885567,0.7607867534887435
4,9,22,17,0,37,0.009241718021622498,3.9795455419428785,0.6381814101168956
4,9,22,18,0,37,0.007608471863717686,4.02929653685523,0.7545189524353685
4,9,22,19,0,37,0.01161172390941156,4.045721667607139,0.8166492815742389
4,9,22,20,0,37,0.009823790179747058,4.136739494618029,0.8564101417812927
4,9,22,21,0,37,0.007353860863096588,4.070321523038306,0.9328551020989895
4,9,22,22,0,37,0.008421333525421865,3.9758355199997557,0.7660596046176321
6,6,21,0,0,6,0.00637495088793908,1.6512035939206275,
6,6,21,1,0,6,0.009495865417501954,1.6288554845794951,0.31598067891071313
6,6,21,2,0,6,0.006567416574990648,1.6726793898793704,0.6184742560781296
6,6,21,3,0,6,0.0019219979178328103,1.610421019884606,0.5775273065239881
6,6,21,4,0,6,0.002880133474748661,1.5166088026111513,0.8501758357894882
6,6,21,5,0,6,0.0023964030398053657,1.4017235568560646,0.8099675379072965
6,6,22,6,0,28,0.019216938410663777,3.436374880966517,0.6540319191761849
6,6,22,7,0,28,0.022175821216431704,3.4384612604836287,0.5903725486129343
6,6,22,8,0,28,0.015555361151676037,3.5156822584772156,0.7803234497769761
6,6,22,9,0,28,0.013225533066989186,3.4262150155986313,0.7521985686487989
6,6,22,10,0,28,0.014918060465039027,3.4589285993167027,0.7936477750484507
6,6,22,11,0,28,0.014402047135338665,3.374558765359681,0.7088087164679936
6,6,22,12,0,28,0.01271248822677922,3.4718467623718583,0.8352486140468278
6,6,22,13,0,28,0.014553664459458807,3.412656870299664,0.6680185197598394
6,6,22,14,0,28,0.015785988760841186,3.5348812003963896,0.7812852552672511
6,6,22,15,0,28,0.008558908183949658,3.4779633574447013,0.7448560000438107
6,6,22,16,0,28,0.008497076505754068,3.477342097778383,0.6886509532843922
6,6,22,17,0,28,0.009202682753990018,3.444092986120384,0.8242084124129471
6,6,22,18,0,28,0.005901295220996937,3.545749958375845,0.7380265244890585
6,6,22,19,0,28,0.006957855529034386,3.416774056898542,0.7334024077029577
6,6,22,20,0,28,0.00388213630031264,3.3656081556231405,0.703918461723706
6,6,22,21,0,28,0.0033261963288781977,3.4192736015531127,0.8986049345718911
6,6,22,22,0,28,0.005087157544706253,3.2574832261916247,0.9079549716309833
3,13,22,0,0,19,0.015084682775257107,2.7568419733869267,
3,13,22,1,0,19,0.011850580004276972,2.774012132408064,0.32303605663153245
3,13,22,2,0,19,0.01571055354385354,2.7627752936426613,0.46041313235838754
3,13,22,3,0,19,0.014140164145343675,2.835937133300786,0.6071088405143912
3,13,22,4,0,19,0.01107457279443941,2.841274542310559,0.6754576197961946
3,13,22,5,0,19,0.0073422382566034035,2.7449916006349655,0.630211058755717
3,13,22,6,0,19,0.005829474615871068,2.7996046068831086,0.7304321020404807
3,13,22,7,0,19,0.005029175038710064,2.7200334081645936,0.5358799867580102
3,13,22,8,0,19,0.006640711801331119,2.7551314576776313,0.6205861777468547
3,13,22,9,0,19,0.0043227509027807505,2.68979490819551,0.6384005562472934
3,13,22,10,0,19,0.005607546130055411,2.710566507475454,0.7664007791723557
3,13,22,11,0,19,0.0087825962583023,2.787321991353378,0.6685689671000457
3,13,22,12,0,19,0.0020760458047206255,2.7100764369891115,0.8113912420281814
3,13,22,13,0,19,0.002903900179989954,2.761227022263147,0.608379935973157
3,13,22,14,0,19,0.004062048259260994,2.7960417563203004,0.7230845499533389
3,13,22,15,0,19,0.0024573299178596735,2.7167676953260806,0.8239664519493739
3,13,22,16,0,19,0.0012725060996645191,2.2459456069705492,0.8571775091502278
3,13,22,17,0,19,0.0009791933876074365,2.228054858986087,0.8621761344670285
3,13,22,18,0,19,0.0005500397675919635,2.263948719414754,0.8502686617329824
3,13,23,19,0,42,0.0058145488440631025,4.30313844155293,0.7154836924997551
3,13,23,20,0,42,0.006361489503240887,4.307162601773936,0.8060832090150307
3,13,23,21,0,42,0.00744916076012157,4.3269612997513835,0.8516593332529208
3,13,23,22,0,42,0.0061004183899334066,4.551077919293895,0.8262941499689073
3,13,23,23,0,42,0.004524897609187115,4.318041738399419,0.7681952310888656
4,10,23,0,0,6,0.005547821594371826,1.7262901590252202,
4,10,23,1,0,6,0.003042622707587163,1.6732038606985193,0.5016097205300246
4,10,23,2,0,6,0.002552347428662988,1.6644498932522593,0.653902051202119
4,10,23,3,0,6,0.004759841894639586,1.6728912385370476,0.6149703605715957
4,10,23,4,0,6,0.001952927768569766,1.6770123974004452,0.8110846391457514
4,10,23,5,0,6,0.0009566026209670421,1.2903332606178102,0.8051780836199193
4,10,24,6,0,30,0.018035216468412794,3.520030243665834,0.6366763225627602
4,10,24,7,0,30,0.018451374796631018,3.612141407134864,0.7296031222952498
4,10,24,8,0,30,0.013058228330949686,3.5675588761752843,0.6314474499769878
4,10,24,9,0,30,0.015517903400328137,3.6043369250810624,0.7095239439644292
4,10,24,10,0,30,0.011289995782718425,4.100981160870122,0.7126584300635941
4,10,24,11,0,30,0.011139260314711585,4.984280382115959,0.6811737389045782
4,10,24,12,0,30,0.012621172493247877,3.571712922410651,0.745871532853555
4,10,24,13,0,30,0.01229449053525021,3.7410050174037597,0.6776583858076561
4,10,24,14,0,30,0.010191494212706622,3.5168773928572055,0.7718959161986758
4,10,24,15,0,30,0.010329821518826658,3.602277036879827,0.6278668227245074
4,10,24,16,0,30,0.007522883461409274,3.4950614390641257,0.7592199902551717
4,10,24,17,0,30,0.0053614402118620655,3.576768605596408,0.732711563221002
4,10,24,18,0,30,0.003753649878740596,3.4919350259334148,0.6989612009622188
4,10,24,19,0,30,0.0051205497815251955,3.490079702725568,0.6469849095491271
4,10,24,20,0,30,0.006403773962565105,3.761565734826191,0.7720524833463106
4,10,24,21,0,30,0.0022351690131313237,3.3782972655170815,0.8181561677274752
4,10,24,22,0,30,0.002334559170921279,3.5922315170055454,0.8103750634978213
4,10,24,23,0,30,0.004569437512461445,3.3453849642643054,0.9145801236963433
4,10,24,24,0,30,0.0025532294667545727,3.436832917305003,0.7675760642630627
3,14,23,0,0,3,0.001330121190987082,1.1993708972753798,
3,14,23,1,0,3,0.0016093493972639244,1.222093846640683,0.6715090341463228
3,14,23,2,0,3,0.0008056760092450228,1.245934649183994,0.9341528686440135
3,14,24,3,0,27,0.01816866200854418,3.371908182245883,0.6378577364894116
3,14,24,4,0,27,0.01840721068259092,3.295523336382616,0.6966259467210878
3,14,24,5,0,27,0.01189977007654602,3.340726387757666,0.7451561675086624
3,14,24,6,0,27,0.010979400735431324,3.4978147653276035,0.6518328214352503
3,14,24,7,0,27,0.010604545386103597,3.323004890555421,0.7241467881507285
3,14,24,8,0,27,0.012810131319311713,4.208049481318698,0.6206197065318935
3,14,24,9,0,27,0.0069725169928137746,4.6700284988818845,0.6216768407783011
3,14,24,10,0,27,0.004007411209168842,3.1967351810147067,0.5865720791846225
3,14,24,11,0,27,0.005458813019629548,3.2785798692990316,0.7300937640531442
3,14,24,12,0,27,0.006433991291411643,3.219093392231646,0.6339181914119978
3,14,24,13,0,27,0.004602152923349592,3.2404426977379077,0.7146133632853429
3,14,24,14,0,27,0.0070174867089075445,3.3377032664963644,0.7447341956161704
3,14,24,15,0,27,0.006688698986941026,3.4129421221856715,0.7733230045407946
3,14,24,16,0,27,0.0032278355890685713,3.179657492852159,0.7550900782700751
3,14,24,17,0,27,0.003182073580654384,4.2399508397969,0.7434196839466078
3,14,24,18,0,27,0.001778895626664406,3.330840182679731,0.7164438197807762
3,14,24,19,0,27,0.0032470176039779866,3.2407941177955064,0.7589363999324732
3,14,24,20,0,27,0.0031164976179501266,3.2051281476956928,0.9026204756260335
3,14,24,21,0,27,0.0007734795752899813,2.9560786028275525,0.6319945601996082
3,14,24,22,0,27,0.000425966982061152,2.937756860879823,0.642923628320238
3,14,24,23,0,27,0.001041876075693717,3.1828054770415983,0.869740375577132
3,14,24,24,0,27,0.0008776814465432111,2.7920189762569683,0.6018494599831338
5,8,24,0,0,20,0.020323445426026238,3.0074807428732915,
5,8,24,1,0,20,0.016057974317392216,2.9549670646496784,0.22518531660087915
5,8,24,2,0,20,0.010243916145447108,2.909515699403991,0.4989870868801223
5,8,24,3,0,20,0.013940166874929338,2.969776013620855,0.6069624801619946
5,8,24,4,0,20,0.01892070218279407,2.8935304504844703,0.5214070999927005
5,8,24,5,0,20,0.012189907357976853,2.8996253625853745,0.6773601065990231
5,8,24,6,0,20,0.013988945485580502,2.900605675305944,0.7299464351168912
5,8,24,7,0,20,0.008680901549470953,2.9344369604017024,0.6696172168174699
5,8,24,8,0,20,0.01096880872709755,2.9332689276346686,0.6837930439169152
5,8,24,9,0,20,0.008175878419920523,2.8889750961110443,0.7336582344038767
5,8,24,10,0,20,0.0078541077598663,2.914048700873036,0.7737482040319956
5,8,24,11,0,20,0.00675431239428301,2.925283514584009,0.7270688735701551
5,8,24,12,0,20,0.0031099883300522795,2.8304401250005307,0.7165614522052293
5,8,24,13,0,20,0.006858781679263044,2.881061186161522,0.6930982417129539
5,8,24,14,0,20,0.0034380532975986948,2.878026832754583,0.7529563624374468
5,8,24,15,0,20,0.003615782727845252,2.9528842967075093,0.7873724956500823
5,8,24,16,0,20,0.002824772219592367,2.7333377124870477,0.8067506255138138
5,8,24,17,0,20,0.0015476841940860735,2.9034801533702064,0.8399117663611508
5,8,24,18,0,20,0.001375138003583845,2.2853899095745023,0.5883990993379804
5,8,24,19,0,20,0.001753879052969416,2.5953242042300686,0.8296203186144473
5,8,25,20,0,45,0.019003763273549752,4.4705269228318425,0.812148854586199
5,8,25,21,0,45,0.013151651855004397,4.5387021374174905,0.8480167050652262
5,8,25,22,0,45,0.009521533696129314,4.517801704559946,0.8179912978298568
5,8,25,23,0,45,0.009794283172050776,4.585281970007396,0.8300729482807603
5,8,25,24,0,45,0.007506014178521006,4.532362238357024,0.7711999555326668
5,8,25,25,0,45,0.0065553147252190224,4.556431882969834,0.8720806608192707
6,7,25,0,0,10,0.006495643062398589,2.1632450594847823,
6,7,25,1,0,10,0.005056763932080653,2.1977878808061875,0.5586597333346479
6,7,25,2,0,10,0.008338882578758111,2.1646163714097573,0.744398364562356
6,7,25,3,0,10,0.008673271337816006,2.2249023865673623,0.6429835020882062
6,7,25,4,0,10,0.005728225344488524,2.1302260162637725,0.6308396638933773
6,7,25,5,0,10,0.005269396822750819,2.0931776784434897,0.6845733359314607
6,7,25,6,0,10,0.00275377276287792,2.1399743180006765,0.7355923681292045
6,7,25,7,0,10,0.0016454809358008215,2.0588378905586584,0.6468584694028854
6,7,25,8,0,10,0.0017169800051622768,2.2141697140822756,0.7624096972583975
6,7,25,9,0,10,0.0019499760377362171,1.980923672475742,0.8099110411192983
6,7,26,10,0,36,0.01697211240686368,3.9492323229697135,0.7297827285990983
6,7,26,11,0,36,0.01606078959418484,4.003963964106367,0.7556759323510451
6,7,26,12,0,36,0.015311267045735648,3.951447960232592,0.6738082413836628
6,7,26,13,0,36,0.014858072045326165,4.237770107654407,0.6815220758257257
6,7,26,14,0,36,0.018036012542996256,3.92364720073765,0.6821541188747333
6,7,26,15,0,36,0.014701991407715756,3.9785282890586813,0.7550339823102448
6,7,26,16,0,36,0.010482862201100618,4.025152887077173,0.7361911275934037
6,7,26,17,0,36,0.012643847297004783,4.059610809364505,0.7214470042915463
6,7,26,18,0,36,0.007224123963084272,4.284421136464424,0.8021905600684915
6,7,26,19,0,36,0.01363465722816502,3.9987692474161896,0.7504860420729224
6,7,26,20,0,36,0.011101808920202553,4.013108315602984,0.835700103878074
6,7,26,21,0,36,0.007713258320171279,3.933264713447846,0.79583758067471
6,7,26,22,0,36,0.005752372370439285,3.934597530763558,0.7915377904544841
6,7,26,23,0,36,0.005713779161645637,3.9455331366203357,0.7838552528978419
6,7,26,24,0,36,0.004965335649396003,3.906598109438579,0.8823352545144247
6,7,26,25,0,36,0.005376020834806458,4.077225654607189,0.8649606487815213
6,7,26,26,0,36,0.004214503081415766,3.8762087118943356,0.9123383359028752
3,15,25,0,0,10,0.0061380043578458865,2.2164399040042113,
3,15,25,1,0,10,0.004730084595900735,2.16563643660313,0.6651962012027968
3,15,25,2,0,10,0.0059818896307345095,2.21670750053707,0.7575001371570655
3,15,25,3,0,10,0.003238419655136216,2.0164619202611505,0.3721576704911448
3,15,25,4,0,10,0.003905843573871877,2.172549082636495,0.823302181935716
3,15,25,5,0,10,0.00379728065614244,2.0744371672842883,0.7153934472742778
3,15,25,6,0,10,0.0017292369429049619,1.9774810061988135,0.7579063323560027
3,15,25,7,0,10,0.001733617720707419,2.02223958072008,0.7870372370824237
3,15,25,8,0,10,0.002154816977150625,2.0453922604646624,0.9154846693627603
3,15,25,9,0,10,0.0010572813412531605,1.657509884553342,0.8175365827635391
3,15,26,10,0,36,0.009282706022968542,5.245334531592586,0.6462098916171668
3,15,26,11,0,36,0.010431529524598417,4.07627469232331,0.6605161782779565
3,15,26,12,0,36,0.011047759120548792,3.9100559112222797,0.7684530072229199
3,15,26,13,0,36,0.00768410609326846,3.8556083129686214,0.6250671771908882
3,15,26,14,0,36,0.007695091420197058,3.9756554104764543,0.8050685147441474
3,15,26,15,0,36,0.003983277896083756,3.8870449337071418,0.7187288796831794
3,15,26,16,0,36,0.007839697778271546,3.984200844780978,0.7788886410492144
3,15,26,17,0,36,0.0080197013801651,4.164006885081758,0.7027430230578651
3,15,26,18,0,36,0.005498169265426012,3.769222720686791,0.6660292696709136
3,15,26,19,0,36,0.003911943577687912,3.8557209987526417,0.708773125288878
3,15,26,20,0,36,0.006577674339741809,4.095717283427662,0.801638411646121
3,15,26,21,0,36,0.003744728794168348,4.2064400736050915,0.7726683099007716
3,15,26,22,0,36,0.003724283526621768,3.9272006374214006,0.799643803552137
3,15,26,23,0,36,0.0036494653580678277,3.85960445402758,0.7210127876066651
3,15,26,24,0,36,0.0006256280029566628,3.8741586607522116,0.8369775945673523
3,15,26,25,0,36,0.0018934238007765052,3.8287092915103025,0.774152002925505
3,15,26,26,0,36,0.0014487100051095603,4.356957401958489,0.8937285053047871
4,11,26,0,0,21,0.016679394392357157,3.0713629806137637,
4,11,26,1,0,21,0.012520580592698326,3.07975595557157,0.494407515386298
4,11,26,2,0,21,0.011544866167939158,3.069915021438155,0.6210681250311214
4,11,26,3,0,21,0.01108009723923329,3.0004801126588974,0.5901662685858606
4,11,26,4,0,21,0.010418640708942186,3.0349383157359946,0.5321534452925567
4,11,26,5,0,21,0.0063137234084447045,3.041272248775986,0.7073273766107291
4,11,26,6,0,21,0.008269977316869888,3.0282433117600753,0.6192137872169929
4,11,26,7,0,21,0.008637089760550233,2.9387713028938545,0.6805526579501366
4,11,26,8,0,21,0.00680307056542994,3.0492614724839617,0.814784141039742
4,11,26,9,0,21,0.010043977428349084,2.9756352780740696,0.8273320957919814
4,11,26,10,0,21,0.005944931734275736,2.836168350684613,0.6355312250253511
4,11,26,11,0,21,0.005278593325950277,2.974214965070616,0.6759824959301599
4,11,26,12,0,21,0.003945715136861717,2.9377194674249116,0.741198892616867
4,11,26,13,0,21,0.0040930623593026395,3.0407141701227265,0.7277725961789272
4,11,26,14,0,21,0.00586982496131484,3.0093782382503886,0.7038088130156364
4,11,26,15,0,21,0.002681367372394916,2.977495673056084,0.8233700467964983
4,11,26,16,0,21,0.0018544135341951452,2.8711290757674064,0.7507818176642823
4,11,26,17,0,21,0.0016970359118459637,2.704854844769293,0.7863750348891771
4,11,26,18,0,21,0.0014204347618589977,2.871212689471598,0.7954124300438425
4,11,26,19,0,21,0.0014405473283689984,2.836785129646471,0.8873570071464452
4,11,26,20,0,21,0.0005206754664501037,2.7545192493113504,0.9302611383315628
4,11,27,21,0,48,0.00914873290791074,4.623907364597524,0.8499893405603514
4,11,27,22,0,48,0.007250471969733914,4.661094707753597,0.751759874135864
4,11,27,23,0,48,0.00945655913564087,4.629357633226587,0.7731912989900335
4,11,27,24,0,48,0.008682071523275096,5.610413121410709,0.7812494012590725
4,11,27,25,0,48,0.00756034184046923,4.667968304790014,0.7456075864179169
4,11,27,26,0,48,0.005606071000840889,4.6053198964434925,0.8658930459800205
4,11,27,27,0,48,0.01214856832949327,4.628101870614043,0.8750040071575695
5,9,27,0,0,18,0.014268358160551168,2.872320334204657,
5,9,27,1,0,18,0.007992990722867835,2.873636489442139,0.47586896160325565
5,9,27,2,0,18,0.01210665465210177,2.8742504813108627,0.5227411871821089
5,9,27,3,0,18,0.01129673274204052,2.8183390264410475,0.7422427658266504
5,9,27,4,0,18,0.01090481032230404,2.9233047893266244,0.7276675636852095
5,9,27,5,0,18,0.008157043265036173,2.8692438254129744,0.6573614120878255
5,9,27,6,0,18,0.009578876150725568,2.860910085235404,0.6685562136799519
5,9,27,7,0,18,0.006943571589343338,2.827963213274004,0.660649057956902
5,9,27,8,0,18,0.008267056707538595,2.841659458777635,0.6459990406829175
5,9,27,9,0,18,0.005663029019387437,2.781032884572947,0.7302390510223382
5,9,27,10,0,18,0.005125038478424725,2.7531538124939514,0.7327551241931427
5,9,27,11,0,18,0.0038472616410811142,2.758710530885958,0.7933782347496395
5,9,27,12,0,18,0.0031333599546757114,2.8241433898710517,0.7252779228339109
5,9,27,13,0,18,0.0031504301253886444,2.646900978680253,0.6349080463326405
5,9,27,14,0,18,0.0026029739110657825,2.824491100018957,0.7997341348369005
5,9,27,15,0,18,0.0014338296358960328,2.6768681813482207,0.6830647366892169
5,9,27,16,0,18,0.002526183895986169,2.686151176351031,0.8378794527094028
5,9,27,17,0,18,0.0005093904808234886,1.987618598800404,0.7986025804534675
5,9,28,18,0,46,0.012838185321891071,4.658198341594802,0.7154129857005471
5,9,28,19,0,46,0.016620656181112244,4.628402389689837,0.7233244927081193
5,9,28,20,0,46,0.011366627955511554,4.942226271368062,0.7516186118868005
5,9,28,21,0,46,0.00891025408041698,4.566515900949645,0.8761299699992997
5,9,28,22,0,46,0.007838463217527411,4.587754880400864,0.843318977894526
5,9,28,23,0,46,0.007796168811220171,4.545116692707854,0.7799250648042094
5,9,28,24,0,46,0.005026886264647082,4.625033348283998,0.7947503981788145
5,9,28,25,0,46,0.009660780454038799,4.65185890659651,0.8720764616273127
5,9,28,26,0,46,0.009774851852296105,4.614367242822696,0.9139559332453451
5,9,28,27,0,46,0.005409159803583389,4.522112029028314,0.861092331780141
5,9,28,28,0,46,0.005495061665499586,4.569645121085143,0.8468434975001333
3,16,27,0,0,18,0.009568958088016421,2.804696296268135,
3,16,27,1,0,18,0.007744926588513257,2.758674381152173,0.3261878204919524
3,16,27,2,0,18,0.008837896586875066,2.840299720937231,0.6969733271343472
3,16,27,3,0,18,0.008722670509698847,2.8230711364935424,0.5277916236276596
3,16,27,4,0,18,0.005966395122148223,2.8488693003993077,0.6635091139359499
3,16,27,5,0,18,0.003856220936142384,2.8957538478528706,0.7048560195952498
3,16,27,6,0,18,0.00363802210405789,2.768318920259644,0.7543950302256901
3,16,27,7,0,18,0.005321407501589661,2.8250550025601675,0.6632523618278443
3,16,27,8,0,18,0.004000719100275664,2.8091066271153213,0.7430080796239014
3,16,27,9,0,18,0.00540476077812457,2.7914528384943766,0.7555665304623324
3,16,27,10,0,18,0.002212249420221022,2.6635051194969317,0.6360447041305579
3,16,27,11,0,18,0.00276188552276131,2.8602654415583038,0.8197901414615705
3,16,27,12,0,18,0.0015809307843470965,2.815899578896627,0.6986539317926987
3,16,27,13,0,18,0.0016794791735374494,2.691836272376559,0.7057114724451279
3,16,27,14,0,18,0.0012415204606783462,2.6629244346594265,0.8647713596759281
3,16,27,15,0,18,0.0007786786672324988,2.528388011192133,0.8444309445307309
3,16,27,16,0,18,8.290529765946346e-05,2.3521330600571173,0.8083871695633966
3,16,27,17,0,18,0.0005906627576759623,2.4355346583931428,0.8334454297520654
3,16,28,18,0,46,0.00830141289396598,4.459253267832789,0.7193908748584608
3,16,28,19,0,46,0.006693060203388682,4.417580028976414,0.729900243696062
3,16,28,20,0,46,0.0054141532919177275,5.193615425770749,0.768532842521898
3,16,28,21,0,46,0.007686896079290873,4.401197863064892,0.7416679625620088
3,16,28,22,0,46,0.006467948791910856,4.412235934464268,0.7171227770592719
3,16,28,23,0,46,0.002893568693543923,4.45257934551557,0.8048009748420571
3,16,28,24,0,46,0.006624135801833395,4.526672856501851,0.7868501900521194
3,16,28,25,0,46,0.003527690394847525,4.433438662188577,0.7967934073342781
3,16,28,26,0,46,0.00343446885122004,4.584726394380474,0.8696310798522593
3,16,28,27,0,46,0.004073594064937337,4.363353712043116,0.80349112517114
3,16,28,28,0,46,0.0024829865049420343,4.473623047677263,0.80431717395004
4,12,28,0,0,10,0.0068625534342596425,2.196338518303602,
4,12,28,1,0,10,0.0067322381850678705,2.1922097805090415,0.2512524902729425
4,12,28,2,0,10,0.005555092372671901,2.172659464844921,0.827976547646923
4,12,28,3,0,10,0.003576674830839549,2.221047274509158,0.6588776943139917
4,12,28,4,0,10,0.004810141685435379,2.1545488379771562,0.5651111165495644
4,12,28,5,0,10,0.002107636096657636,2.09848286041199,0.7443006045956642
4,12,28,6,0,10,0.0020396374368835553,2.1293325486846877,0.8352708771726961
4,12,28,7,0,10,0.0037612857627635494,2.214869230665098,0.7912727616660831
4,12,28,8,0,10,0.001500602242649271,2.173700985030462,0.7998886504965187
4,12,28,9,0,10,0.0006878274863862668,2.184966980480445,0.885790931447967
4,12,29,10,0,39,0.01305725230707516,4.190900428219043,0.6662934202999713
4,12,29,11,0,39,0.015106605287821552,4.1558908428499315,0.7435483786473311
4,12,29,12,0,39,0.015443621111738562,4.074414004897363,0.7105020392883519
4,12,29,13,0,39,0.011400500097217145,4.134430430410818,0.716298695850718
4,12,29,14,0,39,0.009877180596684736,4.09281880826642,0.7487423417737004
4,12,29,15,0,39,0.007823120555208448,4.1577369302823906,0.6834282838377107
4,12,29,16,0,39,0.007057955899515937,4.078836854639261,0.7174675510479855
4,12,29,17,0,39,0.011003057508348834,4.128256708343495,0.7726254574801095
4,12,29,18,0,39,0.009198584691443456,4.175958785356643,0.7834146644379812
4,12,29,19,0,39,0.006733742189321746,4.057993755201627,0.7064719746195368
4,12,29,20,0,39,0.009107989470080824,4.186866943342996,0.8393510726839619
4,12,29,21,0,39,0.006561152974341254,4.515567116759282,0.8255829631740264
4,12,29,22,0,39,0.008041711864432824,4.305375030795785,0.7959001126017615
4,12,29,23,0,39,0.005378303889405161,4.059428207489615,0.736362780211756
4,12,29,24,0,39,0.005782576603183884,4.146274070372806,0.8589466860617516
4,12,29,25,0,39,0.004195594502800797,4.17947942613133,0.8690445981997748
4,12,29,26,0,39,0.004791672763774873,4.093133732460897,0.8521705866585892
4,12,29,27,0,39,0.0051952419166412045,4.074503638964042,0.8159152685437541
4,12,29,28,0,39,0.00342196106641375,4.071700308891494,0.8174732502580059
4,12,29,29,0,39,0.00368869850507357,4.085878651322693,0.8492850706499474
3,17,29,0,0,27,0.01421908993351431,3.4196975472935462,
3,17,29,1,0,27,0.014791647354553681,3.44671047416092,0.572175216495282
3,17,29,2,0,27,0.01041244232892993,3.415048817915619,0.5872135094426554
3,17,29,3,0,27,0.01116817714995958,3.3872626388787928,0.6474706437043507
3,17,29,4,0,27,0.00850825388734233,3.2881000012244317,0.5500070023824246
3,17,29,5,0,27,0.008475091338450657,3.360828845119772,0.7120737641094095
3,17,29,6,0,27,0.007177053730551669,3.3948326691855506,0.6886386115497833
3,17,29,7,0,27,0.006629390153190753,3.4216229338224093,0.640058556819639
3,17,29,8,0,27,0.009404319473831593,3.3273225796621393,0.7021041002189339
3,17,29,9,0,27,0.0049064315159507215,3.3530370016143958,0.6794586620396759
3,17,29,10,0,27,0.005127392507042801,3.2697137298574583,0.6742164722402098
3,17,29,11,0,27,0.006370485251302983,3.291628389042816,0.7243227114827551
3,17,29,12,0,27,0.00373809361150774,3.1939639664379644,0.7042654147548866
3,17,29,13,0,27,0.005541402464363937,3.204013466547663,0.6423312904940802
3,17,29,14,0,27,0.003115965504342484,3.2787210807490905,0.6670326912236393
3,17,29,15,0,27,0.0039045618742528125,3.300047457926331,0.6586279987630494
3,17,29,16,0,27,0.0031637919378793384,3.301031178970267,0.7908282257194859
3,17,29,17,0,27,0.0020794050833520864,3.2156718348386586,0.7262823899318713
3,17,29,18,0,27,0.002004961253852267,3.1536152307219534,0.7061403094242276
3,17,29,19,0,27,0.0012649351650957214,3.2761213640566273,0.7503928507037455
3,17,29,20,0,27,0.0012915604412075902,3.295293984706813,0.8391299125267067
3,17,29,21,0,27,0.0011666009497840817,3.4211119754775443,0.7494135426030848
3,17,29,22,0,27,0.0012336903831328201,3.1105003605180275,0.8297159005472552
3,17,29,23,0,27,0.00048291828367019285,3.2098337679086733,0.7242062120911306
3,17,29,24,0,27,0.0009981601274875326,3.3159311406729968,0.8845897208169196
3,17,29,25,0,27,0.0003511169517312924,3.012815051675257,0.9002754647230796
3,17,29,26,0,27,0.00018201179581948094,2.760638306669062,0.8767733419882312
3,17,30,27,0,57,0.007296355419377457,5.37894061533158,0.8045640996033387
3,17,30,28,0,57,0.007024370395735346,5.076068881238163,0.7967372131658206
3,17,30,29,0,57,0.003601378974247638,5.462381751828832,0.9078075446231927
3,17,30,30,0,57,0.004042271410029925,6.4736276880795165,0.9400161410022149
6,8,29,0,0,15,0.008693261185583206,2.6789510213551333,
6,8,29,1,0,15,0.007810615455071606,2.6551549811435002,0.5452465839517515
6,8,29,2,0,15,0.01062961687099967,2.668701347169652,0.6866654598647212
6,8,29,3,0,15,0.007038563013128402,2.6806790457761815,0.5868566860507332
6,8,29,4,0,15,0.00597885462568405,2.6501446393825536,0.7130190082541218
6,8,29,5,0,15,0.007572975473709459,2.614298097489821,0.7075329638974323
6,8,29,6,0,15,0.0053052476531822304,2.6312335396869004,0.5756788700905227
6,8,29,7,0,15,0.004864506760907158,2.625266526554212,0.7377018851291937
6,8,29,8,0,15,0.004108683365738047,2.6246573829994997,0.7326423397019673
6,8,29,9,0,15,0.004001782138864301,2.630996831376147,0.8442730171252848
6,8,29,10,0,15,0.0022540760358462177,2.586723252898391,0.8243291020067078
6,8,29,11,0,15,0.004084697756566183,2.654660653963573,0.8652438654014546
6,8,29,12,0,15,0.0018476006623604306,2.444194845074404,0.8514895239304163
6,8,29,13,0,15,0.00206134218526662,2.268123258155711,0.7853656275736793
6,8,29,14,0,15,0.0003088176170503903,2.4631298186321446,0.9395936066209591
6,8,30,15,0,45,0.015982573959036666,4.428263916844032,0.775992606237627
6,8,30,16,0,45,0.01558543481988565,4.48166292444405,0.8497121447237017
6,8,30,17,0,45,0.011493758164408679,4.496585213377417,0.8287201712222889
6,8,30,18,0,45,0.01221550095498293,4.484966237862543,0.8216451449271889
6,8,30,19,0,45,0.012363375338558486,4.478691686316512,0.7029912954985854
6,8,30,20,0,45,0.008867488017926238,4.4522471214230865,0.7676867664786311
6,8,30,21,0,45,0.013371079416971117,4.512050078351024,0.755832790938015
6,8,30,22,0,45,0.00726165600906565,4.446660675973022,0.7271023955100195
6,8,30,23,0,45,0.008294193930331354,4.450185583711659,0.8082812397081425
6,8,30,24,0,45,0.008802977599532368,4.499521406251011,0.8394143940049369
6,8,30,25,0,45,0.00975804060241426,4.521253568619366,0.7812782359240977
6,8,30,26,0,45,0.00887957564564343,4.5282656000301165,0.8788450625787985
6,8,30,27,0,45,0.0053587046566923174,4.458981365448421,0.830005020386275
6,8,30,28,0,45,0.006752074807344283,4.536220062412336,0.8407935755624559
6,8,30,29,0,45,0.00567080176534395,7.2817460498913205,0.8680004814414229
6,8,30,30,0,45,0.0033185484535336127,4.502705110058149,0.8784043981711073
7,7,30,0,0,24,0.013681599542382357,3.345660858930774,
7,7,30,1,0,24,0.013946188000748013,3.2736568473117424,0.43358992654429707
7,7,30,2,0,24,0.010450457067500314,3.296288371358592,0.6558530455444577
7,7,30,3,0,24,0.012297966606882876,3.356372536317865,0.6575047653585795
7,7,30,4,0,24,0.013549203909063891,3.2942341624559472,0.7515798623181068
7,7,30,5,0,24,0.011859559954063577,3.2700015814736973,0.5487360941180192
7,7,30,6,0,24,0.008642498392110095,3.3200562824946944,0.673075190806113
7,7,30,7,0,24,0.010038797936963337,3.3285006627200997,0.684719346417513
7,7,30,8,0,24,0.006296037547721172,3.197148868094652,0.6890016732378377
7,7,30,9,0,24,0.009821849813237027,3.3524194133268654,0.6920818106176241
7,7,30,10,0,24,0.007633144133915095,3.3245676630806966,0.7253929555067662
7,7,30,11,0,24,0.011059916819250734,3.3634374690949764,0.7647711493191309
7,7,30,12,0,24,0.005493543118033212,3.2083150132141,0.6735614236597811
7,7,30,13,0,24,0.005561449973805354,3.2915719357363837,0.763375125948838
7,7,30,14,0,24,0.0034560226491087915,3.217010509777353,0.7251303120358121
7,7,30,15,0,24,0.004280032003553735,3.1746842129860613,0.7822677349201332
7,7,30,16,0,24,0.0036286988678148014,3.165454448403387,0.817836225597516
7,7,30,17,0,24,0.004428041513410527,3.196988794947141,0.7691552395897518
7,7,30,18,0,24,0.0021188432538129525,3.206095152608164,0.767518804567217
7,7,30,19,0,24,0.0021417578698798294,3.168694924719034,0.8032244809915247
7,7,30,20,0,24,0.0033253595633877054,3.189268725745167,0.7047757123284003
7,7,30,21,0,24,0.002256008395798659,3.110764566788148,0.8719328926194547
7,7,30,22,0,24,0.00039977796206777194,3.1835330959789134,0.8199071920477559
7,7,30,23,0,24,0.00043736667321570043,2.8155566535031595,0.8289280747142239
7,7,31,24,0,55,0.013115012508058101,5.00781202513079,0.7666619370615777
7,7,31,25,0,55,0.008616461700606098,5.074310790663757,0.7920668035041196
7,7,31,26,0,55,0.011990556384733708,5.082923500858023,0.8585759061921963
7,7,31,27,0,55,0.010825854964983546,5.010138758849357,0.8154555548583398
7,7,31,28,0,55,0.008417334718948354,5.04524103757216,0.7903668031753176
7,7,31,29,0,55,0.010188066320448115,5.0628171162163005,0.8379296183232352
7,7,31,30,0,55,0.009149756384944831,4.995680155237777,0.8809222345967845
7,7,31,31,0,55,0.005504904646784885,4.971854832976518,0.9286504054070108
5,10,30,0,0,15,0.006498301409277243,2.6747830473612253,
5,10,30,1,0,15,0.007673435523864575,2.679974986882893,0.4639496747096692
5,10,30,2,0,15,0.009027587866317438,2.6589693298599464,0.6947146133716356
5,10,30,3,0,15,0.00865512370826933,2.6960261442778912,0.6644369809362087
5,10,30,4,0,15,0.006205950558414222,2.6474091068872996,0.7473170106771061
5,10,30,5,0,15,0.00556086858694063,2.6645927675749057,0.7125632849151631
5,10,30,6,0,15,0.004896866720931315,2.6035788927947707,0.7264132727625028
5,10,30,7,0,15,0.005140678575708274,2.6346661841738452,0.6844342154279845
5,10,30,8,0,15,0.0035171951509063264,2.5250960002399347,0.7703951509622998
5,10,30,9,0,15,0.003171139978251445,2.649947574217712,0.6897375780819938
5,10,30,10,0,15,0.00312387845967373,2.573869307588066,0.721393364285996
5,10,30,11,0,15,0.0013081020199163383,2.630656407110167,0.7550977354422239
5,10,30,12,0,15,0.0024565371665082832,2.607879555844997,0.7767820331730904
5,10,30,13,0,15,0.0019634206128908488,2.5277825782428156,0.7532456479844652
5,10,30,14,0,15,0.00035669794118687784,2.2121751163376904,0.913433538682721
5,10,31,15,0,46,0.010952309335090405,4.512972385561846,0.7743838310854894
5,10,31,16,0,46,0.01317701592393177,4.513439852744027,0.6704283911608451
5,10,31,17,0,46,0.014233879195763579,4.533431517665643,0.7828194354513454
5,10,31,18,0,46,0.010053948875312158,4.535692278123396,0.8026259125328403
5,10,31,19,0,46,0.010953096071285494,4.509321580968997,0.8364125103675004
5,10,31,20,0,46,0.01165036953623636,4.5447790657513485,0.7854922587083768
5,10,31,21,0,46,0.008615575321543313,4.481555622293904,0.7240380536576669
5,10,31,22,0,46,0.00991116590933547,4.599176848797322,0.8230691921705989
5,10,31,23,0,46,0.006847778482274428,4.504292299044345,0.7298505894193288
5,10,31,24,0,46,0.008324463680540564,4.565914357599358,0.8310945093660171
5,10,31,25,0,46,0.006859967416710253,4.548366034735185,0.8062620759043718
5,10,31,26,0,46,0.008090598631355014,4.571473860646185,0.7816928383184276
5,10,31,27,0,46,0.005632992670117566,4.527174483854036,0.7937821259681921
5,10,31,28,0,46,0.006232771027036568,4.5342295499972085,0.8286244076493603
5,10,31,29,0,46,0.005371402231783508,6.487309046547678,0.9157359276642455
5,10,31,30,0,46,0.005447561634666112,4.568580092987539,0.80540549492777
5,10,31,31,0,46,0.004612832709236442,4.501161424326533,0.9464866494433337
3,18,30,0,0,6,0.002576618680130425,1.7103559960326864,
3,18,30,1,0,6,0.0015756701030380765,1.7011791657725805,0.42222526858354725
3,18,30,2,0,6,0.0014069945319125268,1.6836058468462785,0.856273371589744
3,18,30,3,0,6,0.0023504147480605583,1.674384769371075,0.7496948316817466
3,18,30,4,0,6,0.001932802355908226,1.711884106436156,0.813076177251592
3,18,30,5,0,6,0.000879979043884575,1.7335882051549385,0.8776877664552847
3,18,31,6,0,37,0.011217841880794664,3.9496004632351758,0.611318463686018
3,18,31,7,0,37,0.011090030939787554,3.9863037417484573,0.6347333498964235
3,18,31,8,0,37,0.00947425476625368,4.061626557816321,0.6925800635667708
3,18,31,9,0,37,0.011537692113162567,4.027685731461907,0.676577084649204
3,18,31,10,0,37,0.007072234978742956,4.002643162553537,0.6746592547552401
3,18,31,11,0,37,0.0067291556988535355,3.9861749373911417,0.6746092419181451
3,18,31,12,0,37,0.005973852172956319,4.132574385618555,0.7730536986070963
3,18,31,13,0,37,0.007649933407440505,3.903156343356506,0.6914889754035779
3,18,31,14,0,37,0.005839818488293549,4.024664049987364,0.677634322369083
3,18,31,15,0,37,0.004393235412519099,3.8851213419373893,0.7099976786289075
3,18,31,16,0,37,0.00367918336752403,3.927857083332632,0.7060225507571479
3,18,31,17,0,37,0.003818112639850791,3.868132699570584,0.8172033518505285
3,18,31,18,0,37,0.0029442354517103288,3.9850380882215104,0.7286176352725341
3,18,31,19,0,37,0.002690593633964384,8.521250794088902,0.7719080442033208
3,18,31,20,0,37,0.002571237514647695,3.88686497216488,0.7784374782755767
3,18,31,21,0,37,0.003146894874035286,4.24402436207991,0.7883014697927073
3,18,31,22,0,37,0.004345099808975846,3.9885248778238833,0.728766714655468
3,18,31,23,0,37,0.0017674375527086308,3.976550273129374,0.8067816690204017
3,18,31,24,0,37,0.003311816121435811,3.919005118795611,0.745480369082028
3,18,31,25,0,37,0.0014638510543809624,4.103056016155576,0.7577930952889498
3,18,31,26,0,37,0.0015975996824380988,3.9424435424192144,0.7546422598397567
3,18,31,27,0,37,0.001278442913894759,3.970450186348318,0.7792267988528098
3,18,31,28,0,37,0.0011003916699922835,3.94959763060599,0.762023736418847
3,18,31,29,0,37,0.0008361978763725388,3.812981852809238,0.7413542189054128
3,18,31,30,0,37,0.0008308172641736634,3.788672015579567,0.7832761321136442
3,18,31,31,0,37,0.0006472376790224352,3.949421631707811,0.8047149226385608
4,13,31,0,0,28,0.014364813354313048,3.506200274563487,
4,13,31,1,0,28,0.011458357369970489,3.5221014914224225,0.42568450810883574
4,13,31,2,0,28,0.011605802434655834,3.484077195480542,0.4979225037760239
4,13,31,3,0,28,0.010015083442115628,3.5590127584987545,0.587360156564815
4,13,31,4,0,28,0.008669024336512983,3.5261783967297733,0.6178157963133268
4,13,31,5,0,28,0.011613830035421433,3.5863875455919003,0.7115883155048529
4,13,31,6,0,28,0.013655448277792354,3.552736942422013,0.6833051255334581
4,13,31,7,0,28,0.010243998243103698,3.4861845588494504,0.5951804985284241
4,13,31,8,0,28,0.0077132916754314865,3.4839669211154365,0.6303046560843664
4,13,31,9,0,28,0.009780769763938877,3.5120895708413085,0.6303667115460239
4,13,31,10,0,28,0.0073921689777504225,3.494167249615164,0.7572617072636938
4,13,31,11,0,28,0.00823540805705691,3.489417929048674,0.6909371239381197
4,13,31,12,0,28,0.007353046795335619,3.4112814968849747,0.7120204252569411
4,13,31,13,0,28,0.006420160492504748,3.46175894501095,0.6006158423392036
4,13,31,14,0,28,0.005866878263796264,3.4431160855945246,0.6988650205673433
4,13,31,15,0,28,0.004938990172455551,3.469549892318221,0.7452740478497762
4,13,31,16,0,28,0.004180598292924332,3.4503365468897766,0.8302147706820449
4,13,31,17,0,28,0.004977092048670048,3.4531653600551264,0.7059652991473429
4,13,31,18,0,28,0.003904318722624486,3.4414927110666778,0.7605626584466804
4,13,31,19,0,28,0.0032776446135557614,3.3985261413496595,0.8303001465584422
4,13,31,20,0,28,0.002182413353103139,3.4066117364415636,0.7256542750792825
4,13,31,21,0,28,0.002784484613526599,3.4112143184795234,0.7922672726121186
4,13,31,22,0,28,0.0015371746086181833,3.3209488264746687,0.7914742581166387
4,13,31,23,0,28,0.001457059072507671,3.284479991315503,0.8419590630491249
4,13,31,24,0,28,0.0016364943451690904,3.1181990587057644,0.8617319010441093
4,13,31,25,0,28,0.0008076480109564395,3.2404209406517315,0.654890881478501
4,13,31,26,0,28,0.0006954928879726407,3.341710457929144,0.8217648094594812
4,13,31,27,0,28,0.000405439113150343,2.7820779179913626,0.8778714138921975
4,13,32,28,0,60,0.006700524299731693,5.576710982152291,0.8554479634251102
4,13,32,29,0,60,0.008747917149202096,5.307505140948908,0.8512014893877407
4,13,32,30,0,60,0.006907795864271442,5.263517873380619,0.8339838094843811
4,13,32,31,0,60,0.007723758143244839,5.191458096883772,0.9303529523758758
4,13,32,32,0,60,0.007311020739216734,5.33053419025978,0.8293700339576449
3,19,32,0,0,15,0.004620794227533093,2.5970007091195546,
3,19,32,1,0,15,0.006220422454994335,2.611105163444607,0.46096579122966874
3,19,32,2,0,15,0.004682448559295871,2.6057702417239406,0.5521739174653166
3,19,32,3,0,15,0.005889251790157752,2.6751700734373305,0.7047509667030603
3,19,32,4,0,15,0.0055047907683781335,2.6192094020405587,0.6309946499984486
3,19,32,5,0,15,0.004246856467096823,2.6281458633018357,0.6614415918147858
3,19,32,6,0,15,0.003529463138252638,2.579477735637858,0.6167299415908665
3,19,32,7,0,15,0.0027972026051522525,2.65421085620636,0.8269500121251263
3,19,32,8,0,15,0.0028622742165187037,2.7123958718341683,0.8066764097111672
3,19,32,9,0,15,0.0016661357634817633,2.6251025127929006,0.7972269883625842
3,19,32,10,0,15,0.002301501872079644,2.6411306936211854,0.857847754330669
3,19,32,11,0,15,0.0020373313807339533,2.519582956722855,0.8487071692875479
3,19,32,12,0,15,0.00094858378492932,2.3318200810510454,0.8038178730305381
3,19,32,13,0,15,0.000728411520061793,2.453782483936224,0.7951091192650322
3,19,32,14,0,15,0.00040340185987021193,2.403755378231227,0.8857199345629064
3,19,33,15,0,48,0.00889686411913265,4.745588308585989,0.7274741263344093
3,19,33,16,0,48,0.008350871353000291,4.562962846743639,0.6927130414818303
3,19,33,17,0,48,0.005434237543461249,4.547244340168679,0.8936195788307396
3,19,33,18,0,48,0.00362751206878045,4.504245344136456,0.6863183404645525
3,19,33,19,0,48,0.005070017797326672,4.543757059219739,0.6816164186544212
3,19,33,20,0,48,0.0058107066769301574,4.577713435764308,0.795934890297143
3,19,33,21,0,48,0.0038535333699535376,4.514125989996667,0.760459412196302
3,19,33,22,0,48,0.005195422153678707,4.537711528191969,0.6844269271431129
3,19,33,23,0,48,0.0018620816248028126,4.540912474036037,0.7666650040462439
3,19,33,24,0,48,0.004634397163542004,4.539256317295201,0.7567120745566731
3,19,33,25,0,48,0.0036613741327496813,4.635439677352152,0.8429073058000365
3,19,33,26,0,48,0.0030317498112233084,4.771220590643502,0.8664581450481027
3,19,33,27,0,48,0.002252192335178654,4.572546600514668,0.8169631721397619
3,19,33,28,0,48,0.0033199703736586815,4.559759180910681,0.8191109632366114
3,19,33,29,0,48,0.0017510142684015802,4.498249930546844,0.8019552165313115
3,19,33,30,0,48,0.0017025838648712284,4.622167267837134,0.8909242815047947
3,19,33,31,0,48,0.0024447804145103966,4.501871232480107,0.8723362139189206
3,19,33,32,0,48,0.002411517769993093,4.581398721147345,0.8082264392536427
3,19,33,33,0,48,0.0014392297104071914,4.418442521112684,0.9463761410815466
6,9,33,0,0,21,0.009048966154148564,3.1340260837085685,
6,9,33,1,0,21,0.011720752929051526,3.16387139686718,0.5299411189760799
6,9,33,2,0,21,0.008702268855440079,3.1687444003233414,0.5444595939452673
6,9,33,3,0,21,0.00742804340756874,3.1662153916341516,0.5975916428203626
6,9,33,4,0,21,0.008269255667110578,3.160436260887839,0.6777211406993962
6,9,33,5,0,21,0.007938589824836383,3.1426905014003106,0.5913102819258795
6,9,33,6,0,21,0.00884107960747436,3.109866703100531,0.6749111557140113
6,9,33,7,0,21,0.004587335011009136,3.1398868800253807,0.701596710340473
6,9,33,8,0,21,0.006666741927405218,3.1017782858053176,0.64292966860759
6,9,33,9,0,21,0.006164820047576531,3.1430758103104095,0.6882891482894498
6,9,33,10,0,21,0.005530753529327307,3.1424851527499897,0.674381368317702
6,9,33,11,0,21,0.005670596097713937,3.1339453253205836,0.718332154143073
6,9,33,12,0,21,0.0036301662298337113,3.0200352720854986,0.8625908178162663
6,9,33,13,0,21,0.004513038515638081,3.0712950127592116,0.759255845344598
6,9,33,14,0,21,0.003098736657412662,3.1255438194504364,0.6940843615804777
6,9,33,15,0,21,0.0026503552147906922,3.0311148812058755,0.8123696002014542
6,9,33,16,0,21,0.0016901603442322243,3.009602126768658,0.7368557506076656
6,9,33,17,0,21,0.0018185143682168052,2.9881145494768373,0.6862592213113521
6,9,33,18,0,21,0.001372986594034056,2.7701265110382014,0.7636891550435346
6,9,33,19,0,21,0.00022319016806962238,2.89623148752407,0.8301382132724501
6,9,33,20,0,21,0.0011497679048555678,2.6090830447885778,0.9267165980683387
6,9,34,21,0,55,0.006834557592652164,4.956224099235734,0.747832022756139
6,9,34,22,0,55,0.009243487332104838,5.043440374142261,0.7262490257645422
6,9,34,23,0,55,0.006690740019133196,4.934652366988547,0.7914720190105992
6,9,34,24,0,55,0.010778718670555323,6.77111351357413,0.7502764081089274
6,9,34,25,0,55,0.01026589579932445,5.004117986364531,0.8371335846156205
6,9,34,26,0,55,0.013680355106842814,5.075845930746745,0.8226519227755453
6,9,34,27,0,55,0.011649096869732808,5.013016176499528,0.7578531537928231
6,9,34,28,0,55,0.010054174512807827,5.056780260463676,0.8993297472289419
6,9,34,29,0,55,0.00777001037614617,5.105757428486449,0.8140546730734857
6,9,34,30,0,55,0.007109681227513076,4.959032590257955,0.7874445186373579
6,9,34,31,0,55,0.008501936595680572,5.028321776298359,0.8107666979810468
6,9,34,32,0,55,0.007816123432227633,5.1427685113062775,0.8965803360170858
6,9,34,33,0,55,0.007811159120891715,5.0207283674845185,0.8280011011189413
6,9,34,34,0,55,0.004328038097404302,4.973546994430483,0.9345403203703888
4,14,33,0,0,15,0.0072649869154573395,2.6794326663222003,
4,14,33,1,0,15,0.005777771436336558,2.6969045586517306,0.5692955543333198
4,14,33,2,0,15,0.004928932720497266,2.644026337943252,0.6908371756377094
4,14,33,3,0,15,0.005300348061273409,2.7074377010797885,0.7065315160322618
4,14,33,4,0,15,0.004330330010661543,2.635506071389459,0.6556906999877993
4,14,33,5,0,15,0.004871931277830567,2.7293855548954284,0.6814369346372202
4,14,33,6,0,15,0.004291114631862011,2.6281358868064144,0.7182158891317154
4,14,33,7,0,15,0.002655452769290874,2.646194970390141,0.8142595473742612
4,14,33,8,0,15,0.0029005562401630725,2.6300793355107372,0.704790719294698
4,14,33,9,0,15,0.0017044281971015556,2.6863733637391167,0.7787915218323671
4,14,33,10,0,15,0.0023620371684030554,2.5016078559846537,0.6892784708759263
4,14,33,11,0,15,0.001025565224380416,2.665649478099346,0.674392247099261
4,14,33,12,0,15,0.0008525908420277368,2.4901023031524456,0.9059885868033773
4,14,33,13,0,15,0.0006167184497056126,2.47625986386363,0.885324277193217
4,14,33,14,0,15,0.0010324012707191872,2.5427308366091346,0.8137512836670869
4,14,34,15,0,49,0.010559796212916561,4.728852351418117,0.7125228825193641
4,14,34,16,0,49,0.011546104116617367,4.684742538011586,0.7329748356685158
4,14,34,17,0,49,0.008759561209709766,4.705222681107106,0.7541450776869647
4,14,34,18,0,49,0.009873590511890159,6.918806833687005,0.7849257766542109
4,14,34,19,0,49,0.008501766948771442,4.595413979724178,0.7606841802404969
4,14,34,20,0,49,0.006915701877560547,4.647043608518821,0.7714538304294304
4,14,34,21,0,49,0.006144319384275743,4.626850435203725,0.8635615496191851
4,14,34,22,0,49,0.0056440652761417095,4.641933516528663,0.7350161201517605
4,14,34,23,0,49,0.005743028249573247,4.643827278027012,0.8332495589309359
4,14,34,24,0,49,0.0067224339483565035,4.692932403158963,0.7277812968818042
4,14,34,25,0,49,0.006618630907063806,4.691531487759471,0.8331961071417433
4,14,34,26,0,49,0.004658356630949859,4.668168111875724,0.8079624847353181
4,14,34,27,0,49,0.004956404288495007,4.719177673411247,0.8311807929842384
4,14,34,28,0,49,0.003643735672012115,4.667744579201371,0.8240983134180522
4,14,34,29,0,49,0.0035535111623707133,5.123951749170264,0.740891594321848
4,14,34,30,0,49,0.00461789179391786,4.659278044990944,0.8110366744427184
4,14,34,31,0,49,0.005914782905803403,4.724848157290002,0.8051254937208226
4,14,34,32,0,49,0.0033668192914472275,4.66431580030608,0.7865290904367122
4,14,34,33,0,49,0.002762188486663211,4.643780544706247,0.8162958065760164
4,14,34,34,0,49,0.002307586883363721,4.62525052434497,0.8786895898351329
5,11,33,0,0,11,0.004455303179072053,2.3055999797348297,
5,11,33,1,0,11,0.005558358457011815,2.3300830196540656,0.6086754102324585
5,11,33,2,0,11,0.003374320526141666,2.3334512203595716,0.4715583026263299
5,11,33,3,0,11,0.006796908009489356,2.2970625146679025,0.7983882714754511
5,11,33,4,0,11,0.00394685300296946,2.403247549707734,0.746448096115254
5,11,33,5,0,11,0.0036216916256283835,2.290852408357942,0.6420716917012833
5,11,33,6,0,11,0.0013251841876573058,2.1757196481218437,0.613759928814565
5,11,33,7,0,11,0.0023106384893264763,2.340669750461791,0.8395825214377631
5,11,33,8,0,11,0.0011951026386860324,2.2637716127729934,0.8832233714221558
5,11,33,9,0,11,0.0015031315668799354,2.2522761735044963,0.959038145511937
5,11,33,10,0,11,0.001015743501412969,2.2431658551426974,0.7921714198862742
5,11,34,11,0,45,0.013897977123725315,4.533089062907234,0.7458975450497165
5,11,34,12,0,45,0.013770420582339602,4.559948659434923,0.7069266125379441
5,11,34,13,0,45,0.011891422187774508,4.575330933881608,0.7369216170882104
5,11,34,14,0,45,0.011506783477650651,4.46153069446514,0.704450445929079
5,11,34,15,0,45,0.009789527419925628,4.480678947383898,0.7176676901540945
5,11,34,16,0,45,0.01333545340785793,4.454630823079258,0.7108881367849009
5,11,34,17,0,45,0.010315758877428097,4.4926172028458575,0.7700508867906324
5,11,34,18,0,45,0.008379301461880224,4.4489298766665035,0.8103377850523641
5,11,34,19,0,45,0.011041155303737633,4.488831268906302,0.7367019905536814
5,11,34,20,0,45,0.008939335108503041,4.522471670564464,0.7610786844514945
5,11,34,21,0,45,0.007035143146926203,4.383163966188546,0.7983926341397166
5,11,34,22,0,45,0.005856441762237306,4.46169914534057,0.8281940802065021
5,11,34,23,0,45,0.007660349410641638,4.4618773466780155,0.8569268002002485
5,11,34,24,0,45,0.005235913935534393,4.51710846567205,0.8158357656474123
5,11,34,25,0,45,0.0067308560494556075,4.464527235816663,0.8288098841515866
5,11,34,26,0,45,0.0063645692854791755,4.469629073089905,0.7970247179698423
5,11,34,27,0,45,0.005081723759288252,4.474943203003366,0.8052763747755416
5,11,34,28,0,45,0.004686114826112905,4.450201518574682,0.8048012454255753
5,11,34,29,0,45,0.0036668429592501134,4.470177169087705,0.8262352427310569
5,11,34,30,0,45,0.005960254997264874,4.531923248605063,0.8191171207626843
5,11,34,31,0,45,0.004586558604639401,4.520597099813366,0.8556039102262005
5,11,34,32,0,45,0.0027114322279611805,4.616348267419799,0.8785836917415206
5,11,34,33,0,45,0.0032354753739263892,4.422519707723726,0.8211154682936068
5,11,34,34,0,45,0.002915408354563592,4.435570425924888,0.9029267443389235
3,20,34,0,0,25,0.006045531554249237,3.3903020429480057,
3,20,34,1,0,25,0.007131979591776227,3.3439906763823757,0.18692322267421735
3,20,34,2,0,25,0.0068426011202413735,3.3555051070827226,0.654859922983783
3,20,34,3,0,25,0.0067468338203642494,3.291457414921037,0.714792343545056
3,20,34,4,0,25,0.006454979468053447,3.352034645417165,0.5928325941660724
3,20,34,5,0,25,0.005791957251508272,3.3527308661293334,0.5849767247559283
3,20,34,6,0,25,0.006910407325004381,3.3542222173608427,0.6287117500417951
3,20,34,7,0,25,0.006321299191117547,3.3299276146199848,0.6736190502438704
3,20,34,8,0,25,0.004668487783129304,3.3636017266277385,0.677653184361924
3,20,34,9,0,25,0.00401119870067998,3.2832153090457914,0.7475620568210941
3,20,34,10,0,25,0.004515764580169196,3.317070112902998,0.634689216994488
3,20,34,11,0,25,0.003418803496092351,3.2749087518278492,0.7586448941240802
3,20,34,12,0,25,0.002458716935071698,3.289199979596129,0.788721193106601
3,20,34,13,0,25,0.0024754608601652277,3.29318808912108,0.7697302980462115
3,20,34,14,0,25,0.0011889656264437462,3.1444661671728595,0.7433879235757312
3,20,34,15,0,25,0.0020379482363268972,3.2514976384992393,0.757798304239266
3,20,34,16,0,25,0.0014513461992082912,3.237565604594115,0.7861033498364853
3,20,34,17,0,25,0.0014234123128575853,3.244689514235363,0.8589891533274142
3,20,34,18,0,25,0.0008334766796494536,3.31254947685093,0.819191631843123
3,20,34,19,0,25,0.00039212658743319347,3.1743693947671128,0.7768802374089809
3,20,34,20,0,25,0.0008801974922666747,3.143436586723196,0.9330593013394882
3,20,34,21,0,25,0.000853851467487524,2.9596337583452934,0.7660862961621244
3,20,34,22,0,25,0.0006808458759455452,3.0788837592113403,0.8086325561306222
3,20,34,23,0,25,0.00014075065940368148,2.949403004282341,0.8555010529362326
3,20,34,24,0,25,0.0005436425477786732,3.1471093434932915,0.856315507483931
3,20,35,25,0,60,0.006853262858679925,5.20517348443763,0.8208773745181174
3,20,35,26,0,60,0.006536133176418113,5.120103798105902,0.7831586347766691
3,20,35,27,0,60,0.003892073543952904,5.131320296879838,0.769940445468668
3,20,35,28,0,60,0.0038602238435634932,5.180662731669891,0.7888693682665603
3,20,35,29,0,60,0.0032257966867271747,5.230764953438111,0.7530821546759168
3,20,35,30,0,60,0.0035249547440911137,5.208399794116847,0.8313693115186191
3,20,35,31,0,60,0.002989097233204993,5.139960918531335,0.7606732858418218
3,20,35,32,0,60,0.0030449433044843596,5.215286719997545,0.925437479883852
3,20,35,33,0,60,0.0023100836438605566,5.196128517369317,0.8032536443380471
3,20,35,34,0,60,0.0022475968999383566,5.137856817280257,0.8150391731442143
3,20,35,35,0,60,0.0016631718823198335,5.177780241575821,0.902485730831796
7,8,34,0,0,7,0.004063580707251452,1.8661742146493074,
7,8,34,1,0,7,0.0028647015019985815,1.8666256196424753,0.7891759236982995
7,8,34,2,0,7,0.0025106071168178663,1.887597132233538,0.6740684954599736
7,8,34,3,0,7,0.0017510331431871827,1.847244327523496,0.8022090466209462
7,8,34,4,0,7,0.0010733439327708615,1.8749347669044714,0.8614313911223997
7,8,34,5,0,7,0.0010996524254125403,1.726445209795181,0.8269135919801558
7,8,34,6,0,7,0.0017574483677829085,2.006253038037356,0.8691871512514455
7,8,35,7,0,42,0.01436176175379201,4.3662563129124345,0.6222007007660078
7,8,35,8,0,42,0.014050850210511879,4.406832662968598,0.7104615552267786
7,8,35,9,0,42,0.011158754530018845,4.335053709429355,0.7222793275644368
7,8,35,10,0,42,0.013276503233330674,4.326139779665741,0.7888746039320302
7,8,35,11,0,42,0.012384371489695553,4.52510117222614,0.7402621512184411
7,8,35,12,0,42,0.009837573285910799,4.33267772600914,0.6852359219076831
7,8,35,13,0,42,0.01149014620762806,4.34267312321171,0.6845525410065549
7,8,35,14,0,42,0.010560865432553688,4.299410229232358,0.7844154479405527
7,8,35,15,0,42,0.009309555195222615,4.419501805081935,0.7315521007308214
7,8,35,16,0,42,0.007978377290418373,4.336876873906871,0.7861242169974261
7,8,35,17,0,42,0.008786943693940822,4.310197333776794,0.7274800258253221
7,8,35,18,0,42,0.0094640326602272,4.319059820349609,0.7647520292245867
7,8,35,19,0,42,0.008626739946747872,4.33077215406543,0.7359967307953479
7,8,35,20,0,42,0.007720872230573444,4.59520526250107,0.8600550246317982
7,8,35,21,0,42,0.006135538422641506,4.2879377909760485,0.7823814665062054
7,8,35,22,0,42,0.00467744218952949,4.338825112281907,0.8345257609291985
7,8,35,23,0,42,0.003958284281613578,4.40613477100551,0.8030975185661011
7,8,35,24,0,42,0.006973177093747668,4.322841418234682,0.7841187352549663
7,8,35,25,0,42,0.0034326651655075297,4.259518602805417,0.8236342491378925
7,8,35,26,0,42,0.006443135776880281,4.272824859466034,0.7350724087456202
7,8,35,27,0,42,0.005863764513883974,4.349594479489651,0.7929411325579874
7,8,35,28,0,42,0.004491919759154609,4.57805355058758,0.8179693280277583
7,8,35,29,0,42,0.0038810252877408513,4.335008553387149,0.8108431983222821
7,8,35,30,0,42,0.00539283156024332,4.226422294384291,0.8098328722908291
7,8,35,31,0,42,0.0026855490905107597,4.2585608891231095,0.8341964802363856
7,8,35,32,0,42,0.0034279703627723614,4.269620716607314,0.764396412920495
7,8,35,33,0,42,0.002851502059074553,5.263332143275856,0.8336052878895783
7,8,35,34,0,42,0.0019238421559520332,4.276593318109216,0.883339570772899
7,8,35,35,0,42,0.001213087293887133,4.1493042479143805,0.8496812807847075
3,21,36,0,0,36,0.01259905753736949,3.9839019850156667,
3,21,36,1,0,36,0.008402294056786608,3.9729759536141667,0.48650949902355534
3,21,36,2,0,36,0.007741177850556389,3.9324392481579826,0.4704508064474606
3,21,36,3,0,36,0.010029029970756175,3.8818487690517394,0.5607222165421607
3,21,36,4,0,36,0.009250499530486853,3.9895814344526666,0.6887446585044877
3,21,36,5,0,36,0.010616584800589773,3.932983739846183,0.7312650765280404
3,21,36,6,0,36,0.007921628120733808,3.906216638175042,0.6325906761304969
3,21,36,7,0,36,0.007772979936150408,3.944742885765154,0.6754439697059273
3,21,36,8,0,36,0.007433893356020672,3.9874919225552676,0.6915977451401696
3,21,36,9,0,36,0.005881876337811683,3.9071136357194365,0.7819662026150116
3,21,36,10,0,36,0.005463614181779977,3.9378489472661156,0.6940080488401882
3,21,36,11,0,36,0.005219584277008503,3.9363882815032123,0.674298078736419
3,21,36,12,0,36,0.0057493495382134,3.9132650359328367,0.7094919925027455
3,21,36,13,0,36,0.003928581671769136,3.865098193140059,0.7003467835298298
3,21,36,14,0,36,0.0037041695128180547,3.8794376993303437,0.812188208784113
3,21,36,15,0,36,0.005934822934620962,3.9636962672886815,0.7518368713684556
3,21,36,16,0,36,0.0023131201931490468,3.863636744135424,0.7368708655132234
3,21,36,17,0,36,0.003170230452882736,3.776270528248517,0.7665737131205422
3,21,36,18,0,36,0.00321411193664088,3.8585027254785396,0.7722939378137981
3,21,36,19,0,36,0.0015723182002429672,3.7782138304763575,0.7225445496362772
3,21,36,20,0,36,0.0028426135233320026,3.8973484033781345,0.8338315043539849
3,21,36,21,0,36,0.0023115679865498844,3.8760439143607583,0.7400788367819757
3,21,36,22,0,36,0.0016322154051121812,3.798403194554236,0.861131523218789
3,21,36,23,0,36,0.00186637881311156,3.6842192005271155,0.7997864203415881
3,21,36,24,0,36,0.001638704577936057,3.760288697027678,0.7934771080606181
3,21,36,25,0,36,0.001455195674221035,3.6911378918375246,0.7194610040491951
3,21,36,26,0,36,0.0011544969446493705,3.878692781647364,0.7770560664130616
3,21,36,27,0,36,0.001241666455773719,3.8711953829101855,0.7563188881060843
3,21,36,28,0,36,0.0012231080197328307,3.646539774153789,0.7430690979392616
3,21,36,29,0,36,0.0006399285469373542,3.692317205733919,0.8442200400057119
3,21,36,30,0,36,0.0010527507301257848,3.7294301967569115,0.8352925907147217
3,21,36,31,0,36,0.0011128137897154962,3.7038072836027465,0.7737203275683284
3,21,36,32,0,36,0.00033347896653073826,3.7838818203964797,0.8356898192152136
3,21,36,33,0,36,0.0002693882669791279,3.1833812225216467,0.6326895927847992
3,21,36,34,0,36,0.00034314715082841185,3.2180923442896296,0.7763546982060968
3,21,36,35,0,36,9.450454870036229e-05,2.9373889051896773,0.8585368795307484
3,21,37,36,0,73,0.0033869474931149187,5.755527072086104,0.834184734862425
3,21,37,37,0,73,0.003606588798053033,5.758486504751106,0.8757287560467509
4,15,36,0,0,36,0.013128728489674025,4.026318182725222,
4,15,36,1,0,36,0.01424427965574784,3.990408112923035,0.3467895054195318
4,15,36,2,0,36,0.013349383919359739,3.967986678974498,0.5111268108134186
4,15,36,3,0,36,0.012731928754089829,4.02353062746472,0.580161212767195
4,15,36,4,0,36,0.009821804708666277,3.980787683834331,0.7051628046723508
4,15,36,5,0,36,0.007001969817459899,3.974457709795964,0.7390370399661772
4,15,36,6,0,36,0.012148655920385984,4.004866721517999,0.7246969756636625
4,15,36,7,0,36,0.00921719731774441,3.9237363296552092,0.5916677243131789
4,15,36,8,0,36,0.008371036735756733,3.975610994479524,0.5870387760245647
4,15,36,9,0,36,0.008989299677336216,3.9962874851895975,0.6899517954086258
4,15,36,10,0,36,0.00604412665956535,4.028314934705362,0.7185439428615412
4,15,36,11,0,36,0.006123329767105599,3.9374729101614543,0.7048257495185604
4,15,36,12,0,36,0.008186636643618999,3.976230863925945,0.7682485602220822
4,15,36,13,0,36,0.006321532777960667,3.9757094582489683,0.6642802756630549
4,15,36,14,0,36,0.006268032681483555,3.9736601796284257,0.7302264026820098
4,15,36,15,0,36,0.005866803424450933,3.953994355730601,0.8144963243142186
4,15,36,16,0,36,0.008088835526549284,3.9165204430911196,0.7904598387928142
4,15,36,17,0,36,0.005959439198157168,3.977420309706249,0.7081990786789252
4,15,36,18,0,36,0.004651104393537033,3.9263185157683975,0.7063577251163446
4,15,36,19,0,36,0.002891357799143511,3.8980961852948424,0.7070870118765307
4,15,36,20,0,36,0.0039044699601188814,3.989204281117178,0.7248674209628712
4,15,36,21,0,36,0.004266216176611112,3.944398055938774,0.7856572922458174
4,15,36,22,0,36,0.003980291503818011,3.8175918226313925,0.7485949369170746
4,15,36,23,0,36,0.002313863382214011,3.8631152496812575,0.7959141714590052
4,15,36,24,0,36,0.0028604783866175306,3.892753676624354,0.697225954936589
4,15,36,25,0,36,0.0016776858283589528,3.7906528052808377,0.7925540396310679
4,15,36,26,0,36,0.0017029218596665288,3.9451355427063026,0.7749484523992153
4,15,36,27,0,36,0.0013651141760284724,3.89193169418211,0.7561939392902411
4,15,36,28,0,36,0.0013178397112964225,3.8282439185437225,0.7677652028906534
4,15,36,29,0,36,0.0016656400169362089,3.938994233667465,0.7859728179496481
4,15,36,30,0,36,0.001913176196967781,3.884268995140079,0.8579845077388972
4,15,36,31,0,36,0.0010725661617571624,3.624538716440065,0.8498901529687892
4,15,36,32,0,36,0.0005847879885654889,3.651897103063744,0.8318282699887285
4,15,36,33,0,36,0.000457581879151659,3.5013309532470793,0.8131437552321386
4,15,36,34,0,36,0.0009765127068178859,3.732825170087329,0.8196556709388051
4,15,36,35,0,36,6.664529727645833e-05,3.5024267346150335,0.9584287547390646
4,15,37,36,0,73,0.005634797450427814,5.883305959177666,0.910856557409051
4,15,37,37,0,73,0.0064319625226327455,5.866704240442425,0.8741411219959562
5,12,36,0,0,6,0.0030411988088075645,1.7439472344331504,
5,12,36,1,0,6,0.0019657277397963253,1.6943244379500397,0.3596620554451794
5,12,36,2,0,6,0.0017832656506847624,1.7270520224777106,0.8573305820833846
5,12,36,3,0,6,0.0016936773367150243,1.786554251122689,0.8605010719808598
5,12,36,4,0,6,0.00165792616384075,1.6882442117514418,0.8922732987095483
5,12,36,5,0,6,0.0003345344078026915,1.6128328080381127,0.8558935418540302
5,12,37,6,0,43,0.010238624045723073,4.406354957403507,0.6843171724854281
5,12,37,7,0,43,0.014338776243488172,4.395354589485678,0.7240093912346801
5,12,37,8,0,43,0.009122421039649328,4.44044112534315,0.7400458300970865
5,12,37,9,0,43,0.012282836205057657,4.36372096919273,0.6717796527771044
5,12,37,10,0,43,0.011667824357011667,4.443392374216197,0.6876956270769052
5,12,37,11,0,43,0.009793013672298392,4.363951830407051,0.7706210580386118
5,12,37,12,0,43,0.009260793221876394,4.35703783173065,0.685457077920639
5,12,37,13,0,43,0.011222695882725037,4.390129120084023,0.8371311012669691
5,12,37,14,0,43,0.008906691702516211,4.3856348732279535,0.7585357101791805
5,12,37,15,0,43,0.009418665683270919,4.3984780931059815,0.7050906229008034
5,12,37,16,0,43,0.007548407869329465,4.342699260875384,0.70656287954202
5,12,37,17,0,43,0.009594690877387627,4.367623598359948,0.7437346937265793
5,12,37,18,0,43,0.005114623275571618,4.3443969264657065,0.7262442050224337
5,12,37,19,0,43,0.007549120659065203,4.322885824195316,0.711444637219377
5,12,37,20,0,43,0.0078721288112919,4.33258765013052,0.8386233929021593
5,12,37,21,0,43,0.006731810783888577,4.380059445224399,0.7563742689723217
5,12,37,22,0,43,0.007869904588888864,4.386174344310673,0.7558411567792729
5,12,37,23,0,43,0.0056614558584988,4.418542430768147,0.7956832307855811
5,12,37,24,0,43,0.0052823665548258816,4.292896858992941,0.7592294627297214
5,12,37,25,0,43,0.005471769617909849,4.348528026108116,0.8325406410461462
5,12,37,26,0,43,0.004289099522066642,4.315779743542666,0.7540640980710793
5,12,37,27,0,43,0.004932049070502671,4.407414615089177,0.8156915804661127
5,12,37,28,0,43,0.0030446431255010445,4.305117076825205,0.7694052713422829
5,12,37,29,0,43,0.0036847157525755733,4.445023990882055,0.7798862494595511
5,12,37,30,0,43,0.0029450889683350586,4.279232866226957,0.8453660728264003
5,12,37,31,0,43,0.0031918063872873282,4.373030181460355,0.8453543941260152
5,12,37,32,0,43,0.0028691079209910856,4.337381197228568,0.8067328425832164
5,12,37,33,0,43,0.003172306346229626,4.157830202059914,0.8209847559855452
5,12,37,34,0,43,0.0018669558337670062,4.383524630515287,0.8302126208222463
5,12,37,35,0,43,0.0008624565716359077,4.244450675979067,0.8283573644184878
5,12,37,36,0,43,0.0015100712458259787,4.232299159133315,0.8937446644286116
5,12,37,37,0,43,0.001792132108988422,4.2400055074833105,0.8314060134258588
6,10,37,0,0,28,0.010775356571646974,3.6155137808526123,
6,10,37,1,0,28,0.010105620841145024,3.618036196477663,0.5703264975643043
6,10,37,2,0,28,0.010469256548495688,3.639173097743023,0.6129521976136008
6,10,37,3,0,28,0.010943089219661679,3.6290281744805064,0.6899119610575868
6,10,37,4,0,28,0.008531771570117194,3.617183728364052,0.608889653824031
6,10,37,5,0,28,0.00939616586002574,3.612706950579104,0.6582680573261995
6,10,37,6,0,28,0.008665842671518903,3.5914224590827795,0.7234174186910696
6,10,37,7,0,28,0.00857779920300774,3.6187011933077553,0.7066017085990692
6,10,37,8,0,28,0.00805656061390242,3.645832939139896,0.7221947048979234
6,10,37,9,0,28,0.007385903494786021,3.6346898333477027,0.7573804192033164
6,10,37,10,0,28,0.007133602304720693,3.564589890018633,0.6701221594466946
6,10,37,11,0,28,0.0069413809057486415,3.6061613204008713,0.6891198888751522
6,10,37,12,0,28,0.006407453071282682,3.585240921808568,0.7444312396377569
6,10,37,13,0,28,0.00448838164041598,3.5035458496565295,0.7985329686510576
6,10,37,14,0,28,0.005211945161556186,3.5329821357173046,0.7207468523304994
6,10,37,15,0,28,0.005106604848471049,3.6293383656132034,0.7894454890451992
6,10,37,16,0,28,0.004684842726945759,3.5599203709086438,0.8269329435240385
6,10,37,17,0,28,0.0045488929188167064,3.5715527308461157,0.7469652782203808
6,10,37,18,0,28,0.0018391962840468095,3.529765558444742,0.6907197276607255
6,10,37,19,0,28,0.001458424645608327,3.4149251460362398,0.8898485187394904
6,10,37,20,0,28,0.0027691489913015386,3.5801674964619856,0.7556188124621266
6,10,37,21,0,28,0.0030399889310186584,3.4532380402043694,0.7274607133724748
6,10,37,22,0,28,0.0024302370496131435,3.4849383899136424,0.854081734415706
6,10,37,23,0,28,0.001385540830483355,3.4846226535886697,0.8348998555769042
6,10,37,24,0,28,0.0018741734352235825,3.343641412942349,0.8168510840878405
6,10,37,25,0,28,0.0006986143447755751,3.4971207957973203,0.8958221319327244
6,10,37,26,0,28,0.000978095146547949,3.093496695894222,0.8189298153595532
6,10,37,27,0,28,0.0007002794380381018,2.971992193635254,0.8807423660326736
6,10,38,28,0,66,0.009501258051861094,5.497707699742508,0.8129835269007472
6,10,38,29,0,66,0.011251387915448892,5.5376911860302025,0.8146666472714119
6,10,38,30,0,66,0.009819851403221993,5.491794383326016,0.8141391329727091
6,10,38,31,0,66,0.008809926852230733,5.495588042234288,0.8216110733005365
6,10,38,32,0,66,0.010116278145636618,5.560405982762401,0.8251154269142044
6,10,38,33,0,66,0.008642139572319942,5.495685191472207,0.8020971033953317
6,10,38,34,0,66,0.007819750614813993,5.498211589255521,0.8632703001630107
6,10,38,35,0,66,0.006625942856650074,5.529988334785947,0.9190051736702255
6,10,38,36,0,66,0.007087014493529158,5.574201209341599,0.8351091508871485
6,10,38,37,0,66,0.008202951692226422,5.604476496042659,0.806093973007326
6,10,38,38,0,66,0.00628190012298306,5.476301223698891,0.8661509349213836
3,22,37,0,0,10,0.0037323609609053337,2.1958707906452317,
3,22,37,1,0,10,0.002430664047664895,2.1949228342163836,0.6466209992489969
3,22,37,2,0,10,0.003194828762325916,2.1837850773426917,0.5225885947504818
3,22,37,3,0,10,0.001971860436324726,2.1973281557482953,0.7466472098898616
3,22,37,4,0,10,0.001354225567856008,2.1660114301092817,0.8170955454172653
3,22,37,5,0,10,0.0008634514011973303,2.2119205690078787,0.8120490153443841
3,22,37,6,0,10,0.0007212833469066648,2.0851022005285818,0.7661155530264454
3,22,37,7,0,10,0.0011298123826418238,2.1708155356879946,0.7596833803511107
3,22,37,8,0,10,0.0011318790114878566,2.0346753718554833,0.7122540931083627
3,22,37,9,0,10,0.0005177952650302106,2.0387217483898654,0.8778673958077216
3,22,38,10,0,48,0.006077395580204686,4.621174024479031,0.768015201422385
3,22,38,11,0,48,0.007669959982716242,4.6435619972819495,0.6722672557561181
3,22,38,12,0,48,0.006973827756933842,4.640406597856488,0.6802204237171607
3,22,38,13,0,48,0.008555462936657278,4.605908327895161,0.8078054662162244
3,22,38,14,0,48,0.00595958430062084,4.658610818369954,0.7519513004466334
3,22,38,15,0,48,0.006295887867452042,4.577497672565661,0.7155697725713743
3,22,38,16,0,48,0.005794459803770953,4.493546420933782,0.752984168100682
3,22,38,17,0,48,0.005785895743638257,4.587654514780239,0.665373718492276
3,22,38,18,0,48,0.0038901361388161597,5.336464463559724,0.7508110454400986
3,22,38,19,0,48,0.004049555646422959,4.582315216598662,0.7642960318548192
3,22,38,20,0,48,0.003252349527776591,4.604224354735546,0.7856463678447226
3,22,38,21,0,48,0.003892281376982202,4.663921294064943,0.7664815318544979
3,22,38,22,0,48,0.0030103343307631815,4.628648585411042,0.8175264227097246
3,22,38,23,0,48,0.0034630685064299185,4.474126220036221,0.8697540645787291
3,22,38,24,0,48,0.003314405854370783,4.64583331199944,0.7384327965741102
3,22,38,25,0,48,0.003420355657454483,4.452938845389354,0.7102641361378867
3,22,38,26,0,48,0.0026184647896814526,5.985249069561907,0.7554078514376058
3,22,38,27,0,48,0.0015587303822768772,4.584354286584462,0.8313142310960647
3,22,38,28,0,48,0.0022080318817392546,4.566952788648658,0.7943328124035294
3,22,38,29,0,48,0.0018743828683029323,6.153517001909356,0.7953707397187898
3,22,38,30,0,48,0.0013294535725918452,5.3470301141005026,0.7432484819322329
3,22,38,31,0,48,0.0011052486475673542,4.568171560405377,0.8053696885128462
3,22,38,32,0,48,0.0010012245975341203,4.892371116959934,0.7625635488178489
3,22,38,33,0,48,0.0014896766965735169,4.459441768629101,0.8562414560830534
3,22,38,34,0,48,0.0012690232865738057,4.492627568962247,0.895485742602974
3,22,38,35,0,48,0.0013109251922547545,4.596989291484623,0.8638250053501069
3,22,38,36,0,48,0.000793885397506103,4.438178654423637,0.9053689482023279
3,22,38,37,0,48,0.0005424075116487399,4.492269619381109,0.777704261439609
3,22,38,38,0,48,0.0007602684992769675,4.3928566887766065,0.8715411844557546
4,16,38,0,0,21,0.008146229906714922,3.188341370838131,
4,16,38,1,0,21,0.006309005845953577,3.137456294313624,0.3049887675407217
4,16,38,2,0,21,0.0066631676306989395,3.1511888914898942,0.4694753582606388
4,16,38,3,0,21,0.0062241722937291235,3.1757322399842063,0.6847022575267527
4,16,38,4,0,21,0.004914204917776767,3.1690184038285465,0.741528509359521
4,16,38,5,0,21,0.004835150393588615,3.1965311944458543,0.7325552605838185
4,16,38,6,0,21,0.0035288985447558202,3.1209031516092076,0.7343751307422745
4,16,38,7,0,21,0.005000909277092269,3.160840905042003,0.75945753576117
4,16,38,8,0,21,0.0039903501118460916,3.1922990681276917,0.7540662161662848
4,16,38,9,0,21,0.0033824099235957978,3.1373783597894924,0.740669125557492
4,16,38,10,0,21,0.004079090602207731,3.177801728067568,0.7767413764222528
4,16,38,11,0,21,0.0027586399483958105,3.158218157771592,0.7976230221543403
4,16,38,12,0,21,0.001583064574946487,3.1511069860225644,0.8007186280097301
4,16,38,13,0,21,0.0015397730619385243,3.1911882415421537,0.7500312759685539
4,16,38,14,0,21,0.0020109445985540104,3.1420116429778187,0.8216191065477114
4,16,38,15,0,21,0.0015822111000296363,3.0721641723822906,0.8152476568306158
4,16,38,16,0,21,0.0012246759933155031,3.1859331997079634,0.8276163598165164
4,16,38,17,0,21,0.001287822192548941,2.9142422902650753,0.8304429832123777
4,16,38,18,0,21,0.0006270299588456891,2.812419581909721,0.8505913033806327
4,16,38,19,0,21,0.000650237633174205,2.896180511440085,0.8295633176843207
4,16,38,20,0,21,0.0005839667902282064,2.7496325550608933,0.8858565878836558
4,16,39,21,0,60,0.006118585324170908,5.178141615380624,0.7574176313507515
4,16,39,22,0,60,0.00787379695895616,5.237216601642287,0.8082986170765597
4,16,39,23,0,60,0.007234430865575594,5.243288852317694,0.8147389878292542
4,16,39,24,0,60,0.008175516848151822,5.189408997470214,0.7712288041355327
4,16,39,25,0,60,0.007954041652332067,5.243704481115698,0.8015983232683181
4,16,39,26,0,60,0.006481520778167835,5.256044107606601,0.8196918149734911
4,16,39,27,0,60,0.0058546628137151,5.219812768690059,0.8371931798376415
4,16,39,28,0,60,0.005438281825713144,5.2583930531414875,0.8411900660773454
4,16,39,29,0,60,0.004464005659698295,5.225674680182918,0.8233638052296511
4,16,39,30,0,60,0.005324891804170477,5.2546580332978134,0.8470114431050134
4,16,39,31,0,60,0.004229928001466297,5.290106632024156,0.8991436419700026
4,16,39,32,0,60,0.005203335676430951,5.275302754370696,0.8115350748258155
4,16,39,33,0,60,0.007193681248751617,5.232087511524487,0.8329575449031044
4,16,39,34,0,60,0.003243911478594025,5.18028257115288,0.8224851270820495
4,16,39,35,0,60,0.004839596293207375,5.278741071575625,0.8934097644948958
4,16,39,36,0,60,0.0036185784554174623,5.2267700167017,0.8748568417223728
4,16,39,37,0,60,0.004357742349933825,5.3557514094985095,0.845279333768109
4,16,39,38,0,60,0.0023225223095172253,5.193323008568253,0.8217586669279444
4,16,39,39,0,60,0.003882396327572894,5.254781528152743,0.9222379858739485
7,9,39,0,0,24,0.009133791670599162,3.4150915029724453,
7,9,39,1,0,24,0.008887109740185004,3.4011499793748676,0.5907018709533505
7,9,39,2,0,24,0.007514205296742541,3.4012921124245437,0.7334634015523196
7,9,39,3,0,24,0.00829296287066748,3.3576506420184677,0.6551202456013312
7,9,39,4,0,24,0.006682170795667304,3.365837426745519,0.5857549886691735
7,9,39,5,0,24,0.006637837634541985,3.4279323892621165,0.7949682613855455
7,9,39,6,0,24,0.005683770340687925,3.380562335886217,0.7594242752047946
7,9,39,7,0,24,0.0047767107613094556,3.3712489357109154,0.6633463019039039
7,9,39,8,0,24,0.007037494684081786,3.3694773669073017,0.7366783125581713
7,9,39,9,0,24,0.005705645067288703,3.3824390528266517,0.7613468371421556
7,9,39,10,0,24,0.004813209400650113,3.3525351574807636,0.7171980422140458
7,9,39,11,0,24,0.004458888389514527,3.284684452628539,0.7250593379808647
7,9,39,12,0,24,0.004666034693933548,3.4588306413489978,0.7735554344566605
7,9,39,13,0,24,0.0032239047485077854,3.2894876471462897,0.7211548822023743
7,9,39,14,0,24,0.0036554494979091834,3.3773776834004994,0.7776883233212211
7,9,39,15,0,24,0.0038821488141483245,3.400644904674085,0.8203316835336277
7,9,39,16,0,24,0.0029346768722468375,3.350671775958363,0.7564269268846947
7,9,39,17,0,24,0.00202080960992325,3.3552284837583657,0.7837591548047185
7,9,39,18,0,24,0.0017228891166244447,3.365500196172896,0.8315464950335251
7,9,39,19,0,24,0.003007760757068158,3.246058672479853,0.7676631655444014
7,9,39,20,0,24,0.0013267860107308187,3.2879080578324547,0.8638397560451572
7,9,39,21,0,24,0.0015183885848378323,3.3127482343348427,0.8900724483588497
7,9,39,22,0,24,0.0003001770624474002,3.2521094803499464,0.8012695887010043
7,9,39,23,0,24,0.0008049553443305034,2.919056649254879,0.8649702735684874
7,9,40,24,0,64,0.010654487140835122,5.427882866262015,0.7637207991972567
7,9,40,25,0,64,0.010230853851971386,5.559417260425141,0.7737004900618325
7,9,40,26,0,64,0.008691534755062364,5.470213661175781,0.8036183379777786
7,9,40,27,0,64,0.009343934654291664,5.454558011815942,0.7608191491182061
7,9,40,28,0,64,0.009382282568842883,5.397005807218421,0.8573571806473067
7,9,40,29,0,64,0.007123098719825034,5.8707992890073255,0.7542178073582703
7,9,40,30,0,64,0.006309492773963414,5.906274070788818,0.8050089502102383
7,9,40,31,0,64,0.007164699879554505,5.451949986948378,0.8134023981165877
7,9,40,32,0,64,0.007946873052932797,5.4553674525202815,0.792379283591077
7,9,40,33,0,64,0.0054438254144228105,5.4737672475477925,0.8217674656993605
7,9,40,34,0,64,0.0048903646570262445,5.43122853307727,0.8505589175733451
7,9,40,35,0,64,0.0065875500175021475,5.875866061598647,0.8530872458778535
7,9,40,36,0,64,0.005185138401418833,5.4051370700482,0.8055592648682142
7,9,40,37,0,64,0.005382412066781901,5.515706951972367,0.8288653305645761
7,9,40,38,0,64,0.005216361147004231,5.406746374883467,0.8391878580584958
7,9,40,39,0,64,0.0038884603383115093,5.43040304907614,0.8095452831660126
7,9,40,40,0,64,0.0037118603315081473,5.498422190182672,0.8399863774783305
3,23,39,0,0,21,0.004065082172107041,3.1573251447120554,
3,23,39,1,0,21,0.004016590681631,3.130357017198587,0.21468371468368597
3,23,39,2,0,21,0.004785841722257009,3.1704423257869134,0.6768513321310081
3,23,39,3,0,21,0.004884332824977619,3.133650996309137,0.7048803664528935
3,23,39,4,0,21,0.0030341193356265765,3.089439138750297,0.6884814284883127
3,23,39,5,0,21,0.004697712856883309,3.1578328247440695,0.7437771868145469
3,23,39,6,0,21,0.0033634493104963263,3.096210541444751,0.7117297510876461
3,23,39,7,0,21,0.0031177633435637135,3.230129217956762,0.7888690862586936
3,23,39,8,0,21,0.002928363653705408,3.0795400935760755,0.6970269867850947
3,23,39,9,0,21,0.0021553285838048835,3.1446104861396167,0.7508084378566677
3,23,39,10,0,21,0.0022050522426385606,3.1149214387658937,0.7816979935454527
3,23,39,11,0,21,0.002674542034809628,3.125094972235488,0.6878740877025775
3,23,39,12,0,21,0.0015014509542058906,3.0625733903331245,0.8505129413359008
3,23,39,13,0,21,0.0013738372823744465,3.129548858988672,0.8024687389848124
3,23,39,14,0,21,0.0012157503168116117,3.0514629481678446,0.7565977481573505
3,23,39,15,0,21,0.0010724342590502354,3.00735818377384,0.8157056793200084
3,23,39,16,0,21,0.0007328161948796164,3.1129759050192436,0.8283793239786468
3,23,39,17,0,21,0.0011822590771066496,3.1206518901705746,0.8384770323766241
3,23,39,18,0,21,0.0002746749934931128,2.7998488975979132,0.8724184998241652
3,23,39,19,0,21,0.0005476128269377279,3.0903706114239924,0.9489253808831074
3,23,39,20,0,21,0.0002572809251964652,2.358115776415558,0.9845520299937022
3,23,40,21,0,61,0.005843965412730005,6.313382126228481,0.7529398787207285
3,23,40,22,0,61,0.003962496676506523,5.185042751669074,0.7535909106798839
3,23,40,23,0,61,0.005541638694532374,5.21161421966652,0.842832994469791
3,23,40,24,0,61,0.0060340633567726445,5.172251439972056,0.6963763919964938
3,23,40,25,0,61,0.004366916194012502,5.282022409652282,0.8494212632650251
3,23,40,26,0,61,0.0034430477188188394,5.3376141827027395,0.736817187543797
3,23,40,27,0,61,0.003740407297724706,5.265577664918741,0.7718862445167728
3,23,40,28,0,61,0.002514296489409779,5.186198813147702,0.7973644321782625
3,23,40,29,0,61,0.0031588485362860647,5.234006644229728,0.851564671085941
3,23,40,30,0,61,0.003510060023676874,5.251290745607935,0.7734626006075755
3,23,40,31,0,61,0.0030006479457071037,5.210365910141463,0.8386301470905979
3,23,40,32,0,61,0.002064789525405275,5.294472213814784,0.7475648072633413
3,23,40,33,0,61,0.0022894767698919843,5.1715259212055535,0.8483743280594372
3,23,40,34,0,61,0.0018401209055202512,5.272187781036771,0.8294998552225624
3,23,40,35,0,61,0.0024524179293596467,5.422323573048988,0.8326312402424736
3,23,40,36,0,61,0.0023332479646897496,5.240819305246549,0.8381461169169695
3,23,40,37,0,61,0.001830765800539286,5.277088002098529,0.9188307175235311
3,23,40,38,0,61,0.0012563354686464722,5.220804435461859,0.8636424298091296
3,23,40,39,0,61,0.0014815147274363535,5.243389182768395,0.8458791495811678
3,23,40,40,0,61,0.0009760951697815036,5.101003343671223,0.8675303452938306
5,13,40,0,0,40,0.013359790782110756,4.267577717999511,
5,13,40,1,0,40,0.01300175652808976,4.256569420428388,0.47845569585436065
5,13,40,2,0,40,0.010003409474699285,4.2591139454249864,0.6844758463276781
5,13,40,3,0,40,0.014773000504140096,4.248353649571091,0.5980041122098263
5,13,40,4,0,40,0.012107525899352583,4.250248195852756,0.7133638648476177
5,13,40,5,0,40,0.010874725089529384,4.233815314304073,0.6867023614392209
5,13,40,6,0,40,0.009500686037330792,4.265539185379818,0.7248247241972068
5,13,40,7,0,40,0.011451994132596961,4.23121525354218,0.748284540578686
5,13,40,8,0,40,0.008978868753675137,4.226562607999826,0.7055520524335657
5,13,40,9,0,40,0.010562289179424205,4.238713049470038,0.7450423803102906
5,13,40,10,0,40,0.008329257599046784,4.19505779559969,0.7290902558261202
5,13,40,11,0,40,0.01057275682020383,4.245411095971802,0.6934501236261088
5,13,40,12,0,40,0.007901472445630003,4.25237004271863,0.7266545500072279
5,13,40,13,0,40,0.007668457610451861,4.2269352244672005,0.7466607721222076
5,13,40,14,0,40,0.00839657554576902,4.211979661217204,0.6508393070007426
5,13,40,15,0,40,0.007963591811247376,4.2435416717069385,0.7604508029127183
5,13,40,16,0,40,0.004481793055253949,4.225387710553338,0.75306438301127
5,13,40,17,0,40,0.006560660426039543,4.2261091744263375,0.6788503698157693
5,13,40,18,0,40,0.006047759738179925,4.204201278067947,0.8136454107386701
5,13,40,19,0,40,0.005744614242666143,4.250970554224239,0.7605042134867975
5,13,40,20,0,40,0.005049356238129512,4.199625313000122,0.7337752260122223
5,13,40,21,0,40,0.004103298204803984,4.190442654990426,0.7456700436048465
5,13,40,22,0,40,0.003103056857464472,4.182836263298801,0.8061183254987082
5,13,40,23,0,40,0.0049261330212887165,4.201618485560626,0.7269885091619427
5,13,40,24,0,40,0.0032893905917366698,4.0885316111812395,0.812164139530893
5,13,40,25,0,40,0.0030093515387994768,4.265492355543945,0.7737344626939917
5,13,40,26,0,40,0.0036082535603187667,4.18907705285614,0.8492540690547123
5,13,40,27,0,40,0.0029261586222576064,4.1582233657935,0.823632427373135
5,13,40,28,0,40,0.0028316382870865694,4.139525718233442,0.8053797888601768
5,13,40,29,0,40,0.001979020561130385,4.184032130130008,0.857156696024193
5,13,40,30,0,40,0.0016384982263583866,4.061592462102893,0.7692746590829362
5,13,40,31,0,40,0.0017865358337104916,4.155348003888733,0.8135437785765278
5,13,40,32,0,40,0.002287681854022023,4.188306381832576,0.8181131407059087
5,13,40,33,0,40,0.0019280802243926698,4.106771500389273,0.8169415894194574
5,13,40,34,0,40,0.0012817848464157335,3.857668535141482,0.9243764482279088
5,13,40,35,0,40,0.0009307629966435852,4.080921382632596,0.7469472931737496
5,13,40,36,0,40,0.0005510757235190532,4.024044116176376,0.8020283981524254
5,13,40,37,0,40,0.001213091820830375,3.952941534021838,0.8466481599656872
5,13,40,38,0,40,0.0007115733781754713,3.523864429183719,0.806338027770789
5,13,40,39,0,40,0.0002076367077035313,3.4808040429232165,0.8002226668416729
5,13,41,40,0,81,0.00780579732239967,6.2450451293592515,0.8845139118424594
5,13,41,41,0,81,0.007869807622270956,6.1329589126447885,0.8928567851772661
8,8,40,0,0,36,0.013809662685736418,4.103980623215585,
8,8,40,1,0,36,0.012280544285093363,4.096095180033988,0.6561191038817173
8,8,40,2,0,36,0.013211604341396085,4.089533068453822,0.7127793735708083
8,8,40,3,0,36,0.00996985696087634,4.079418648810724,0.7281006239305039
8,8,40,4,0,36,0.011816556263532273,4.091802179280933,0.705980717610434
8,8,40,5,0,36,0.00984153214501767,4.091594117219187,0.7788389947140373
8,8,40,6,0,36,0.011894353065894198,4.064604672923953,0.6333542684839735
8,8,40,7,0,36,0.007979019602204065,4.089824569049035,0.6689640470244129
8,8,40,8,0,36,0.009891934250244308,4.070753763712608,0.6964834283805819
8,8,40,9,0,36,0.008880487754035452,4.083057706062372,0.588431611152598
8,8,40,10,0,36,0.009764912343352215,4.0408751231684406,0.6798828951819736
8,8,40,11,0,36,0.008127198918687533,4.101853737537303,0.6812151433834461
8,8,40,12,0,36,0.006856398321247693,4.07508909698262,0.7148601118891914
8,8,40,13,0,36,0.007367824252782106,4.073965509891438,0.7858735430702908
8,8,40,14,0,36,0.007163133140201736,4.1054505002752935,0.8193044888806755
8,8,40,15,0,36,0.005532465002957327,4.017655583247362,0.8072095220129952
8,8,40,16,0,36,0.007102056794882533,4.085766727536575,0.7477923916140085
8,8,40,17,0,36,0.006205192782162927,4.100227868527083,0.7971150204157792
8,8,40,18,0,36,0.005345942468988218,4.05409502749785,0.7829324597926473
8,8,40,19,0,36,0.0054657376782019425,4.076293451681853,0.7743452103239321
8,8,40,20,0,36,0.002921553580620064,4.064282858367854,0.7532019565898139
8,8,40,21,0,36,0.005391445966132248,4.07133734663069,0.7863101082384769
8,8,40,22,0,36,0.00386359080992642,4.003254350834685,0.7475084857280142
8,8,40,23,0,36,0.004158003288786529,3.9198224415090204,0.787965442919149
8,8,40,24,0,36,0.0018539692719270458,3.974517059478173,0.8160264089857149
8,8,40,25,0,36,0.003398809930635303,3.9351071467439898,0.7931745351659611
8,8,40,26,0,36,0.0025714246198097154,4.0166216866136075,0.7534926492440643
8,8,40,27,0,36,0.0031405987924263664,3.959564637459285,0.8323920548486508
8,8,40,28,0,36,0.0018758768521195581,3.9088233704676094,0.8471686328017052
8,8,40,29,0,36,0.0014929185237046378,3.966832467644251,0.8510216899293415
8,8,40,30,0,36,0.0015845323262738422,3.799313268881369,0.6835789919224577
8,8,40,31,0,36,0.0016523345192966659,3.937904932004919,0.8922433014044246
8,8,40,32,0,36,0.0008898210781212719,3.865208442315182,0.8715099762351374
8,8,40,33,0,36,0.0010293590114342777,3.803714251197297,0.8711493095111864
8,8,40,34,0,36,0.0003364484252267462,3.5914441011183094,0.8171098535520415
8,8,40,35,0,36,0.0005258184191303488,3.692574315210747,0.8383510779010473
8,8,41,36,0,77,0.009068752956560532,5.960348235679112,0.8507413984238265
8,8,41,37,0,77,0.008581593728177146,6.010322003569701,0.7816685771344647
8,8,41,38,0,77,0.00909092136919855,6.015329057658041,0.8754882993195809
8,8,41,39,0,77,0.009960428139144509,7.2137232153287165,0.8130613248898116
8,8,41,40,0,77,0.008237685528618918,6.035132173060934,0.842622527307659
8,8,41,41,0,77,0.006132964550408717,6.005115065824214,0.8804634353621997
4,17,40,0,0,4,0.0011003317959543287,1.41995162911652,
4,17,40,1,0,4,0.0013704258039159774,1.419591342859888,0.6083158544175674
4,17,40,2,0,4,0.0009759535003430745,1.4317113775782933,0.8858847016884797
4,17,40,3,0,4,0.0010722195744322,1.3100686830136923,0.5920375351252565
4,17,41,4,0,45,0.011551882566068183,4.526895382916165,0.679369773250982
4,17,41,5,0,45,0.009652181681149612,4.5157760436960555,0.7056583186749426
4,17,41,6,0,45,0.008702311877434796,4.495608285449037,0.6486214044317009
4,17,41,7,0,45,0.009766802099742188,4.524048458509215,0.74021160288488
4,17,41,8,0,45,0.008458624703385471,4.453004350063861,0.6750970301076462
4,17,41,9,0,45,0.007861128181974037,4.4814166318127056,0.69932290066799
4,17,41,10,0,45,0.00868150906023338,4.547758077357526,0.7439884519139505
4,17,41,11,0,45,0.010134021287056351,4.471671865386117,0.7207783537713632
4,17,41,12,0,45,0.00801416169850415,4.47628707362987,0.6503306019406909
4,17,41,13,0,45,0.008678476617680193,4.509955268799371,0.7371954536569107
4,17,41,14,0,45,0.006199347709483788,4.44587342074956,0.7824310764726985
4,17,41,15,0,45,0.00735618710914582,4.502788973138298,0.7948484076613673
4,17,41,16,0,45,0.005855315815283419,4.506905056515616,0.7813330235542627
4,17,41,17,0,45,0.0064459624204832085,4.527708897983299,0.7178671658766982
4,17,41,18,0,45,0.007350396443674812,4.527281359494332,0.8669821120819345
4,17,41,19,0,45,0.004276398633802969,4.381393126222669,0.7296886945494304
4,17,41,20,0,45,0.00427775612497664,4.467102762253828,0.731957942713458
4,17,41,21,0,45,0.005382474887177197,4.486866450121304,0.7678918313087552
4,17,41,22,0,45,0.004385017969270128,4.442417504052505,0.7945535605707397
4,17,41,23,0,45,0.004087718275306439,4.530817902757635,0.8127512559935445
4,17,41,24,0,45,0.004303433697731458,4.413797989367379,0.8449531846641934
4,17,41,25,0,45,0.003848940343793829,4.4613483311997895,0.7952311778036998
4,17,41,26,0,45,0.002735915061959494,4.426027887773715,0.746178440876585
4,17,41,27,0,45,0.0026728722589284145,4.371729543874622,0.8344650584849089
4,17,41,28,0,45,0.0022362790785946276,4.444763512978863,0.7689004312038721
4,17,41,29,0,45,0.003257006875774099,4.3411600002346695,0.7330037620095669
4,17,41,30,0,45,0.0024438103168277422,4.318443065273604,0.8146992595327504
4,17,41,31,0,45,0.0039715957985658286,4.524797301164896,0.8402841146616036
4,17,41,32,0,45,0.002873280219694587,4.4496606236451814,0.7305165535031382
4,17,41,33,0,45,0.0020605489235687494,4.410842926011451,0.793371640963587
4,17,41,34,0,45,0.0012312465384940652,4.49608288022817,0.7620906428652761
4,17,41,35,0,45,0.0017858285044620446,4.4082076785220385,0.8227890783553968
4,17,41,36,0,45,0.0014081129838502252,4.401875657178414,0.8790065055028959
4,17,41,37,0,45,0.0012024555519124416,4.312649468936537,0.8426273239567377
4,17,41,38,0,45,0.0008790934268112749,4.22931170714004,0.8361652983721228
4,17,41,39,0,45,0.0010797834603164301,4.264068937959129,0.8522655201820726
4,17,41,40,0,45,0.0007436492892351528,4.284437613169477,0.8226685184905893
4,17,41,41,0,45,0.0006231545107450453,4.1863643565226125,0.8984849228966542
6,11,41,0,0,36,0.0120656720120426,4.098245174513537,
6,11,41,1,0,36,0.009864790259607183,4.121221309808132,0.6336762515760865
6,11,41,2,0,36,0.01043432245353053,4.10893134520252,0.6853265494764611
6,11,41,3,0,36,0.010327284433000067,4.076328769599554,0.5904378472254442
6,11,41,4,0,36,0.010992024486947275,4.0944430029664955,0.7295859085936922
6,11,41,5,0,36,0.008493744191761179,4.075135003644442,0.6559805779091614
6,11,41,6,0,36,0.010289916394725549,4.082121734241913,0.7930750962042329
6,11,41,7,0,36,0.010665797035119329,4.070527374259409,0.7435913172893822
6,11,41,8,0,36,0.006626025846788615,4.095908299394407,0.7362575777265622
6,11,41,9,0,36,0.008730800501412695,4.102033690315794,0.8150760438489154
6,11,41,10,0,36,0.009972151159432355,4.025343523131841,0.6540641705433952
6,11,41,11,0,36,0.00619364854454767,4.0532334873037605,0.7814599542698528
6,11,41,12,0,36,0.007622052008756084,4.104206594663953,0.8122854042431448
6,11,41,13,0,36,0.005867270305144988,4.096547459901516,0.6892381754650209
6,11,41,14,0,36,0.005238289573078498,4.0996516861476895,0.6860071591323234
6,11,41,15,0,36,0.004903491895695904,4.0614810330996,0.6839754785569141
6,11,41,16,0,36,0.0043571024669703026,4.100284788607739,0.7319299284253387
6,11,41,17,0,36,0.003764766854782807,4.042029764997629,0.7380506073566026
6,11,41,18,0,36,0.004548771104280655,4.0747552687082145,0.8054301139937281
6,11,41,19,0,36,0.002902404629236088,3.984403224842549,0.8020003493820844
6,11,41,20,0,36,0.003869469043879319,4.033310075670509,0.8279001967595225
6,11,41,21,0,36,0.003114338719219871,3.9785245221321377,0.74036855379698
6,11,41,22,0,36,0.004028522051889928,4.060191047420855,0.7459999939792379
6,11,41,23,0,36,0.004348888230960559,3.9981441280755896,0.8387267054339843
6,11,41,24,0,36,0.003591127670127815,3.9167173688309016,0.7125295460024648
6,11,41,25,0,36,0.002650775050946911,3.9317984963549235,0.7989167059796304
6,11,41,26,0,36,0.0028271341475436485,4.090271865701215,0.7944140803050457
6,11,41,27,0,36,0.0018255107575371615,4.027041622502435,0.7529606491094347
6,11,41,28,0,36,0.0025603321326172573,4.003717959959377,0.8050927172256838
6,11,41,29,0,36,0.001962826127260775,3.9879947280311003,0.7792433469007961
6,11,41,30,0,36,0.0009100882738944539,3.8400340016020906,0.8753260885181774
6,11,41,31,0,36,0.001235499930899948,3.883711536503812,0.7713792614705153
6,11,41,32,0,36,0.0010838137154778335,4.051150869680629,0.8066959331816804
6,11,41,33,0,36,0.0007622513658805407,3.701681740377996,0.8360367849685536
6,11,41,34,0,36,0.0010200913682836188,3.3421742864257435,0.8386745686572533
6,11,41,35,0,36,6.31311623672022e-05,3.58907471722879,0.893842506869879
6,11,42,36,0,78,0.007621752872664418,6.052109588203801,0.826153047669552
6,11,42,37,0,78,0.00871507697791363,6.112092886515056,0.8516739780498163
6,11,42,38,0,78,0.008175006988780818,7.567608918174572,0.8183186516229488
6,11,42,39,0,78,0.007572056959310665,6.0603864160790435,0.8625421354336653
6,11,42,40,0,78,0.007861703208517206,6.087011397259266,0.8406667599611141
6,11,42,41,0,78,0.0061474500970904985,6.0455013217765465,0.9160474135580402
6,11,42,42,0,78,0.006881833959361125,6.093646955586044,0.8817468540473472
3,24,41,0,0,33,0.007432797886193758,3.924720759989786,
3,24,41,1,0,33,0.006661995129594914,3.8890994401224543,0.6503294634743295
3,24,41,2,0,33,0.007212753767873384,3.911885057689637,0.6293766029870991
3,24,41,3,0,33,0.007074957625046994,3.8833854963355967,0.5979061119343108
3,24,41,4,0,33,0.007372016519967276,3.855132474404015,0.6914170270118307
3,24,41,5,0,33,0.006191082888743756,3.8577155376919485,0.6333004054260697
3,24,41,6,0,33,0.0035031358776621366,3.764622256139209,0.6727999514148197
3,24,41,7,0,33,0.005916179206727817,3.8533386750319254,0.7109878800262726
3,24,41,8,0,33,0.004656312849859969,3.883148667031055,0.7439415101406401
3,24,41,9,0,33,0.005456531831724505,3.829885190903943,0.7233197926134391
3,24,41,10,0,33,0.004570693770411552,3.861543798101817,0.6715278998162325
3,24,41,11,0,33,0.0028186766399065817,3.762028823013249,0.764052193198608
3,24,41,12,0,33,0.004211227163110504,3.7556859475267013,0.7986971915673917
3,24,41,13,0,33,0.0034030879613697767,3.8379605767470646,0.808335932006571
3,24,41,14,0,33,0.002367889652319148,3.7107121435343364,0.7616205185937702
3,24,41,15,0,33,0.003219297146838275,3.840221784552212,0.7119898652539944
3,24,41,16,0,33,0.0026869744796110544,3.8732699953544696,0.8468530915437533
3,24,41,17,0,33,0.0033820891111758984,3.9364898216855235,0.7265352122990467
3,24,41,18,0,33,0.0015390429950749348,3.804390673451861,0.7253006785403862
3,24,41,19,0,33,0.0021590878656366,3.7617597603639594,0.7055243038566399
3,24,41,20,0,33,0.002076200941686908,3.8385662315479987,0.7890209677194933
3,24,41,21,0,33,0.0010619349544964249,3.6700263254082617,0.7676714233110369
3,24,41,22,0,33,0.0016564524646793676,3.787990235875274,0.8596642693861627
3,24,41,23,0,33,0.0011969047271773751,3.7804975962002727,0.8883400113396259
3,24,41,24,0,33,0.0012120380932879667,3.7272148130512326,0.769896929090212
3,24,41,25,0,33,0.0006736747857282923,3.6544902520892375,0.8517381465754464
3,24,41,26,0,33,0.0008451336828227739,3.6319457965690862,0.7760591343566532
3,24,41,27,0,33,0.0004404131130828661,3.4838874394864305,0.8920138805261879
3,24,41,28,0,33,0.0006549303899530857,3.7170873401248152,0.8264124862712957
3,24,41,29,0,33,0.00023948561974705167,3.2467022728043355,0.7871539860447628
3,24,41,30,0,33,0.0003010647450916258,3.377256285311105,0.893611257593853
3,24,41,31,0,33,0.00037253472679519856,3.053417303494974,0.8529599697819615
3,24,41,32,0,33,0.00015797120510518376,2.2121561705252293,0.8426910514769793
3,24,42,33,0,75,0.0035417112904113767,5.836159993144268,0.7978914269754216
3,24,42,34,0,75,0.0031321069301281416,5.843849708934273,0.8711403455122986
3,24,42,35,0,75,0.002641091593224799,5.843870365136086,0.7836594982528442
3,24,42,36,0,75,0.0030746784081424144,5.841400602745622,0.7552258795793578
3,24,42,37,0,75,0.0033938971209087135,5.851769757336159,0.7785196023000995
3,24,42,38,0,75,0.002723925236198871,6.059438057136734,0.8437346689088776
3,24,42,39,0,75,0.0033828114878952553,5.872969424488484,0.8618045707274562
3,24,42,40,0,75,0.002761272167680223,5.8441235931242765,0.8437201320932535
3,24,42,41,0,75,0.002332453645580532,5.890145518493587,0.8594721181919791
3,24,42,42,0,75,0.001961052783025795,5.876468747786268,0.9044934681724991
3,25,42,0,0,3,0.0007503448699482507,1.234208571465706,
3,25,42,1,0,3,0.0009661423512481193,1.092077465057943,0.06439699480460193
3,25,42,2,0,3,0.0003227808250576487,1.0899199104511554,0.8342792428580975
3,25,43,3,0,46,0.008068513810321035,4.5159656268878505,0.6123479326574925
3,25,43,4,0,46,0.007216559732052954,4.509229987048024,0.6913528937776521
3,25,43,5,0,46,0.0075352419087357046,4.478466075466037,0.6322245030520497
3,25,43,6,0,46,0.006577781391171809,4.4841331309306645,0.6741415647907625
3,25,43,7,0,46,0.006827234943316248,4.505919581726994,0.7084258398237928
3,25,43,8,0,46,0.006181979281096455,4.493922344100095,0.6661259349993092
3,25,43,9,0,46,0.006399432145963715,4.876943512180026,0.7186271254561934
3,25,43,10,0,46,0.005097713303936656,4.5330617674010245,0.6727138614264807
3,25,43,11,0,46,0.006463452162388872,4.4961811040611215,0.6876672644149252
3,25,43,12,0,46,0.006070353448544148,4.672542081263307,0.7112927097452735
3,25,43,13,0,46,0.006319273957122408,4.530550884664372,0.7670983687934416
3,25,43,14,0,46,0.004844274949919328,4.462089740006366,0.7447400864650378
3,25,43,15,0,46,0.0034254542237202945,4.466262794448958,0.7149542144734718
3,25,43,16,0,46,0.0036941458176568223,4.38315655251495,0.7466313764466762
3,25,43,17,0,46,0.004705960434477312,4.489970339486501,0.7574955024074788
3,25,43,18,0,46,0.004114528260539346,4.528992779516264,0.7456583675586264
3,25,43,19,0,46,0.002968689262095261,4.763066421830087,0.8189515399690329
3,25,43,20,0,46,0.0033353941665127903,4.511636288524409,0.7234527488358604
3,25,43,21,0,46,0.0026638861938383302,4.517941997745703,0.759909871326375
3,25,43,22,0,46,0.0031777227190583276,4.483027021119705,0.7872495835108997
3,25,43,23,0,46,0.00270967786329021,4.420167274522061,0.8404556578243744
3,25,43,24,0,46,0.002714006243060271,4.46225024949568,0.743372237867876
3,25,43,25,0,46,0.0022840146519410645,4.433662577103485,0.7194095254208641
3,25,43,26,0,46,0.0021387297049038963,4.445934287819605,0.823162639745488
3,25,43,27,0,46,0.0015897228993643243,4.5006352747694605,0.785180529176918
3,25,43,28,0,46,0.0018945937954548695,4.449437365849052,0.7636967752733754
3,25,43,29,0,46,0.0019227312425675238,4.513044182790173,0.794846910026307
3,25,43,30,0,46,0.001077238761221515,4.450251098669346,0.7813042463910795
3,25,43,31,0,46,0.001234552752291274,4.621114139122704,0.7472271569264444
3,25,43,32,0,46,0.0010332976854312303,4.421332346241463,0.7528985393425779
3,25,43,33,0,46,0.0009174688698946159,4.389815673126676,0.781396103494392
3,25,43,34,0,46,0.0009150106489915307,4.362787286853572,0.8552251012610792
3,25,43,35,0,46,0.0010387188122074217,4.560474842837078,0.8003491080587986
3,25,43,36,0,46,0.0006485410518230678,4.29578104993716,0.8328501288030675
3,25,43,37,0,46,0.0009148468825038528,4.416657737326968,0.8549637054630636
3,25,43,38,0,46,0.0005336342813290323,4.371723017338854,0.8856286582790114
3,25,43,39,0,46,0.0004054431559636963,4.301217350057138,0.8449435560945529
3,25,43,40,0,46,0.00029369505502525547,4.108465815766109,0.7389185763338868
3,25,43,41,0,46,0.00047372082344218684,4.101710590035018,0.8121125013769269
3,25,43,42,0,46,0.00017122919944837536,3.961939128949962,0.8687809196674895
3,25,43,43,0,46,0.0002877453031547712,3.935767945670762,0.7992465077330736
5,14,43,0,0,36,0.010199549829212371,4.122257287533178,
5,14,43,1,0,36,0.010759906281703886,4.123431940751028,0.6875391491527258
5,14,43,2,0,36,0.008647161688500247,4.1355032004625185,0.6768034466548694
5,14,43,3,0,36,0.009386359608341732,4.091278006437923,0.7360134216743444
5,14,43,4,0,36,0.00962574774977683,4.098672892090603,0.6928350195439126
5,14,43,5,0,36,0.008707618509145846,4.098350554811131,0.639266067675013
5,14,43,6,0,36,0.00836609284827412,4.081909692491803,0.7296787059918799
5,14,43,7,0,36,0.009708885022491306,4.0619573631630645,0.6802827459639593
5,14,43,8,0,36,0.00591175922415417,4.086013563680054,0.6914912473236148
5,14,43,9,0,36,0.008240830718470368,4.090384618276897,0.7376203787238811
5,14,43,10,0,36,0.007220557603229094,4.075745506886775,0.6540496779441167
5,14,43,11,0,36,0.0053506270522127915,4.083573491298926,0.7291288233348145
5,14,43,12,0,36,0.005534256048360466,4.064860592514968,0.7722243876345244
5,14,43,13,0,36,0.005664625476277718,4.0903048448645185,0.7533868671181309
5,14,43,14,0,36,0.0053370407402546635,4.0523328513050165,0.7494793192794409
5,14,43,15,0,36,0.0048718576902966,4.122950666570781,0.7169864139128134
5,14,43,16,0,36,0.00531796953432473,4.074901989334973,0.695167032923443
5,14,43,17,0,36,0.005063893209171921,4.085403846958249,0.7731086562654766
5,14,43,18,0,36,0.0044992994580139705,4.068924076551239,0.8465274083131428
5,14,43,19,0,36,0.0038554666605561242,4.084418074167024,0.7342360664174754
5,14,43,20,0,36,0.002516117230785406,4.143494260250343,0.8497252300123044
5,14,43,21,0,36,0.003960183412182212,4.026879532029013,0.8369228198210077
5,14,43,22,0,36,0.0036396872439667088,4.01376235501295,0.7583529695422035
5,14,43,23,0,36,0.0030287964062456585,3.998757358167,0.7775666773252834
5,14,43,24,0,36,0.003038330238016939,3.994528957147861,0.7621037027492927
5,14,43,25,0,36,0.0021535056541298137,4.049763578167029,0.8171093875608243
5,14,43,26,0,36,0.001716859833278973,4.0465424300150366,0.7440036334500708
5,14,43,27,0,36,0.0018178127719998898,3.9559450553705235,0.8548519532363817
5,14,43,28,0,36,0.0017145903641206722,3.8975939639458623,0.8262975254103757
5,14,43,29,0,36,0.0013651589125649364,3.977290868773401,0.8157515329124156
5,14,43,30,0,36,0.0014276962711426695,3.953061153229739,0.8417531214388049
5,14,43,31,0,36,0.0010368896169510894,3.775746453406435,0.8506112210829976
5,14,43,32,0,36,0.0011548927586850712,3.852187533107367,0.8297494439809853
5,14,43,33,0,36,0.0006447143088581933,3.8795450250522734,0.8407510387028246
5,14,43,34,0,36,0.0005010965147010238,3.770202024781813,0.8544196897811418
5,14,43,35,0,36,0.0003386478275701411,3.1879350306260785,0.9233614160314615
5,14,44,36,0,80,0.007208459447610461,6.117443926817455,0.8077724780464495
5,14,44,37,0,80,0.007019731112775988,6.112567394788609,0.8569663307816511
5,14,44,38,0,80,0.007534797336809267,6.169696711928929,0.8144494667802791
5,14,44,39,0,80,0.007397258527947283,6.135522334392614,0.8669774846083701
5,14,44,40,0,80,0.007090635318148842,6.137747068803692,0.8586828345550396
5,14,44,41,0,80,0.005264534964678424,6.070626771543588,0.8742683185872299
5,14,44,42,0,80,0.006342721063359341,6.1577528156042645,0.9139690198740964
5,14,44,43,0,80,0.0062493425763693435,6.136229972889895,0.8391332510551524
5,14,44,44,0,80,0.005548793057811127,6.151115282647579,0.8502200616404969
4,18,43,0,0,28,0.007984807337627358,3.6462114164318624,
4,18,43,1,0,28,0.007857876198632279,3.663056998400425,0.5054365201105969
4,18,43,2,0,28,0.007088339545756711,3.653089222384562,0.6344163914198644
4,18,43,3,0,28,0.006671495300324728,3.6312387988603536,0.6142973368571404
4,18,43,4,0,28,0.004601419160618955,3.6483409269847464,0.7567721813184107
4,18,43,5,0,28,0.006685357151282041,3.6208675884596326,0.701069971161675
4,18,43,6,0,28,0.00608770037246612,3.630319341659302,0.7324514471535546
4,18,43,7,0,28,0.004486398820892364,3.566430654876196,0.6596297134330129
4,18,43,8,0,28,0.004741676386361557,3.566059718833087,0.7337589688044613
4,18,43,9,0,28,0.0031601797111254644,3.6295735949035457,0.7603717722721519
4,18,43,10,0,28,0.004560788780769193,3.6254939578385708,0.6720002047664886
4,18,43,11,0,28,0.004594610680028557,3.5823711651671193,0.7560973189946872
4,18,43,12,0,28,0.0027211663614337125,3.63230519357182,0.7646774443953139
4,18,43,13,0,28,0.0027761330932487968,3.6134137962665096,0.8015907957000368
4,18,43,14,0,28,0.002662072374099153,3.661676912174398,0.7486414411334165
4,18,43,15,0,28,0.003597402937318293,3.6004855748900266,0.7085618655783169
4,18,43,16,0,28,0.0023562951175779587,3.575751094249797,0.8334952670613243
4,18,43,17,0,28,0.002038433537440385,3.5167248813593948,0.8170555584458543
4,18,43,18,0,28,0.0026307808937158523,3.4350389847575715,0.7760807639380767
4,18,43,19,0,28,0.0012722596849592096,3.4739715359593752,0.8000955147325758
4,18,43,20,0,28,0.001489647692035147,3.6406449298498664,0.8628931798121064
4,18,43,21,0,28,0.001995168374974072,3.583682433977928,0.8332807561474741
4,18,43,22,0,28,0.0011701330720144845,3.4466220212163368,0.8894860926989085
4,18,43,23,0,28,0.000861534423255114,3.433017636288523,0.9109125459527516
4,18,43,24,0,28,0.0007158991843074449,3.4534160361179307,0.9038162229099421
4,18,43,25,0,28,0.0009151904222443656,3.5014448980272035,0.8462800148199492
4,18,43,26,0,28,0.00040017518319193163,3.2829270703764224,0.877897859655731
4,18,43,27,0,28,0.0003046985792484472,3.1231020304928387,0.9124656024951742
4,18,44,28,0,72,0.008084543296024366,5.7918839871903245,0.7802815449802419
4,18,44,29,0,72,0.0077728667334352455,5.747581133611737,0.7935872480956637
4,18,44,30,0,72,0.006227445229742526,5.796026961156394,0.7950651926974355
4,18,44,31,0,72,0.005687484203474269,5.779615992860636,0.8046931553303455
4,18,44,32,0,72,0.004785431534292426,5.773802713906992,0.8415498334146201
4,18,44,33,0,72,0.005379574559131042,5.7495700229557105,0.82147705301956
4,18,44,34,0,72,0.0037976943329931356,5.74738313000211,0.8206455560215667
4,18,44,35,0,72,0.004743890901627741,5.789821426237169,0.8296772203971262
4,18,44,36,0,72,0.00442924936931906,5.762905109502363,0.8256337507294558
4,18,44,37,0,72,0.004789331299233444,5.733468612835202,0.8353627187530069
4,18,44,38,0,72,0.003715341553517328,5.77175313926394,0.8670442087897052
4,18,44,39,0,72,0.003508014062021287,5.818876984798065,0.8702077036265526
4,18,44,40,0,72,0.0050881180961133855,5.8266396339135715,0.8810332756377199
4,18,44,41,0,72,0.0033424207173264457,5.815858271754571,0.8905523632162425
4,18,44,42,0,72,0.00325389581043154,5.816099180536409,0.8538731687531322
4,18,44,43,0,72,0.004051961082120417,5.816677680657605,0.8865459591480258
4,18,44,44,0,72,0.0029295525271793572,5.808951407605985,0.814384030920007
7,10,43,0,0,1,0.0003861804470421543,0.6527024388654279,
7,10,44,1,0,45,0.013349257944801077,4.55046981025006,0.6984709158268683
7,10,44,2,0,45,0.012879900841947518,4.544324272889987,0.57525999054687
7,10,44,3,0,45,0.011461766267225457,4.5524079576396925,0.6327401039355494
7,10,44,4,0,45,0.010204871626190843,4.56905795196866,0.6938856307941528
7,10,44,5,0,45,0.011005296439105102,4.527695665766934,0.6373579740340188
7,10,44,6,0,45,0.012399832910765013,4.528524845124047,0.6959926580431155
7,10,44,7,0,45,0.011283718500084024,4.527480263054951,0.6810225163869617
7,10,44,8,0,45,0.009416385393492037,4.509178495525526,0.6720967253270252
7,10,44,9,0,45,0.010293485957912567,4.543805807131998,0.7250371224129769
7,10,44,10,0,45,0.009172626886665218,4.509637584385941,0.6755153591973811
7,10,44,11,0,45,0.007900014728097033,4.495652039571648,0.7554438558692027
7,10,44,12,0,45,0.008052189431472224,4.534515226358457,0.7528316474579552
7,10,44,13,0,45,0.006808014742023245,4.569758325111294,0.7595642850333758
7,10,44,14,0,45,0.00789656751760215,4.506818484921483,0.7782977359078403
7,10,44,15,0,45,0.007674404883784871,4.498826017810739,0.7862736140960216
7,10,44,16,0,45,0.006171765589304965,4.5174270363840465,0.7863532102609347
7,10,44,17,0,45,0.006033486213757388,4.4853543312829895,0.7229889148352343
7,10,44,18,0,45,0.007886521906844156,4.492022563230715,0.7268249120741704
7,10,44,19,0,45,0.005890674953372915,4.50504859741147,0.6981693529718602
7,10,44,20,0,45,0.006861089537946936,4.465266489404704,0.6671513227132692
7,10,44,21,0,45,0.0055636453708023375,4.517785119543161,0.7548610171277503
7,10,44,22,0,45,0.006240502915999235,4.539082002431181,0.7907980896504009
7,10,44,23,0,45,0.004578253815762889,4.43054146351713,0.7591714171495644
7,10,44,24,0,45,0.004324132826421279,4.545368368364152,0.8062008548148678
7,10,44,25,0,45,0.004701652067110688,4.446150763422801,0.7461486828766604
7,10,44,26,0,45,0.004271678718543578,4.4476216232550225,0.8170853759977031
7,10,44,27,0,45,0.005415752032910875,4.507876613297409,0.7897928242599712
7,10,44,28,0,45,0.003832784211267428,4.453386250748954,0.8129142235185424
7,10,44,29,0,45,0.003852914152792571,4.3845265394317705,0.8276840488770738
7,10,44,30,0,45,0.00326351691829929,4.47411868924874,0.7872181580714364
7,10,44,31,0,45,0.0032018079877873416,4.478474627276141,0.8152891906853528
7,10,44,32,0,45,0.0036346833277067295,4.4064151451684985,0.8195502946320734
7,10,44,33,0,45,0.00329667725570079,4.467087059711721,0.7490041278105615
7,10,44,34,0,45,0.0023215060048097915,4.415931620652193,0.8319085805747269
7,10,44,35,0,45,0.002808660013317803,4.358175955447267,0.8657207657545114
7,10,44,36,0,45,0.0022364869272741266,4.400098469864404,0.7975980608932912
7,10,44,37,0,45,0.00127237093869633,4.203399297734062,0.8753577592840337
7,10,44,38,0,45,0.0015287156664171952,4.46274426606787,0.796616051788922
7,10,44,39,0,45,0.0021493413013054107,4.373500807907162,0.8742224542688483
7,10,44,40,0,45,0.0015385537613714082,4.3360761356780895,0.8538452976326996
7,10,44,41,0,45,0.0017280079071079035,4.31554496362199,0.8434122971695579
7,10,44,42,0,45,0.0005175301648164333,4.192461701448752,0.8217889236170629
7,10,44,43,0,45,0.0010941203451053057,4.04461356390309,0.907913295781553
7,10,44,44,0,45,0.0005606071230124745,3.436489112317905,0.780005007275034
3,26,44,0,0,15,0.0027001852943338536,2.691166590311008,
3,26,44,1,0,15,0.004160969310455541,2.718199014944778,0.7622854401093886
3,26,44,2,0,15,0.002674320461683077,2.7219092167275374,0.6897179798873659
3,26,44,3,0,15,0.0022611860783778343,2.6977545095305158,0.8553177644908206
3,26,44,4,0,15,0.0018109966705622134,2.669578753543539,0.7729618612759744
3,26,44,5,0,15,0.002303884183704601,2.635583101608259,0.7178454546165633
3,26,44,6,0,15,0.0017059042565180924,2.6816638870284293,0.7522148989500946
3,26,44,7,0,15,0.0009113583978202788,2.6744239003176156,0.8212372026098054
3,26,44,8,0,15,0.001888219044599594,2.6413890418481785,0.8189913824418723
3,26,44,9,0,15,0.0013338850542702133,2.7023667334345722,0.7375316908528557
3,26,44,10,0,15,0.0004528065299397081,2.463182122079198,0.7312446516744621
3,26,44,11,0,15,0.0010979356762898433,2.626440453290606,0.8215021137389477
3,26,44,12,0,15,0.0005478020492718192,2.6824607829051628,0.7819460688814334
3,26,44,13,0,15,0.00021365347846659876,2.5456920281096367,0.8330135243772245
3,26,44,14,0,15,1.813469753527799e-05,2.217487122497817,0.9131324763201617
3,26,45,15,0,60,0.006247947090840364,5.220025473373389,0.7449342496109197
3,26,45,16,0,60,0.007521960705722499,5.210580847209516,0.7010212187823559
3,26,45,17,0,60,0.004827192575656805,5.197032271270537,0.8379126219942632
3,26,45,18,0,60,0.005374860577654331,5.17349552266348,0.7069463977779168
3,26,45,19,0,60,0.005151472851329143,5.1921786372749485,0.762946674963261
3,26,45,20,0,60,0.005832593438788023,5.210415191891399,0.8170101113372361
3,26,45,21,0,60,0.005241787052813794,5.1958519946618384,0.7534458251224074
3,26,45,22,0,60,0.004462316804858154,5.129914754409198,0.8025492440168142
3,26,45,23,0,60,0.0059268596872538975,5.182561216038375,0.7402174203553984
3,26,45,24,0,60,0.0040320558942191255,5.250186171939106,0.8086988496257421
3,26,45,25,0,60,0.0038316948003084828,5.162655851250878,0.8168335920792775
3,26,45,26,0,60,0.0044769121102202925,5.183153692591311,0.7438730333702859
3,26,45,27,0,60,0.0032965699436772818,5.172894037976056,0.7648726638669304
3,26,45,28,0,60,0.002707059092508544,5.156536810495967,0.8518833903611897
3,26,45,29,0,60,0.0028194526699197443,5.142772691401291,0.8658049085656746
3,26,45,30,0,60,0.0019579871465371223,5.305194225472928,0.7636704259991741
3,26,45,31,0,60,0.0022083110621445917,5.167896703485986,0.7971140264387769
3,26,45,32,0,60,0.0025162308431180007,5.223299380029748,0.7772626123699169
3,26,45,33,0,60,0.0020005001768135197,5.1991014295292075,0.848289210882151
3,26,45,34,0,60,0.0015186099413548129,5.132250920690167,0.805561895017787
3,26,45,35,0,60,0.0016907711815955795,5.107471916592864,0.8144095093913706
3,26,45,36,0,60,0.0021460792953910714,5.238096455007539,0.7852035915620441
3,26,45,37,0,60,0.0011331885536318177,5.582059381044075,0.7980187615203354
3,26,45,38,0,60,0.0013024428512661856,5.158986231835031,0.8507680525773489
3,26,45,39,0,60,0.0009806473300786175,5.110355173789875,0.8301403544407511
3,26,45,40,0,60,0.0016303576168700026,5.1881205607371,0.8231551686659672
3,26,45,41,0,60,0.0010556824073879505,5.550660158668431,0.8338723084250449
3,26,45,42,0,60,0.0011435766261183192,5.11294111198703,0.8027955038888726
3,26,45,43,0,60,0.0010093671757318286,5.121187508801641,0.8593697807115299
3,26,45,44,0,60,0.0008622651427306508,5.087570956763846,0.8830299410967851
3,26,45,45,0,60,0.0010470496821231787,5.1351159470588374,0.8662593322039607
6,12,45,0,0,45,0.013935232747382904,4.558290474681172,
6,12,45,1,0,45,0.012869715644673367,4.554997564459541,0.6120477348831083
6,12,45,2,0,45,0.010888657565386454,4.569949167233843,0.6780408706385179
6,12,45,3,0,45,0.011276847030629894,4.559940603725228,0.6176605658812875
6,12,45,4,0,45,0.009481728410667195,4.539310219995533,0.6580356744646838
6,12,45,5,0,45,0.010141198775305964,4.504255364530255,0.656251939239913
6,12,45,6,0,45,0.009749246795167936,4.533692163341563,0.7362223807668554
6,12,45,7,0,45,0.010507395580605346,4.508851209520958,0.6894891200197093
6,12,45,8,0,45,0.010189240822393584,4.532230277753755,0.7576612702604604
6,12,45,9,0,45,0.007136908222920524,4.490528762240756,0.691680872411176
6,12,45,10,0,45,0.009384559449659192,4.51852856862041,0.6997564808714156
6,12,45,11,0,45,0.009016434292901483,4.539500812874191,0.7469561007201373
6,12,45,12,0,45,0.007130088415223474,4.4801071067996485,0.69426397527333
6,12,45,13,0,45,0.008918051945778488,4.486125549658028,0.7512491106850951
6,12,45,14,0,45,0.007573060740579135,4.500253200264793,0.7164367455863083
6,12,45,15,0,45,0.006018196878039159,4.544214995765592,0.7806615817744664
6,12,45,16,0,45,0.006566873752171293,4.5043843167920175,0.783764519036627
6,12,45,17,0,45,0.0058796278781345366,4.496531374928153,0.7035895076936416
6,12,45,18,0,45,0.007317635783901051,4.532645117424182,0.7657489966863822
6,12,45,19,0,45,0.00655593259055905,4.4941085662068545,0.7341044807498884
6,12,45,20,0,45,0.005426459879154777,4.491426093847366,0.8094726693270173
6,12,45,21,0,45,0.005920555494058931,4.44892256075597,0.8173718150952645
6,12,45,22,0,45,0.0030830467028948477,4.529170776774811,0.7724531249417608
6,12,45,23,0,45,0.004819324899441359,4.521361514397987,0.8359246675174103
6,12,45,24,0,45,0.005058071099806603,4.521602233530647,0.7405527525237701
6,12,45,25,0,45,0.0036081665582927366,4.5027131082739045,0.7597793352752545
6,12,45,26,0,45,0.003839205879394123,4.428190851223117,0.8078682093835009
6,12,45,27,0,45,0.004996763368531772,4.5010327300285855,0.7570392312621106
6,12,45,28,0,45,0.0037275345727159157,4.433943389837577,0.7702322004575859
6,12,45,29,0,45,0.0036608221449057057,4.459033877543211,0.7765937834160872
6,12,45,30,0,45,0.0028273304539016045,4.352631820246346,0.8109057880443344
6,12,45,31,0,45,0.0028404057488749888,4.4449580578857155,0.8933458505416505
6,12,45,32,0,45,0.0026473587127632215,4.41795396487566,0.7985656097164466
6,12,45,33,0,45,0.0014296235627620218,4.38438125602652,0.8040789261283872
6,12,45,34,0,45,0.0015678644941990308,4.473941183826598,0.8323419366580638
6,12,45,35,0,45,0.0015766381496562037,4.301509766456686,0.8700371751524749
6,12,45,36,0,45,0.0016197565292302262,4.396779735350098,0.822008706787126
6,12,45,37,0,45,0.0010748612177726156,4.281103992293697,0.7634651643718589
6,12,45,38,0,45,0.0014628365879945518,4.2046763539909655,0.8544438231268309
6,12,45,39,0,45,0.0009160865176408995,4.327370939565936,0.8566789622647318
6,12,45,40,0,45,0.0012648042897009948,4.428731565048425,0.8558393085233518
6,12,45,41,0,45,0.0008004575724970365,4.1282178684695126,0.8659500622158882
6,12,45,42,0,45,0.00046161904258042023,4.243509684753677,0.8831773034316998
6,12,45,43,0,45,0.0006765738003139985,4.143414077763575,0.8835324884691521
6,12,45,44,0,45,0.0007520041374334711,4.169987303053167,0.9299640616592773
6,12,46,45,0,91,0.007758915031182213,6.561399756761492,0.8609475622275667
6,12,46,46,0,91,0.006065099298500963,6.585437660706193,0.8776780978483661
8,9,45,0,0,27,0.007174532381737003,3.614861281689937,
8,9,45,1,0,27,0.007891588205049052,3.620248250724662,0.5301437284715009
8,9,45,2,0,27,0.006967690906206886,3.654169705630081,0.532680356965421
8,9,45,3,0,27,0.006796145512409871,3.5976725729864873,0.535757959469462
8,9,45,4,0,27,0.00670054232130152,3.611178517905522,0.6133817202057277
8,9,45,5,0,27,0.0063846094219622024,3.611417365722901,0.7909933953384919
8,9,45,6,0,27,0.0058361525231060305,3.6080037965686365,0.7413024239338046
8,9,45,7,0,27,0.005928093332860317,3.5599165140872513,0.7840920230789372
8,9,45,8,0,27,0.0051169140218626065,3.5725628408138723,0.686004883954439
8,9,45,9,0,27,0.004291225110752409,3.587437421030837,0.7005206642614549
8,9,45,10,0,27,0.004552081773903902,3.58369534956497,0.8052186486869976
8,9,45,11,0,27,0.004576269312267194,3.572128558402355,0.7268585097100921
8,9,45,12,0,27,0.004351433274369409,3.5504345980142706,0.7700855766460224
8,9,45,13,0,27,0.0030972098712338868,3.5887402638834716,0.7799916313137566
8,9,45,14,0,27,0.004403632247505754,3.5710986371379754,0.8099359808981188
8,9,45,15,0,27,0.0038252086217068944,3.644762564123324,0.7889990746310005
8,9,45,16,0,27,0.002737134725943434,3.5722420306223857,0.8261493367523294
8,9,45,17,0,27,0.0023862929975575677,3.523981364016773,0.8574593864867978
8,9,45,18,0,27,0.0019987709719218,3.55527638196648,0.7998316960209414
8,9,45,19,0,27,0.0023387485661873274,3.540140707128573,0.8055418109464915
8,9,45,20,0,27,0.0018262549938345388,3.519999303870269,0.8381314981860721
8,9,45,21,0,27,0.0019326036845839405,3.458296091754687,0.8119003547981689
8,9,45,22,0,27,0.0015341177944826708,3.5818084442065325,0.8100262599666025
8,9,45,23,0,27,0.0016928203964236218,3.4985757515617633,0.8027998728474777
8,9,45,24,0,27,0.0014440249984200581,3.542059592505947,0.9169249139249278
8,9,45,25,0,27,0.0007025627839575301,3.164915401064856,0.9201416073609266
8,9,45,26,0,27,0.0001673086607377026,3.281148351052822,0.9453175843707381
8,9,46,27,0,73,0.011819895576946137,5.842868198082409,0.7632800702306671
8,9,46,28,0,73,0.0067988045066519195,5.818664194506574,0.8516226392147619
8,9,46,29,0,73,0.009124820508053355,5.816481590258903,0.8515021576963935
8,9,46,30,0,73,0.009967412905253697,5.880741644871109,0.8171587087781317
8,9,46,31,0,73,0.008712315062510379,5.867874476335068,0.822495607562619
8,9,46,32,0,73,0.009087460889472349,5.850727320797524,0.814493173941389
8,9,46,33,0,73,0.008602169855681376,5.84428565698463,0.8290012212660287
8,9,46,34,0,73,0.0063863450567436435,5.880528517540109,0.8229662144273144
8,9,46,35,0,73,0.0066342938054866855,5.853285160987034,0.8230457797326962
8,9,46,36,0,73,0.007936284168704393,5.850871698850793,0.8143864489058882
8,9,46,37,0,73,0.007139054554444995,5.817399669705672,0.8547310233739128
8,9,46,38,0,73,0.006235017394672764,5.864837463567663,0.8641609699709932
8,9,46,39,0,73,0.006688360924128014,5.794899353709387,0.8478209830768134
8,9,46,40,0,73,0.006579535884195596,5.8671003498954715,0.8202364696923052
8,9,46,41,0,73,0.004186848282373443,5.835152495260508,0.8658905259524721
8,9,46,42,0,73,0.00486593633973144,5.878034937776244,0.899363705308902
8,9,46,43,0,73,0.0033348606766095685,5.82590745568171,0.8714704558136437
8,9,46,44,0,73,0.005337765662367701,5.854208978524143,0.8540660934272575
8,9,46,45,0,73,0.004099812281845838,5.833659840863509,0.8694825164410374
8,9,46,46,0,73,0.0047913436409892434,5.843044403334477,0.8801186153713669
4,19,45,0,0,9,0.0026259338964450115,2.1080701207746415,
4,19,45,1,0,9,0.0020171416851845927,2.1401004295093546,0.6962298373141844
4,19,45,2,0,9,0.002024724438528347,2.091521246284089,0.6621048464752582
4,19,45,3,0,9,0.00116303122051461,2.092616270363747,0.6735043809462762
4,19,45,4,0,9,0.0016246855408700424,2.0957752433514263,0.6907767757187042
4,19,45,5,0,9,0.0005632823652569045,2.0637858189635514,0.7540485425203572
4,19,45,6,0,9,0.0007242825334264806,2.0850276538609505,0.7679839800904837
4,19,45,7,0,9,0.0005700556026129916,1.7874944116216955,0.7256168684376066
4,19,45,8,0,9,0.0004488813919525932,2.007369521669999,0.8650140296644229
4,19,46,9,0,55,0.009993396810393861,5.000177211164139,0.7289951421209683
4,19,46,10,0,55,0.011073747140367676,5.015140630752818,0.7338356068418113
4,19,46,11,0,55,0.008866579679332045,5.009878908106611,0.7739479862628532
4,19,46,12,0,55,0.0075634369832634,4.981702723853923,0.7162647349492958
4,19,46,13,0,55,0.009604912628831267,4.998882797197665,0.7584113642145525
4,19,46,14,0,55,0.007833029385983042,5.018907420377361,0.679320324795016
4,19,46,15,0,55,0.008151329271079238,4.9937635760071055,0.7063636098243055
4,19,46,16,0,55,0.006247389591752356,4.981493129696089,0.7526711678189393
4,19,46,17,0,55,0.005927644346545751,5.001503911014114,0.7812682214005843
4,19,46,18,0,55,0.006310382749948971,5.001809396537103,0.8199320332517344
4,19,46,19,0,55,0.005543220103738689,4.980630026201509,0.7993727025509888
4,19,46,20,0,55,0.005294977755718655,4.984260991161941,0.7797872554731643
4,19,46,21,0,55,0.0046350091981949915,5.324490413047503,0.779688989075743
4,19,46,22,0,55,0.005031837842922432,5.0162625183755525,0.752829529265209
4,19,46,23,0,55,0.005124306229803313,5.0103615776588075,0.7372728006229408
4,19,46,24,0,55,0.004201868555715447,5.10942469740866,0.7258072602422097
4,19,46,25,0,55,0.004101014992847023,4.9903824499375276,0.7765066818541548
4,19,46,26,0,55,0.0042991444472333246,5.051053462697712,0.7707995886520349
4,19,46,27,0,55,0.002574069698838881,4.995536448420367,0.7885913694265012
4,19,46,28,0,55,0.004324706081172834,5.003227855754346,0.7036074285256514
4,19,46,29,0,55,0.004307789223535542,4.987983870455026,0.7893172729234513
4,19,46,30,0,55,0.0033176516486822794,4.907538107936267,0.7770520337477392
4,19,46,31,0,55,0.003693668455236325,5.003703736493048,0.7828793516933148
4,19,46,32,0,55,0.004201488603564225,5.031040397592584,0.8009273988003198
4,19,46,33,0,55,0.0029415100063038694,5.008556159547189,0.8332948443069095
4,19,46,34,0,55,0.00282831083376977,4.982060621984547,0.8240012384118205
4,19,46,35,0,55,0.002589346097981513,4.942808448845945,0.8328585969461705
4,19,46,36,0,55,0.0024394332974533492,4.999585710669186,0.8251346818632082
4,19,46,37,0,55,0.0027523485874180174,4.904874508918362,0.8664703980771584
4,19,46,38,0,55,0.001833052688142794,4.870971298224539,0.8363601929846983
4,19,46,39,0,55,0.0025429955372098154,4.897409806752731,0.7793813389813913
4,19,46,40,0,55,0.0020367596922902602,5.007077500649141,0.8211919932302102
4,19,46,41,0,55,0.001571172155918621,4.9936387581239865,0.8713231839519195
4,19,46,42,0,55,0.0014403310725577664,4.9371159863058995,0.882978059722082
4,19,46,43,0,55,0.0009686151986464093,4.894956357565039,0.8275020013341468
4,19,46,44,0,55,0.0009359064752618466,4.6988003315568525,0.7697712478915416
4,19,46,45,0,55,0.0011481498897916351,4.887190271200229,0.9459703438290145
4,19,46,46,0,55,0.0010703691843498553,4.79504530238846,0.8936139810438019
5,15,46,0,0,31,0.008622539153080018,3.866458508571631,
5,15,46,1,0,31,0.007450604649873797,3.894580189709715,0.5067219149108722
5,15,46,2,0,31,0.007187807771506873,3.862464432901897,0.5867457086024163
5,15,46,3,0,31,0.007467722744893939,3.8178113424294593,0.445443117465402
5,15,46,4,0,31,0.006582637733254038,3.8769536256965678,0.7103442638029719
5,15,46,5,0,31,0.005560278493797248,3.8822512421879933,0.7866776062755787
5,15,46,6,0,31,0.006123330016685717,3.848004803801385,0.6513231752499284
5,15,46,7,0,31,0.004454651585784611,3.8132746531291617,0.7140812418019391
5,15,46,8,0,31,0.00543233468649681,3.8813620059439184,0.805212926651544
5,15,46,9,0,31,0.005588713014142273,3.8316767664320563,0.7360525352462604
5,15,46,10,0,31,0.00461654583229702,3.830628944072899,0.7652453030362298
5,15,46,11,0,31,0.0049838093615137856,3.7736407885270618,0.781619389717755
5,15,46,12,0,31,0.004191144699950694,3.7916325869098317,0.6880742878291948
5,15,46,13,0,31,0.0034072515362417186,3.759479808261287,0.7720786804373794
5,15,46,14,0,31,0.0038980673201045183,3.7753628514612427,0.7380742634949862
5,15,46,15,0,31,0.0035600749902209056,3.725604223693465,0.7757802264072511
5,15,46,16,0,31,0.0037315147569325882,3.772445885060894,0.7779118957945957
5,15,46,17,0,31,0.002951290092802776,3.77558762880638,0.8007439953662563
5,15,46,18,0,31,0.0024662593157437906,3.762833040404757,0.7649255243879871
5,15,46,19,0,31,0.002716017259759307,3.658421024389608,0.83948132400803
5,15,46,20,0,31,0.0016131547781778391,3.7213265866821383,0.7944894963875672
5,15,46,21,0,31,0.0013617136770339695,3.7942470205738634,0.8361638855910517
5,15,46,22,0,31,0.0013452100562535998,3.790215276769208,0.7456275600395323
5,15,46,23,0,31,0.0017608836698434743,3.7038932977350285,0.8448908104783467
5,15,46,24,0,31,0.001938578044165385,3.74235122137812,0.8027693756389693
5,15,46,25,0,31,0.001323061022690426,3.690257558869768,0.8129214990236362
5,15,46,26,0,31,0.001141286332164148,3.6368509555049067,0.7856842488758895
5,15,46,27,0,31,0.0012457007349037513,3.8054790030179624,0.8579516091208893
5,15,46,28,0,31,0.0003027968721658587,3.589912462355066,0.8470872664806324
5,15,46,29,0,31,0.00037216190259003204,3.4986258512873527,0.9626494868425328
5,15,46,30,0,31,0.0006188359273571748,3.561785896300714,0.9312865421255515
5,15,47,31,0,78,0.008129251388593365,6.135929894151456,0.8408166839576225
5,15,47,32,0,78,0.006810018939651058,6.052666046899369,0.818864678306247
5,15,47,33,0,78,0.006784595083802015,6.065705743543842,0.8386706497309916
5,15,47,34,0,78,0.005358179233964253,6.018839551096191,0.7842016252070066
5,15,47,35,0,78,0.006475093496316276,6.030853602053175,0.8320776357285267
5,15,47,36,0,78,0.004098771944282419,6.001933268529216,0.8385522415393614
5,15,47,37,0,78,0.005745403404550736,6.0109028052441555,0.8931188668071391
5,15,47,38,0,78,0.006380743191713376,6.041494541892725,0.7848536046661096
5,15,47,39,0,78,0.006104561157219733,6.03278214065195,0.8663452840985537
5,15,47,40,0,78,0.005195526483358404,6.052486388339535,0.8350415183007209
5,15,47,41,0,78,0.004555781660654193,6.062217212134662,0.8549625302770887
5,15,47,42,0,78,0.0056041559223659896,6.041381069708295,0.797953087570477
5,15,47,43,0,78,0.0046238162235103224,6.077957086635202,0.8543351763918111
5,15,47,44,0,78,0.0051172076766836504,6.078448097892434,0.9050350171943021
5,15,47,45,0,78,0.004653455761504673,6.046039734593903,0.8749505914745901
5,15,47,46,0,78,0.00486551430513304,6.020366900541044,0.8466302037741962
5,15,47,47,0,78,0.0040866472609308755,6.069014564720272,0.8954349570297643
3,27,46,0,0,28,0.005275523166049136,3.6558002313683313,
3,27,46,1,0,28,0.005293991850705435,3.6283398711842803,0.4371918918863419
3,27,46,2,0,28,0.005420407707111083,3.641157183496711,0.7538246754312965
3,27,46,3,0,28,0.004070626209690865,3.622495905711571,0.73066319576502
3,27,46,4,0,28,0.0035808841790597673,3.612588191278953,0.7368084863889912
3,27,46,5,0,28,0.004419502040435487,3.698967499967098,0.712492209245009
3,27,46,6,0,28,0.0041023663108909715,3.5923439564988113,0.6817525684842882
3,27,46,7,0,28,0.003095977486534466,3.612974125570688,0.6976052663848882
3,27,46,8,0,28,0.003220677300870719,3.5819786889757297,0.7445454391937747
3,27,46,9,0,28,0.0027595533623518856,3.5882505935710083,0.7047168886050548
3,27,46,10,0,28,0.0026524603504015534,3.6008255887010097,0.6852547896230118
3,27,46,11,0,28,0.002286189891795252,3.546778557647455,0.7431271238961424
3,27,46,12,0,28,0.002498706305225302,3.5810140429764754,0.7395189816032279
3,27,46,13,0,28,0.0019148624983785242,3.5471507181361654,0.8193193409073594
3,27,46,14,0,28,0.0014199288099998265,3.54618247045722,0.8190035005243033
3,27,46,15,0,28,0.0017327961587753121,3.604817250907526,0.8412743696578185
3,27,46,16,0,28,0.0020776335640166578,3.584623598510176,0.7400180259661318
3,27,46,17,0,28,0.0010993422440022588,3.660924049872293,0.8088374288653387
3,27,46,18,0,28,0.0014645857231078629,3.5746384766726154,0.8729631232421111
3,27,46,19,0,28,0.0015244138161912696,3.5782040911894515,0.818604906364716
3,27,46,20,0,28,0.0006052585492199115,3.437174317005859,0.8439198536819097
3,27,46,21,0,28,0.0008653185593140195,3.5769626972298867,0.8281381673508836
3,27,46,22,0,28,0.0008030936062339163,3.550946228871312,0.8210296699165236
3,27,46,23,0,28,0.0004487101979669068,3.440719547898246,0.802994601171538
3,27,46,24,0,28,0.0007744525610287353,3.41941417797837,0.8955945531004902
3,27,46,25,0,28,0.00022843497198205063,3.492997100455291,0.9088746508197172
3,27,46,26,0,28,0.0003380023381506224,3.5508594098811335,0.9054643615796242
3,27,46,27,0,28,0.00017685080788556855,3.246188603517483,0.9583147223770797
3,27,47,28,0,75,0.003331602267866536,5.864473657692051,0.823601656490737
3,27,47,29,0,75,0.0030940679940246636,5.874404887823435,0.8071723248952952
3,27,47,30,0,75,0.0042692174109340685,5.883108532243081,0.8011825194683592
3,27,47,31,0,75,0.00354748138594429,5.92560859022992,0.7965219724876375
3,27,47,32,0,75,0.003225217951616118,5.816116200584452,0.7909919355797943
3,27,47,33,0,75,0.0018702239368585502,6.809945500054369,0.795196044340784
3,27,47,34,0,75,0.0034825381426705337,5.908819333016548,0.8120157861989851
3,27,47,35,0,75,0.0030659129706398884,5.853945486889118,0.8339577650999058
3,27,47,36,0,75,0.003023358432055304,5.879964460550105,0.7937744897133324
3,27,47,37,0,75,0.003615891565578479,5.82611665704147,0.8244810353031921
3,27,47,38,0,75,0.0018410691821761048,5.821997488321118,0.8551712409920726
3,27,47,39,0,75,0.002346838516869729,5.796533225170669,0.8565865347935343
3,27,47,40,0,75,0.002191261626578652,5.864604996927899,0.8032702980458277
3,27,47,41,0,75,0.0019365568970166121,5.847664349254217,0.8428753211492577
3,27,47,42,0,75,0.0020771082225229764,5.8521582324298125,0.8139775841875783
3,27,47,43,0,75,0.0020077312361928006,5.829712610233727,0.8805074459085954
3,27,47,44,0,75,0.0016474000185262966,5.87328688835287,0.9177031634219357
3,27,47,45,0,75,0.001852238610663251,5.84185915101325,0.8889603415832954
3,27,47,46,0,75,0.0015156056922567905,5.800590776966526,0.8792659732749741
3,27,47,47,0,75,0.0007737522399741911,5.7749115868375,0.8565444184778481
3,28,48,0,0,42,0.00680190134889173,4.393298913181109,
3,28,48,1,0,42,0.006570245542537247,4.407671477650192,0.7046077190056954
3,28,48,2,0,42,0.005812153757137363,4.395248968522918,0.6904491654132809
3,28,48,3,0,42,0.006694113635855895,4.394259007988141,0.636978470153605
3,28,48,4,0,42,0.005128207352799269,4.379580441844445,0.6965562881210435
3,28,48,5,0,42,0.005966604018030561,4.349655930517136,0.6636983469852434
3,28,48,6,0,42,0.005327964880297727,4.3347535926896885,0.727798690718544
3,28,48,7,0,42,0.004693496089435651,4.34335295564617,0.712258197360037
3,28,48,8,0,42,0.004776871074918883,4.370752163164436,0.703253397243456
3,28,48,9,0,42,0.004682238154802337,4.328392635670199,0.7542550731353778
3,28,48,10,0,42,0.003741005083276698,4.38404727041955,0.7288820797102602
3,28,48,11,0,42,0.003068081117765079,4.367235869637854,0.7186113279699478
3,28,48,12,0,42,0.0040315893335194615,4.353784227998441,0.7335660160420707
3,28,48,13,0,42,0.0032221420556780276,4.305205066872088,0.7595650817463853
3,28,48,14,0,42,0.003197507275237965,4.372181420221645,0.7560667810158676
3,28,48,15,0,42,0.003942106916387213,4.307721214870292,0.7454070163681723
3,28,48,16,0,42,0.0028343576394623897,4.320478043406884,0.7863955762431714
3,28,48,17,0,42,0.003025175128736678,4.361123512183838,0.7554119620137167
3,28,48,18,0,42,0.002245688935112472,4.30043004635627,0.8106296680289071
3,28,48,19,0,42,0.0027302676186274862,4.360666897490261,0.7692096188946366
3,28,48,20,0,42,0.001862896895791696,4.298865427461982,0.7436691204416173
3,28,48,21,0,42,0.0019626628548242695,4.353143501216636,0.8068159036860733
3,28,48,22,0,42,0.002498590534793418,4.330939387257274,0.7854842527905548
3,28,48,23,0,42,0.0021170501024256553,4.288761967988279,0.8252302411256026
3,28,48,24,0,42,0.002001262236948684,4.272366370167954,0.7915036197529524
3,28,48,25,0,42,0.001802496250203535,4.374986701277901,0.7870965893788846
3,28,48,26,0,42,0.0014670283830550124,4.282006558894163,0.8028597460390284
3,28,48,27,0,42,0.0015968738743532297,4.219722908276672,0.758647788003683
3,28,48,28,0,42,0.0009436843849976264,4.177455695682466,0.7886818533447397
3,28,48,29,0,42,0.0010679863824988008,4.250619881209751,0.8685711135424412
3,28,48,30,0,42,0.0006752652358952398,4.24582475044853,0.8090797472709597
3,28,48,31,0,42,0.0010289902875996204,4.2182591520855235,0.8241690808892388
3,28,48,32,0,42,0.0008327039263031178,4.248935313309559,0.8296662365719606
3,28,48,33,0,42,0.0005804322076648048,4.232715717618339,0.8073389986381805
3,28,48,34,0,42,0.0005877045709458703,4.25245512627487,0.8158240935551448
3,28,48,35,0,42,0.00041915905964113416,4.183246715311062,0.8294247643715332
3,28,48,36,0,42,0.00042450461081554466,4.114913849081914,0.8489107744740372
3,28,48,37,0,42,0.00035994336945782793,4.021762094342496,0.8816611017789309
3,28,48,38,0,42,0.00021968037404957672,3.776713095439305,0.8273902467119767
3,28,48,39,0,42,0.00012979301194420895,4.1130559443406085,0.8287932941582677
3,28,48,40,0,42,6.922147155286902e-05,3.2970930152432563,0.9105302072864416
3,28,48,41,0,42,3.74273665672252e-06,2.8216844081206105,0.9281554919996476
3,28,49,42,0,91,0.002823278342831658,6.491059194441884,0.8686035607843449
3,28,49,43,0,91,0.0030124517548175294,6.510223997173366,0.8233263446673954
3,28,49,44,0,91,0.0017236120074184053,6.46872823216617,0.8734229785649373
3,28,49,45,0,91,0.0032991105749514147,6.535913164168783,0.837003119648343
3,28,49,46,0,91,0.0019491305877783853,6.508371847844601,0.84360059794562
3,28,49,47,0,91,0.0020136338391916826,6.438883238696726,0.8565992828634122
3,28,49,48,0,91,0.0015192732315150862,6.528178672059817,0.8703695916876338
3,28,49,49,0,91,0.00156117199704534,6.4780052524038805,0.8677228943510431
4,20,48,0,0,36,0.00821059798488786,4.136993579032252,
4,20,48,1,0,36,0.006790115957079025,4.141870004902907,0.6574222334662416
4,20,48,2,0,36,0.005535143094046598,4.1166317944448645,0.5209051904203068
4,20,48,3,0,36,0.0077618362250493796,4.114037160825471,0.6352439649170936
4,20,48,4,0,36,0.006668881026339506,4.128664591949577,0.7466312622980047
4,20,48,5,0,36,0.00506488644479137,4.123398341633056,0.6610621033798783
4,20,48,6,0,36,0.00516747298735165,4.190875667437869,0.7925741891201067
4,20,48,7,0,36,0.004925655265761217,4.111855356331177,0.6079410995321963
4,20,48,8,0,36,0.004806889128930356,4.060846371388179,0.6901782273339218
4,20,48,9,0,36,0.0058379228915990825,4.161298605723773,0.6863064978882867
4,20,48,10,0,36,0.005084842971217187,4.076601602104972,0.6113527722027056
4,20,48,11,0,36,0.00479683386741522,4.068532904609652,0.7462760370123791
4,20,48,12,0,36,0.0040784493715310365,4.111659714112913,0.7392893336408849
4,20,48,13,0,36,0.0035943702190072927,4.09768646072314,0.7124718002027601
4,20,48,14,0,36,0.0029245799701988775,4.080925975437421,0.7417551151496709
4,20,48,15,0,36,0.004035613874354323,4.101438174611413,0.7911949046046267
4,20,48,16,0,36,0.003374592417514031,4.073600188406525,0.7586460312635352
4,20,48,17,0,36,0.0034955351545423786,4.173344241273665,0.7564016791804905
4,20,48,18,0,36,0.0032797824034507474,4.014881896306547,0.7539796088985566
4,20,48,19,0,36,0.0032483884955211467,4.040825296258971,0.7839483695946414
4,20,48,20,0,36,0.002423715683138975,4.076552682250827,0.771586808705976
4,20,48,21,0,36,0.003134984880257234,4.047896480118249,0.7436206215813589
4,20,48,22,0,36,0.002249225997426079,4.078964311904081,0.7809588222828425
4,20,48,23,0,36,0.002289299602291695,4.078678619601639,0.8020110801997474
4,20,48,24,0,36,0.0014901866513468175,4.013143221981234,0.7713590219850045
4,20,48,25,0,36,0.0014233621434439204,4.070610879494999,0.7789541505374317
4,20,48,26,0,36,0.001326916015222247,4.0837971731189775,0.7932920536823335
4,20,48,27,0,36,0.0015950312960207474,4.037146490323925,0.8030115913283585
4,20,48,28,0,36,0.0013574743233119785,4.01665322367771,0.8484055106218727
4,20,48,29,0,36,0.000904791532600793,4.017455604866197,0.8348176094594508
4,20,48,30,0,36,0.0009664683111003468,4.02261231116978,0.7755914232134672
4,20,48,31,0,36,0.0009552831096906703,4.004547980355955,0.8986495731936504
4,20,48,32,0,36,0.0006226786992841044,3.9531403900507893,0.896173520615394
4,20,48,33,0,36,0.00041120339494800286,3.6501219966822935,0.8778159420809378
4,20,48,34,0,36,0.0002951719732416651,3.7581594506894858,0.8910659170613473
4,20,48,35,0,36,0.0002713222784359581,3.168916900857605,0.8684809431807146
4,20,49,36,0,85,0.006854933134396237,6.318120891896453,0.7968536369282007
4,20,49,37,0,85,0.006153085909549304,6.307912359467355,0.8051406803262492
4,20,49,38,0,85,0.005546053706327482,6.336983626433598,0.8920322207556254
4,20,49,39,0,85,0.004472392414158725,6.251039292842018,0.8505532480593551
4,20,49,40,0,85,0.0028264976327898976,6.262888771605183,0.8440236914378874
4,20,49,41,0,85,0.0037252660119108084,6.30920686994346,0.8006453043082353
4,20,49,42,0,85,0.004074783317834978,6.292349447317094,0.8048249131497904
4,20,49,43,0,85,0.004233521722845289,6.310220711809534,0.8007772383146355
4,20,49,44,0,85,0.003700551489863805,6.324130440889367,0.8612534468081611
4,20,49,45,0,85,0.003471040160611864,6.305236794821417,0.8618301356099167
4,20,49,46,0,85,0.003949801456466296,6.291521843065503,0.8192951165373584
4,20,49,47,0,85,0.003952799180552616,6.378601530336854,0.8753839774590781
4,20,49,48,0,85,0.0038786209415638665,6.317844632337806,0.890363372143983
4,20,49,49,0,85,0.0028051289789273446,6.306924681428052,0.9345742820779311
7,11,48,0,0,21,0.004485110689644674,3.218937786614406,
7,11,48,1,0,21,0.005068330367792481,3.2049858816608654,0.5957639858268999
7,11,48,2,0,21,0.00520843697821152,3.227399824520371,0.7058178860405719
7,11,48,3,0,21,0.00483866340445777,3.215164947213594,0.7946082415506346
7,11,48,4,0,21,0.00489606709181761,3.214648925891711,0.7713781963099219
7,11,48,5,0,21,0.004102117996641442,3.2211753174046267,0.7239589344060868
7,11,48,6,0,21,0.00344191649677938,3.1729652790858824,0.741105767336969
7,11,48,7,0,21,0.003775533882313956,3.167270482377946,0.8317826337727762
7,11,48,8,0,21,0.003127119476419181,3.1480812115244516,0.7087459073785167
7,11,48,9,0,21,0.00217479559030518,3.2336914918738904,0.8242646506271899
7,11,48,10,0,21,0.0028118002755174263,3.199498912615978,0.6991169207716521
7,11,48,11,0,21,0.0025480225858407427,3.208211670127471,0.7796959352199143
7,11,48,12,0,21,0.0024597594064548183,3.135475497915146,0.7633998077439227
7,11,48,13,0,21,0.0021581048762536166,3.1849525636227143,0.7782035496969958
7,11,48,14,0,21,0.0015832478410940172,3.1341858610554425,0.8066651147738324
7,11,48,15,0,21,0.0017866724509891022,3.164007000470485,0.8046005364198778
7,11,48,16,0,21,0.0012108076757017714,3.0176559777363248,0.8165946878175493
7,11,48,17,0,21,0.001325273759333507,3.157816707791933,0.909543238275623
7,11,48,18,0,21,0.0005229387494420251,2.9499772479955975,0.8862474872542805
7,11,48,19,0,21,0.000516311906888597,2.878076655642734,0.8999826848213447
7,11,48,20,0,21,0.0002877258643748118,2.5176697089872566,0.7795882772989043
7,11,49,21,0,70,0.009600459841296729,5.722379182225185,0.7451328405908416
7,11,49,22,0,70,0.010855411884615652,5.738557242579814,0.8109474631711268
7,11,49,23,0,70,0.010451225912473976,5.7155244368749925,0.8266942883965157
7,11,49,24,0,70,0.007506176055125396,5.712715789117599,0.760446419504732
7,11,49,25,0,70,0.007390995667823093,5.76844498185915,0.7858312242403925
7,11,49,26,0,70,0.009057974877364377,5.71848744756377,0.7965335931654495
7,11,49,27,0,70,0.009388660807436187,5.726155594985495,0.7802014815183482
7,11,49,28,0,70,0.007948545571058585,5.701586129097782,0.773887542678442
7,11,49,29,0,70,0.007663713734942927,5.700305269595496,0.8120799849368149
7,11,49,30,0,70,0.007158912841634435,5.720468706009117,0.7908308382066955
7,11,49,31,0,70,0.0067269506681551005,5.692885542452289,0.8601980753154747
7,11,49,32,0,70,0.006302098464294564,5.694547369249268,0.7875120766181751
7,11,49,33,0,70,0.006353156015814839,5.6952856358208965,0.809330165613026
7,11,49,34,0,70,0.005597797875202564,5.6659575782089195,0.849332538770143
7,11,49,35,0,70,0.006095022501032837,5.687062268830321,0.8588811375064038
7,11,49,36,0,70,0.006519562168549182,5.733504401467393,0.8164653618173039
7,11,49,37,0,70,0.0056360140604142135,5.805620474032567,0.8350525649575721
7,11,49,38,0,70,0.00459096116209884,5.73128728050108,0.802193589211169
7,11,49,39,0,70,0.005123214449642432,5.722344570513909,0.8323365496451605
7,11,49,40,0,70,0.004354315564557511,5.710682870356098,0.8135454892945229
7,11,49,41,0,70,0.004323406072889734,5.648385878111939,0.8242561597601833
7,11,49,42,0,70,0.004545199142588966,5.693185062724277,0.8462444918574334
7,11,49,43,0,70,0.005060840695853332,5.715477629281374,0.8692015230036245
7,11,49,44,0,70,0.0031672663587017894,5.649145257590075,0.8911772801791734
7,11,49,45,0,70,0.0032495010403908887,5.708158629910235,0.8498462138102926
7,11,49,46,0,70,0.0038673085004108845,5.741067360541231,0.8408746216039671
7,11,49,47,0,70,0.004162223631193967,5.765179709823949,0.8397719170609059
7,11,49,48,0,70,0.003931533746046133,5.740191383079112,0.8984243733941247
7,11,49,49,0,70,0.0025270972006854746,5.674399630473475,0.869316338357109
6,13,48,0,0,6,0.001955334996731249,1.7361097577479006,
6,13,48,1,0,6,0.0015523306934973006,1.7406360592408865,0.7180795845505107
6,13,48,2,0,6,0.001155986604719516,1.7376403645574028,0.7331240002445158
6,13,48,3,0,6,0.0008262254170318443,1.740063281493009,0.8334219908371079
6,13,48,4,0,6,0.00034808384814044243,1.74691640498492,0.8542338555282446
6,13,48,5,0,6,0.00020943686493190924,1.5058049127001032,0.878884737493445
6,13,49,6,0,55,0.012428240467093097,5.075870250079353,0.7312090945340616
6,13,49,7,0,55,0.010867559032998209,5.034253405561941,0.6912569089925111
6,13,49,8,0,55,0.010547259777627304,5.031539437071864,0.7307479738373764
6,13,49,9,0,55,0.008834137723592768,5.02370058046147,0.7302239519307735
6,13,49,10,0,55,0.008789884622820203,5.06941710124852,0.7551873433731445
6,13,49,11,0,55,0.010207395489613453,5.031651454856269,0.7305945836375178
6,13,49,12,0,55,0.00953896606684311,5.007997234272126,0.777460158970337
6,13,49,13,0,55,0.009835946750717408,5.0580342238888365,0.74312478104765
6,13,49,14,0,55,0.008260734744479315,5.044899794317254,0.7155064956890278
6,13,49,15,0,55,0.009384578823998999,5.005246491647386,0.7350374272014197
6,13,49,16,0,55,0.006476414053372489,5.045173542828977,0.8101558782446621
6,13,49,17,0,55,0.007622522692331057,4.9960039303237185,0.8158188954549077
6,13,49,18,0,55,0.006756302381510645,5.016913132146852,0.7911662436340121
6,13,49,19,0,55,0.005958678586022014,5.008615072473849,0.7540315562468853
6,13,49,20,0,55,0.006863221047532742,5.031874953850654,0.7367803016309541
6,13,49,21,0,55,0.0063817851786058515,4.996710812805597,0.7940561320328027
6,13,49,22,0,55,0.006703394016703521,5.037915499857738,0.7647335689033142
6,13,49,23,0,55,0.006223655025950364,5.039257044421134,0.7472454731742941
6,13,49,24,0,55,0.0051721627006003495,5.017082649640526,0.8209062081705467
6,13,49,25,0,55,0.004782784029781768,5.049893142357036,0.832952185282515
6,13,49,26,0,55,0.0061021535091003954,5.002851387885466,0.7959776541889343
6,13,49,27,0,55,0.004770999097762974,4.965389502690573,0.7946043551309409
6,13,49,28,0,55,0.005159333594235452,4.9764970242916045,0.7884073387724213
6,13,49,29,0,55,0.004237552676724152,5.003079779423739,0.7898718035057077
6,13,49,30,0,55,0.004499541365609194,4.98713903581,0.777938774270197
6,13,49,31,0,55,0.003753220027840954,5.00849626708855,0.8109086239862927
6,13,49,32,0,55,0.0045796452404881305,5.036166081161374,0.7846980260789437
6,13,49,33,0,55,0.002849150263662961,5.001900892596796,0.794783837185595
6,13,49,34,0,55,0.004819064947391025,5.005381360632814,0.8240007861884366
6,13,49,35,0,55,0.003233001637824083,5.006887899759904,0.8151466001367282
6,13,49,36,0,55,0.0026027452680882374,4.979528902178812,0.8092440154299788
6,13,49,37,0,55,0.0031943752901326594,4.995757525772323,0.8626548036763592
6,13,49,38,0,55,0.002085546322087617,4.9661913230326435,0.8108892006482191
6,13,49,39,0,55,0.0021470762499117097,4.973232954676618,0.8578596794509564
6,13,49,40,0,55,0.002091008383565465,5.010671256577981,0.8094184250958834
6,13,49,41,0,55,0.002374206268921828,4.9130069130355585,0.7747953273480401
6,13,49,42,0,55,0.0018627964571794363,4.976439562531502,0.8963078703995108
6,13,49,43,0,55,0.0025579713140129706,4.953141251004147,0.8417641558386196
6,13,49,44,0,55,0.0015721388865668645,4.953250882776086,0.8261568062820417
6,13,49,45,0,55,0.0009315317578054753,4.9575640814002755,0.8533986326898146
6,13,49,46,0,55,0.001916268998177682,4.969989244345122,0.9152261305455337
6,13,49,47,0,55,0.0010263923742708202,4.815930507975363,0.8407537209447573
6,13,49,48,0,55,0.00174528985332263,4.7834664989677655,0.8917988816490389
6,13,49,49,0,55,0.0009387098262238349,4.939917568285083,0.8616600692084423
5,16,49,0,0,25,0.0045143258409268625,3.4939180922640247,
5,16,49,1,0,25,0.004794526003852649,3.496545980593506,0.532976994646543
5,16,49,2,0,25,0.005089094416595242,3.4850842318008315,0.5671189533504639
5,16,49,3,0,25,0.0056439849798849,3.5001903282382902,0.7231687746737554
5,16,49,4,0,25,0.005133719214099227,3.4784196547372623,0.7017395568172569
5,16,49,5,0,25,0.004011731950425077,3.483178664676157,0.8400205218309287
5,16,49,6,0,25,0.00348652804654864,3.4282430588756534,0.7276921480886879
5,16,49,7,0,25,0.0038675590704575218,3.4772659955806238,0.732971003261935
5,16,49,8,0,25,0.003480186172237319,3.4110796818670717,0.6881573917339918
5,16,49,9,0,25,0.0034049960801805033,3.450286150672634,0.841332680361991
5,16,49,10,0,25,0.002372889188851768,3.4502151986258376,0.7698226313312129
5,16,49,11,0,25,0.0027614147797567017,3.4711792155057823,0.7741894148212068
5,16,49,12,0,25,0.00262228689596968,3.476464342566842,0.8320269082988357
5,16,49,13,0,25,0.0019698513063034348,3.451920613256506,0.7734665860697734
5,16,49,14,0,25,0.0026133101307551083,3.4854944168869717,0.8208549445534251
5,16,49,15,0,25,0.001843151477374189,3.4268464840029993,0.8473557831497864
5,16,49,16,0,25,0.0021025742469157247,3.4291949906626784,0.7598732491578397
5,16,49,17,0,25,0.0015110284425174335,3.400658399416305,0.8642025774476806
5,16,49,18,0,25,0.0013200894300613092,3.335440935740778,0.839238559120486
5,16,49,19,0,25,0.0010769900342956287,3.467779253766375,0.8309063370797684
5,16,49,20,0,25,0.0008958090618923955,3.451458154307909,0.8391568772678835
5,16,49,21,0,25,0.0009135093569927792,3.33289313590347,0.8379880612542749
5,16,49,22,0,25,0.0005043462061578035,3.2438611588668125,0.8316447217060141
5,16,49,23,0,25,0.0002843815835901851,3.253080820969976,0.9044230293107296
5,16,49,24,0,25,6.802051586216027e-05,3.2998242506829505,0.839488271845803
5,16,50,25,0,75,0.008461057295980961,5.912093772571355,0.8195760728465915
5,16,50,26,0,75,0.008432671995232148,5.918419165610289,0.7281498421918553
5,16,50,27,0,75,0.007033024013583231,5.897678434775374,0.7662476317704552
5,16,50,28,0,75,0.007013234634108839,5.853635261013546,0.7466508261707623
5,16,50,29,0,75,0.006464710392695408,5.906912752030874,0.7974632486210858
5,16,50,30,0,75,0.0076024943808981026,6.127929905477823,0.7936023247445122
5,16,50,31,0,75,0.006651683253838262,5.948198814946873,0.8417329848744964
5,16,50,32,0,75,0.006386117197440651,5.941095682114338,0.7641652893951453
5,16,50,33,0,75,0.005192974183743017,5.922948781756161,0.8251948209785582
5,16,50,34,0,75,0.005895293847150205,5.918502444243003,0.797351951348368
5,16,50,35,0,75,0.005642102032768741,5.867056473273937,0.7951664678280753
5,16,50,36,0,75,0.004858635190690291,5.923122052516789,0.8417072140834807
5,16,50,37,0,75,0.004479457514896498,5.989844709232597,0.8704917196046439
5,16,50,38,0,75,0.005149299578678145,5.895392470479629,0.8711221878872809
5,16,50,39,0,75,0.004486464937349701,5.900098301558916,0.8406659844595489
5,16,50,40,0,75,0.004749858094571702,5.893383764874552,0.8295557763329487
5,16,50,41,0,75,0.004191830000182806,5.872290024896165,0.8754240463890677
5,16,50,42,0,75,0.0036465640825309054,5.8995412471005215,0.8386698283741514
5,16,50,43,0,75,0.004380972955182863,5.900786441342591,0.8470165359536086
5,16,50,44,0,75,0.0031787761858100947,5.933756881996885,0.832927222325647
5,16,50,45,0,75,0.0030738375223628984,5.860916632145261,0.8898455416150195
5,16,50,46,0,75,0.004113069943767895,5.947355023194085,0.8134413980727746
5,16,50,47,0,75,0.003410763351941175,5.875066500735391,0.853327270104977
5,16,50,48,0,75,0.002932443384177282,5.914529205167688,0.8909455580821998
5,16,50,49,0,75,0.003017036073612556,5.899357196198672,0.8469151037777375
5,16,50,50,0,75,0.003517396663840854,5.895971815007312,0.8643702363728807
4,21,50,0,0,15,0.002153892746956858,2.732107771945232,
4,21,50,1,0,15,0.00314745705599666,2.724200765101237,0.7363856863972169
4,21,50,2,0,15,0.0026692675572736243,2.697045296735114,0.7343658392876717
4,21,50,3,0,15,0.0019544949048864095,2.743745886083369,0.7513176284510261
4,21,50,4,0,15,0.0023678765813700117,2.6988508391396926,0.7461445759376224
4,21,50,5,0,15,0.0017603117639842535,2.6218404750480024,0.8266187212811235
4,21,50,6,0,15,0.0012868220612077192,2.6822209092364613,0.8082956581837623
4,21,50,7,0,15,0.0010716666321273925,2.6952275389128153,0.7006511612753052
4,21,50,8,0,15,0.0014843538558125247,2.683694783513743,0.7532351175925208
4,21,50,9,0,15,0.0008480181168455024,2.7067428933035167,0.8296149721384039
4,21,50,10,0,15,0.0011788689282090097,2.6123806541824095,0.7339964936164483
4,21,50,11,0,15,0.0005374292476441715,2.60114247896366,0.9060717757197224
4,21,50,12,0,15,0.0005595041322270577,2.6301452599376813,0.8216688601083347
4,21,50,13,0,15,0.0002791954489724924,2.6312208610420655,0.8226514941477847
4,21,50,14,0,15,0.0003960730027695795,2.809922225614659,0.8748856061048943
4,21,51,15,0,66,0.00773566951188619,5.490326027185355,0.7874940451362235
4,21,51,16,0,66,0.00776418022186428,5.515317606203152,0.7884580044318874
4,21,51,17,0,66,0.00563282459502446,5.507543508293464,0.774860781565414
4,21,51,18,0,66,0.006976233006584216,5.527916269183028,0.7880213251163878
4,21,51,19,0,66,0.006753358818292247,5.512745887742213,0.7715149776540156
4,21,51,20,0,66,0.006815561663110461,5.510404498693337,0.8043769636347309
4,21,51,21,0,66,0.0076050286535633204,5.529020794080651,0.813022507586586
4,21,51,22,0,66,0.006174156728789774,5.490781870155633,0.8311869633304999
4,21,51,23,0,66,0.005279511810115593,5.523880019201062,0.7793195870073295
4,21,51,24,0,66,0.006157942698830442,5.510071074710154,0.7460001140095571
4,21,51,25,0,66,0.005677335678944125,5.497642379570059,0.8051769052913558
4,21,51,26,0,66,0.00595141893851022,5.528646452058437,0.8028742593208534
4,21,51,27,0,66,0.004233399806026379,5.491710495921487,0.7466832119675118
4,21,51,28,0,66,0.004349878991740106,5.526208166594286,0.8015920618567671
4,21,51,29,0,66,0.004176436439564418,5.558268697978076,0.8147644006658452
4,21,51,30,0,66,0.00533541125219224,5.530868213745865,0.8059216195332811
4,21,51,31,0,66,0.004686566423933377,5.508333235864077,0.7862965951886093
4,21,51,32,0,66,0.0037677411053377245,5.495188453870287,0.7993574690522622
4,21,51,33,0,66,0.004055706556285692,5.529266172793161,0.7984525593175761
4,21,51,34,0,66,0.0032440435017389592,5.508465305638416,0.8452310085596471
4,21,51,35,0,66,0.0029664779594789,5.553612828403979,0.7883784108774519
4,21,51,36,0,66,0.0027785768366637566,5.497604795054432,0.8262856045587824
4,21,51,37,0,66,0.003910894023656328,5.552250792173973,0.7862140021513792
4,21,51,38,0,66,0.003085985157814298,5.468099725513127,0.7891880818754418
4,21,51,39,0,66,0.002294193668743134,5.489826822516274,0.8080448231553741
4,21,51,40,0,66,0.003009615356759685,5.500129338514645,0.8424622160694148
4,21,51,41,0,66,0.002692654207659806,5.500643995679329,0.7774129786446371
4,21,51,42,0,66,0.0022609202660376854,5.40695990663517,0.8700691375637989
4,21,51,43,0,66,0.0017218441663991615,5.452771194334909,0.8126568692998647
4,21,51,44,0,66,0.002631131150033533,5.505232371959813,0.8488013846590465
4,21,51,45,0,66,0.0018760138095665108,5.502195394240339,0.8358261109809817
4,21,51,46,0,66,0.0023356172467473503,5.4924374232516975,0.878040276006183
4,21,51,47,0,66,0.0013555755892069273,5.470893104588175,0.882699030258071
4,21,51,48,0,66,0.0015123702591404587,5.504454975994782,0.8551190521886247
4,21,51,49,0,66,0.0016924665529628213,5.476439334731413,0.866258810280533
4,21,51,50,0,66,0.0017296787668601248,5.464436561323241,0.8476569133386056
4,21,51,51,0,66,0.001202918978003074,5.470068592669785,0.9135964480846677
8,10,50,0,0,15,0.003048585077264067,2.72982602117152,
8,10,50,1,0,15,0.0022640189300762157,2.7311819882061985,0.7958180328583664
8,10,50,2,0,15,0.003451258852589019,2.7495126732320894,0.6565963871029479
8,10,50,3,0,15,0.0034041160895175704,2.7371573947922414,0.7404209138369497
8,10,50,4,0,15,0.003058565952162335,2.694184271980959,0.6653600822244404
8,10,50,5,0,15,0.0025508396750450737,2.670106848535313,0.6757431123039725
8,10,50,6,0,15,0.002770919333308104,2.7184615460841752,0.8124292502646218
8,10,50,7,0,15,0.0018166367744370847,2.687740530421364,0.8201388901618295
8,10,50,8,0,15,0.00247279888469674,2.684737944932843,0.867127662780167
8,10,50,9,0,15,0.0017699243634154902,2.6491594311089,0.866466155405425
8,10,50,10,0,15,0.001353547648846501,2.7676619941819887,0.7655806866344762
8,10,50,11,0,15,0.0014457420341145155,2.7157815263863427,0.8272819389773509
8,10,50,12,0,15,0.0011431576385534448,2.7194368185182425,0.9311800234820927
8,10,50,13,0,15,0.00031240659798308166,2.46728820415086,0.8535086651184074
8,10,50,14,0,15,0.00024027851358350208,2.4417408812690953,0.8459862860015844
8,10,51,15,0,66,0.010526728652090244,5.547174369122322,0.7109434424581851
8,10,51,16,0,66,0.009510722851270378,5.577782365974924,0.7772197856511041
8,10,51,17,0,66,0.00868875191722491,5.559105099969112,0.7833427911871133
8,10,51,18,0,66,0.008895172615058374,5.546513977448169,0.7351538636402001
8,10,51,19,0,66,0.008416319444355225,5.544749923134646,0.7541015466736172
8,10,51,20,0,66,0.00798611576828775,5.498157632106606,0.8028618405372672
8,10,51,21,0,66,0.0088973383047828,5.538202398706807,0.7758719109161254
8,10,51,22,0,66,0.008209834546396745,5.5522209927354025,0.8253867573742768
8,10,51,23,0,66,0.007637192116303673,5.524672705648164,0.7578354319898454
8,10,51,24,0,66,0.00807998974292644,5.560048297530097,0.8443508592288991
8,10,51,25,0,66,0.007182020981334816,5.526218371583868,0.8103024586994282
8,10,51,26,0,66,0.007968511604768788,5.552734353203947,0.813068466142125
8,10,51,27,0,66,0.006352406802820927,5.5288796703704675,0.7805146939541528
8,10,51,28,0,66,0.005563551169071312,5.551587412193431,0.8278097049706903
8,10,51,29,0,66,0.006090791768678873,5.521963385024416,0.8003246153328573
8,10,51,30,0,66,0.006938165469901165,5.5597473735986975,0.7606698387902112
8,10,51,31,0,66,0.0057054283115104696,5.603514439146049,0.8371419043515498
8,10,51,32,0,66,0.005876037920675425,5.5341403140118635,0.7803324698430377
8,10,51,33,0,66,0.006527727942341388,5.535899086403901,0.8525092329974823
8,10,51,34,0,66,0.005264688841045949,5.560389884916853,0.8372095128201461
8,10,51,35,0,66,0.005193539989944286,5.533089978184005,0.8288085563304158
8,10,51,36,0,66,0.003763464243921725,5.500587379310092,0.8409001980233308
8,10,51,37,0,66,0.005091713644898826,5.52923832708562,0.8319734612359855
8,10,51,38,0,66,0.0033950364497658805,5.52655747178237,0.8171038687700063
8,10,51,39,0,66,0.0032250808778203554,5.475096500994797,0.8242525187505436
8,10,51,40,0,66,0.0043225550328166995,5.649647341432042,0.8243400843007446
8,10,51,41,0,66,0.004117083841350333,5.495047652092065,0.8792821693665408
8,10,51,42,0,66,0.003367224194641992,5.5050207555946296,0.8808154248649332
8,10,51,43,0,66,0.004444934324368288,5.520435578737506,0.8442294979490342
8,10,51,44,0,66,0.0033253338450358882,5.482494654136635,0.8283475558945422
8,10,51,45,0,66,0.0034624222825753318,5.543442259895574,0.9144853658346113
8,10,51,46,0,66,0.0034535067461939723,5.529724545547251,0.9125263875104817
8,10,51,47,0,66,0.0029934165495111515,5.522574644189071,0.8632152609506936
8,10,51,48,0,66,0.0028491895490244386,5.489373189121439,0.8238481568096332
8,10,51,49,0,66,0.0029006863425875048,5.490824049183616,0.8737570962458745
8,10,51,50,0,66,0.0021042589656106994,5.535528512396898,0.8649972486030502
8,10,51,51,0,66,0.002012433405163058,5.4793059223465255,0.8954803333271585
9,9,51,0,0,30,0.007186292275931203,3.8317563933271725,
9,9,51,1,0,30,0.00717434564410487,3.8304712755045256,0.574410481691549
9,9,51,2,0,30,0.005545661480223916,3.8242036999821543,0.652775010695664
9,9,51,3,0,30,0.0062025495585412,3.8206116909997556,0.720083453793294
9,9,51,4,0,30,0.0052252478118524105,3.8297090899471153,0.6839893854995085
9,9,51,5,0,30,0.0059169757260369195,3.827513380922091,0.6925685001416249
9,9,51,6,0,30,0.004126240268680901,3.773834058685225,0.6975873812708893
9,9,51,7,0,30,0.005039611672085698,3.7982543357182177,0.7502621892814076
9,9,51,8,0,30,0.005021103809640062,3.78969564995568,0.7370672811405414
9,9,51,9,0,30,0.004847232267684993,3.7818766922515925,0.8044610287919078
9,9,51,10,0,30,0.004487133038315148,3.813076768112703,0.8347607329829339
9,9,51,11,0,30,0.0036361211711403913,3.829725000355915,0.7770959714669029
9,9,51,12,0,30,0.003112874617500096,3.8217544729374597,0.7597467208004417
9,9,51,13,0,30,0.0031943093449342637,3.7725974896787493,0.8223974384955355
9,9,51,14,0,30,0.0036216109169395364,3.771483922348201,0.701109857463367
9,9,51,15,0,30,0.00390431509901291,3.769685106245722,0.7968002734971475
9,9,51,16,0,30,0.0028615622454710517,3.8371697645856413,0.845403326575259
9,9,51,17,0,30,0.0032921525809057714,3.7794394868035743,0.7758900682699741
9,9,51,18,0,30,0.002269072397681564,3.7565166308853915,0.784198960186556
9,9,51,19,0,30,0.002293536397391327,3.772841618950928,0.8410055471209337
9,9,51,20,0,30,0.002360568088233591,3.797298995551914,0.8322077003561266
9,9,51,21,0,30,0.0014354455333629023,3.7464875994059965,0.882920403175038
9,9,51,22,0,30,0.0012735612025231364,3.7091315546389008,0.8253770574433681
9,9,51,23,0,30,0.0017753397660700567,3.7323699618956425,0.800651345691995
9,9,51,24,0,30,0.0013556268796579068,3.649166079595129,0.8162344516354095
9,9,51,25,0,30,0.0006807184188446013,3.5931519052680465,0.8195868570029079
9,9,51,26,0,30,0.0008362295319967873,3.7918847470941444,0.9199376785191281
9,9,51,27,0,30,0.0011760619221242352,3.4661479069212504,0.8641483459014052
9,9,51,28,0,30,0.0009610460543994031,3.650390603927634,0.9519738342003486
9,9,51,29,0,30,0.00032622947924193155,2.8429912028694506,0.881685224959391
9,9,52,30,0,82,0.008476383516327091,6.186776343437415,0.7427020290993672
9,9,52,31,0,82,0.0092132788230906,6.257917993179461,0.8426951379472323
9,9,52,32,0,82,0.008072393832421549,6.2883278144340675,0.8051719032630175
9,9,52,33,0,82,0.00896440219759697,6.21773827518403,0.8049783772711667
9,9,52,34,0,82,0.008294803371752318,6.253943541484694,0.8211456638951209
9,9,52,35,0,82,0.007027492550390133,6.201062677310323,0.8294060422088174
9,9,52,36,0,82,0.008188594736615115,6.219430487022762,0.8172860208470426
9,9,52,37,0,82,0.007449577392330413,6.19593172106889,0.830243052202215
9,9,52,38,0,82,0.006324971041180765,6.253407956977564,0.8680307615458925
9,9,52,39,0,82,0.006580799296096405,6.226820434721638,0.8272537144421328
9,9,52,40,0,82,0.006088010952727683,6.207559587316515,0.8416713320792796
9,9,52,41,0,82,0.006168056888876485,6.186743126120224,0.8153746866915806
9,9,52,42,0,82,0.006728325509548671,6.248507846470393,0.8328313125330186
9,9,52,43,0,82,0.006124151074497329,6.215324922719204,0.8329636394822068
9,9,52,44,0,82,0.006294267669116252,6.377708865782107,0.8464213652069893
9,9,52,45,0,82,0.004875907256439098,6.174224734526945,0.8608344257669008
9,9,52,46,0,82,0.004646042003513401,6.1964025330784125,0.8360670508183285
9,9,52,47,0,82,0.0047270969050114435,6.248634915750952,0.8534531333062048
9,9,52,48,0,82,0.005594834376968786,6.255561904530935,0.8404797779701643
9,9,52,49,0,82,0.004818522799148579,6.2397577590997235,0.9385265910314537
9,9,52,50,0,82,0.003915282213885824,6.225924080829888,0.9132788479021768
9,9,52,51,0,82,0.0038497812483808303,6.190005547009072,0.8389392618966842
9,9,52,52,0,82,0.004405002790487243,6.228844518341505,0.9106260308096102
6,14,52,0,0,13,0.0028310149169473177,2.5461456994736507,
6,14,52,1,0,13,0.0028012447246925564,2.546729917631411,0.6011033148472618
6,14,52,2,0,13,0.0025809288698204467,2.5603300924650623,0.7487748113696877
6,14,52,3,0,13,0.001630260319380718,2.530528910870439,0.6059939690664702
6,14,52,4,0,13,0.0016758944660981755,2.535069300797605,0.8442198224081177
6,14,52,5,0,13,0.0019447845789187983,2.487155638607284,0.7341795755687902
6,14,52,6,0,13,0.0016179742525988946,2.5921140389845942,0.712291500543561
6,14,52,7,0,13,0.0014405173157937558,2.5875030215252064,0.7683137534072383
6,14,52,8,0,13,0.0012936175157366044,2.444030427626842,0.801528239023126
6,14,52,9,0,13,0.0015075356080721217,2.5310202158945483,0.8393983821662074
6,14,52,10,0,13,0.000955063131470171,2.3040042018281457,0.8496287530390043
6,14,52,11,0,13,0.0010107137787390495,2.289426707290915,0.9050634779570701
6,14,52,12,0,13,0.00022244453392691809,2.39349175287132,0.8938099003406129
6,14,53,13,0,66,0.009770188348884955,5.546878197137373,0.7759725808628034
6,14,53,14,0,66,0.008716110928600656,5.564632783016483,0.8623899730705835
6,14,53,15,0,66,0.009513272898131185,5.5582721183716,0.8033993124664065
6,14,53,16,0,66,0.00914057914744456,5.515058224840555,0.7579356649880231
6,14,53,17,0,66,0.007516000864326695,5.568688263102645,0.7458664589304855
6,14,53,18,0,66,0.008368757509542106,5.527366647296814,0.7709337284780142
6,14,53,19,0,66,0.008865117806723995,5.52884894504491,0.8012946271594282
6,14,53,20,0,66,0.006675273222582648,5.533332703971022,0.7788205299492785
6,14,53,21,0,66,0.007513200445059623,5.527936602383994,0.8274279663828158
6,14,53,22,0,66,0.007669861921325405,5.550849878476485,0.8417312224216567
6,14,53,23,0,66,0.005715780112529774,5.512611992279933,0.7830253970712642
6,14,53,24,0,66,0.006215362420375441,5.508203379779294,0.7414899006908727
6,14,53,25,0,66,0.007981866369768897,5.5986463417033345,0.8157665568666251
6,14,53,26,0,66,0.007106292248377777,5.534617820975076,0.7922241355012861
6,14,53,27,0,66,0.006952266177527597,5.521341262808771,0.8056433352113744
6,14,53,28,0,66,0.007153044620720503,5.525581472348694,0.7981124763232872
6,14,53,29,0,66,0.004284117873367827,5.508317940771633,0.8431103466856891
6,14,53,30,0,66,0.005339718950297469,5.539868943309432,0.8264607995003849
6,14,53,31,0,66,0.005880211579310188,5.531948589177358,0.8017392299645978
6,14,53,32,0,66,0.0042182283804687165,5.537434681504636,0.7591170019573688
6,14,53,33,0,66,0.004621041758499922,5.530211215382259,0.7777243308305188
6,14,53,34,0,66,0.004439473699556168,5.54651509921795,0.8069830592005198
6,14,53,35,0,66,0.0036805199607969023,5.5242155266416795,0.7967129115970791
6,14,53,36,0,66,0.004162250636482124,5.5072474797924835,0.7936255395618035
6,14,53,37,0,66,0.004315177000566996,5.5588001258981246,0.8139855515337397
6,14,53,38,0,66,0.004868384001059312,5.578247989603009,0.866973040230215
6,14,53,39,0,66,0.0037892885501000883,5.540189155472583,0.8069002304203414
6,14,53,40,0,66,0.004084968505371513,5.535029062817337,0.8503326589086724
6,14,53,41,0,66,0.004470433584543999,5.529322490681207,0.8494779506068646
6,14,53,42,0,66,0.003565730021780216,5.535216925638381,0.8528331143094092
6,14,53,43,0,66,0.0037398560910629937,5.504875689034784,0.8502962014608361
6,14,53,44,0,66,0.0031089587811197594,5.49168896618986,0.8380045501630191
6,14,53,45,0,66,0.002728182244627435,5.505203885130721,0.8185389173432602
6,14,53,46,0,66,0.0022285364675994042,5.497892600956863,0.842289998259647
6,14,53,47,0,66,0.0021029461404617283,5.511549900384435,0.9366835919580209
6,14,53,48,0,66,0.0018748928607234038,5.505913496763606,0.8716547181280576
6,14,53,49,0,66,0.002805996885799467,5.5289325342999645,0.8491692799254311
6,14,53,50,0,66,0.0016722028544818633,5.483817202822306,0.899178129251893
6,14,53,51,0,66,0.0015163155853458912,5.526353529993544,0.8192339512523741
6,14,53,52,0,66,0.0016067479127666792,5.4579173697187455,0.9110480562628233
6,14,53,53,0,66,0.0018349771950961556,5.441125373295369,0.8192195877779145
7,12,53,0,0,45,0.007704596049484646,4.650204715100142,
7,12,53,1,0,45,0.009517401742731803,4.643536529544693,0.6151437865374858
7,12,53,2,0,45,0.008599115467305322,4.658421456112706,0.6382756482636702
7,12,53,3,0,45,0.009278859500802138,4.650003486059701,0.737404889240356
7,12,53,4,0,45,0.008090790461770452,4.656027905553901,0.7418331052906277
7,12,53,5,0,45,0.008854014454492484,4.641041635472725,0.7352362343392892
7,12,53,6,0,45,0.00812330094322953,4.641025811873047,0.6554647041730339
7,12,53,7,0,45,0.0077126468130976865,4.604619506059239,0.7711638579006501
7,12,53,8,0,45,0.007435297739215168,4.638191869033583,0.8044792678526232
7,12,53,9,0,45,0.0068502301765932735,4.623455119129568,0.7386547419303643
7,12,53,10,0,45,0.005989335278733734,4.628295575382463,0.7187768480746828
7,12,53,11,0,45,0.006840557620413175,4.608626647717065,0.714158373871343
7,12,53,12,0,45,0.006755298613104723,4.569767064775584,0.7402914364245623
7,12,53,13,0,45,0.006558596999537411,4.603504258921547,0.7947802922225361
7,12,53,14,0,45,0.005336543485512612,4.611051688964724,0.8247556022715608
7,12,53,15,0,45,0.005817828144914397,4.620904416166966,0.7689135818711537
7,12,53,16,0,45,0.005817488446298453,4.590920218634762,0.8111214322401957
7,12,53,17,0,45,0.005774386746360915,4.602809510116782,0.7458398533786563
7,12,53,18,0,45,0.005624150363456893,4.583376236814056,0.7784138030276019
7,12,53,19,0,45,0.005611374894424909,4.618617034838274,0.7377332239153573
7,12,53,20,0,45,0.004083882380442661,4.632770682538322,0.7741871932762897
7,12,53,21,0,45,0.0036510144194894464,4.557687784731082,0.7928338119691871
7,12,53,22,0,45,0.003992545128203215,4.581428975665336,0.7673680539258325
7,12,53,23,0,45,0.003722177583469581,4.52375729074151,0.7980276042589883
7,12,53,24,0,45,0.00362329684624806,4.5587817011691705,0.7827651462817694
7,12,53,25,0,45,0.005002650514349536,4.653017960403013,0.7867214279525099
7,12,53,26,0,45,0.003280086162609567,4.570611365224363,0.7957151224476806
7,12,53,27,0,45,0.0030281899400710216,4.524375260666026,0.8349272656325016
7,12,53,28,0,45,0.002369964191323798,4.501795879522668,0.852604217600723
7,12,53,29,0,45,0.002202770605397804,4.518087778458504,0.8283867932563117
7,12,53,30,0,45,0.003056618966890437,4.5667843831692165,0.8322693872115479
7,12,53,31,0,45,0.0024878242494298253,4.5143660745097085,0.8617000427538541
7,12,53,32,0,45,0.0024559189837481035,4.579984054390301,0.803796591973562
7,12,53,33,0,45,0.0024411285093009338,4.544279358576363,0.837986964656199
7,12,53,34,0,45,0.0023549451349659735,4.586932871458839,0.8578517539480803
7,12,53,35,0,45,0.001690673743077519,4.511300568032306,0.8236608564724932
7,12,53,36,0,45,0.001881047433732836,4.384212124598008,0.8113675757620245
7,12,53,37,0,45,0.0017907878809530656,4.467515254584972,0.8422916237340605
7,12,53,38,0,45,0.0011050670816026057,4.431890766773466,0.809289654357437
7,12,53,39,0,45,0.00112929569637991,4.492543837108496,0.8610929835421051
7,12,53,40,0,45,0.0009163490083045206,4.473010989354229,0.864277862846923
7,12,53,41,0,45,0.0007025289748358827,4.151569706956152,0.8318521112977162
7,12,53,42,0,45,0.00021789122526587668,4.3896122393532115,0.8725469797095267
7,12,53,43,0,45,0.0002992985784420093,4.342284464517615,0.8905951632408697
7,12,53,44,0,45,0.00019187187910577782,4.221569232223205,0.8731927423852772
7,12,54,45,0,99,0.007459601676370422,6.8321660671068605,0.8368582759561617
7,12,54,46,0,99,0.006493895013216523,6.864169500767876,0.8702859729980396
7,12,54,47,0,99,0.007208340595296512,6.852057102559746,0.8613286051098559
7,12,54,48,0,99,0.006362114177417864,6.8543724973631255,0.8046490680021323
7,12,54,49,0,99,0.007391112071103939,6.87823506045564,0.8789619884983401
7,12,54,50,0,99,0.004994875974344802,6.864004501896775,0.9092300749438822
7,12,54,51,0,99,0.007612035422419838,6.860692684109072,0.86468567745802
7,12,54,52,0,99,0.004644754469235642,6.883587920696633,0.9177482776718461
7,12,54,53,0,99,0.006156279665328282,6.840869052444323,0.8973272130170883
7,12,54,54,0,99,0.005887082337885293,6.873074454365312,0.8918715365766927
